drug_id,target_id,label,prediction
D0060,T0031,0,0.4228233098983764
D0028,T0311,0,0.32707279920578
D0027,T0365,0,0.3460698425769806
D0010,T0159,0,0.3423002362251282
D0051,T0328,0,0.3606589734554291
D0014,T0189,0,0.3482074737548828
D0039,T0197,0,0.395803689956665
D0057,T0338,0,0.4410859644412994
D0012,T0207,0,0.378358781337738
D0055,T0377,0,0.3636704385280609
D0055,T0168,0,0.3585662245750427
D0037,T0095,0,0.34888356924057
D0067,T0277,0,0.3452618420124054
D0049,T0143,0,0.3632640540599823
D0021,T0364,0,0.3450307846069336
D0059,T0037,0,0.3498062789440155
D0059,T0184,0,0.3604105114936828
D0000,T0250,0,0.3811541497707367
D0016,T0231,0,0.3765636086463928
D0039,T0280,0,0.3452032208442688
D0032,T0240,0,0.3502205312252044
D0003,T0101,0,0.3920328021049499
D0035,T0217,0,0.3251003921031952
D0012,T0350,0,0.3234406113624573
D0030,T0314,0,0.3235028982162475
D0040,T0405,0,0.3632639646530151
D0032,T0159,1,0.8324903249740601
D0060,T0250,0,0.3760594725608825
D0048,T0164,0,0.3428045809268951
D0063,T0432,0,0.3462353050708771
D0028,T0351,0,0.3527904748916626
D0027,T0236,0,0.3425632417201996
D0026,T0387,0,0.3405305445194244
D0011,T0009,0,0.3655093610286712
D0053,T0296,0,0.3757907450199127
D0057,T0211,0,0.3587010204792022
D0018,T0176,0,0.3474218547344208
D0059,T0399,0,0.3613346219062805
D0051,T0294,0,0.3859754502773285
D0004,T0433,0,0.3624815046787262
D0047,T0282,0,0.3793869912624359
D0027,T0129,0,0.3733619451522827
D0061,T0253,0,0.33185875415802
D0011,T0093,0,0.3812064826488495
D0047,T0080,0,0.4349562525749206
D0043,T0378,0,0.3670219779014587
D0052,T0368,0,0.454870730638504
D0046,T0171,0,0.3368857800960541
D0035,T0119,0,0.3415330052375793
D0042,T0090,0,0.3853431642055511
D0048,T0080,0,0.3951942026615143
D0048,T0372,0,0.3826386630535126
D0024,T0269,0,0.3673291802406311
D0026,T0299,0,0.326311856508255
D0041,T0405,0,0.3617916405200958
D0016,T0396,0,0.7957801818847656
D0035,T0072,0,0.3520924746990204
D0033,T0262,0,0.3440993428230285
D0041,T0061,0,0.3667598664760589
D0040,T0074,0,0.3546243011951446
D0044,T0377,0,0.3666500747203827
D0049,T0358,0,0.3464914560317993
D0054,T0269,0,0.3335040807723999
D0052,T0008,0,0.4158401191234588
D0000,T0430,0,0.357270210981369
D0064,T0203,0,0.3416610956192016
D0007,T0204,0,0.367212563753128
D0003,T0229,0,0.336888700723648
D0044,T0180,0,0.3483708798885345
D0055,T0126,0,0.3888264298439026
D0062,T0427,0,0.3762968480587005
D0050,T0302,0,0.3880296349525451
D0060,T0130,0,0.3407057821750641
D0001,T0291,0,0.3541222512722015
D0063,T0182,0,0.3794558644294739
D0022,T0012,0,0.8521610498428345
D0006,T0308,0,0.3275858759880066
D0040,T0369,0,0.3512099683284759
D0057,T0406,0,0.3535501360893249
D0057,T0321,0,0.3449735343456268
D0024,T0007,0,0.4567091464996338
D0033,T0178,0,0.3388757705688476
D0027,T0235,0,0.3579245805740356
D0034,T0091,0,0.3616572320461273
D0051,T0284,0,0.3792985081672668
D0049,T0205,0,0.3527313768863678
D0056,T0238,1,0.8794696927070618
D0039,T0259,0,0.3369927704334259
D0028,T0426,0,0.3773933947086334
D0001,T0182,0,0.3524589538574219
D0048,T0279,0,0.3612965941429138
D0059,T0331,0,0.3311513364315033
D0064,T0312,0,0.3202213943004608
D0060,T0219,0,0.3869608342647552
D0010,T0269,0,0.3265291750431061
D0045,T0430,1,0.8218139410018921
D0046,T0247,0,0.3233341574668884
D0047,T0174,0,0.4171265661716461
D0047,T0175,0,0.480024516582489
D0052,T0342,0,0.3583895564079284
D0008,T0137,0,0.336281418800354
D0017,T0025,0,0.3177565932273865
D0016,T0345,0,0.3321804404258728
D0045,T0382,0,0.3499437570571899
D0041,T0078,0,0.3899019658565521
D0052,T0021,0,0.3525875508785248
D0052,T0169,0,0.3687068819999695
D0005,T0437,0,0.3644324541091919
D0008,T0171,0,0.3498623967170715
D0036,T0231,0,0.385785162448883
D0000,T0279,0,0.3532578647136688
D0030,T0260,0,0.4384499192237854
D0060,T0191,0,0.3879753649234772
D0056,T0253,1,0.9968811273574828
D0049,T0299,0,0.3789389133453369
D0029,T0150,0,0.3659853339195251
D0034,T0388,0,0.3917190432548523
D0011,T0112,0,0.3290285468101501
D0061,T0410,0,0.3857649564743042
D0058,T0366,0,0.5544741749763489
D0000,T0210,0,0.3575064837932586
D0007,T0136,0,0.361499160528183
D0030,T0323,0,0.3819959461688995
D0007,T0300,0,0.4072784185409546
D0039,T0388,0,0.3645230233669281
D0062,T0207,0,0.3666276633739471
D0004,T0213,0,0.3856279850006103
D0029,T0337,0,0.3772424459457397
D0053,T0301,0,0.3759907484054565
D0051,T0362,0,0.3846503794193268
D0055,T0072,0,0.3674425780773163
D0046,T0165,0,0.3440162241458893
D0047,T0258,0,0.4784261286258697
D0058,T0372,0,0.5136058330535889
D0029,T0434,0,0.34662726521492
D0011,T0286,0,0.3541494607925415
D0053,T0013,0,0.4784753024578094
D0003,T0334,0,0.4405708312988281
D0032,T0299,0,0.3568970561027527
D0023,T0037,0,0.3501611948013305
D0015,T0112,0,0.3170050978660583
D0051,T0157,0,0.3546901345252991
D0018,T0339,0,0.3255104124546051
D0017,T0370,0,0.3397146463394165
D0023,T0173,0,0.3698629140853882
D0018,T0408,0,0.3469523787498474
D0002,T0238,0,0.369324654340744
D0038,T0317,0,0.3410384356975555
D0063,T0129,0,0.3768477439880371
D0029,T0084,0,0.4112560153007507
D0011,T0234,0,0.371214896440506
D0053,T0371,0,0.3857054114341736
D0036,T0218,0,0.3565889298915863
D0034,T0016,0,0.3754127323627472
D0044,T0436,0,0.364653468132019
D0004,T0440,0,0.40790456533432
D0044,T0206,0,0.3799742460250854
D0032,T0330,0,0.3451181948184967
D0007,T0171,0,0.3769989311695099
D0000,T0096,0,0.3808201253414154
D0032,T0399,0,0.3537063598632812
D0002,T0343,0,0.3185804188251495
D0024,T0173,0,0.3673481345176697
D0021,T0171,0,0.3385674357414245
D0062,T0315,0,0.346238225698471
D0063,T0193,0,0.3775130808353424
D0022,T0332,0,0.3557429015636444
D0024,T0216,0,0.3712266087532043
D0049,T0095,0,0.3747916519641876
D0006,T0393,0,0.3710054755210876
D0062,T0182,0,0.3975656032562256
D0024,T0065,0,0.3813744187355041
D0019,T0327,0,0.3494990170001983
D0022,T0189,0,0.4022190570831299
D0063,T0074,0,0.4000605344772339
D0029,T0082,0,0.3698699176311493
D0039,T0345,0,0.3452485203742981
D0034,T0303,0,0.401700496673584
D0003,T0004,0,0.41853067278862
D0046,T0013,0,0.3835490047931671
D0052,T0361,0,0.3541110754013061
D0036,T0278,0,0.3740406334400177
D0058,T0152,0,0.3420378267765045
D0035,T0112,0,0.3415330052375793
D0030,T0030,0,0.3977379202842712
D0022,T0280,0,0.4287060499191284
D0013,T0399,0,0.3486324846744537
D0036,T0417,0,0.3497541844844818
D0047,T0262,0,0.4517726302146911
D0006,T0190,0,0.3645208775997162
D0044,T0225,0,0.376436710357666
D0027,T0373,0,0.3497055470943451
D0046,T0233,0,0.3867655098438263
D0066,T0352,0,0.3616108000278473
D0035,T0154,0,0.3415799438953399
D0064,T0017,0,0.3292344212532043
D0012,T0402,0,0.3503124415874481
D0016,T0356,0,0.3447681069374084
D0004,T0273,0,0.4356609880924225
D0047,T0064,0,0.4080372750759125
D0015,T0258,0,0.3343376517295837
D0011,T0356,0,0.3745214343070984
D0039,T0261,0,0.337764024734497
D0025,T0022,0,0.3240887224674225
D0024,T0260,0,0.3537687957286834
D0050,T0110,0,0.3414675891399383
D0046,T0081,0,0.3244764506816864
D0020,T0005,0,0.3870478868484497
D0037,T0314,0,0.326900452375412
D0020,T0055,0,0.3894777297973633
D0049,T0364,0,0.373550534248352
D0032,T0363,0,0.3719797730445862
D0036,T0259,0,0.3265185058116913
D0034,T0252,0,0.3907347619533539
D0031,T0022,0,0.3687411546707153
D0050,T0009,0,0.3795132637023926
D0063,T0354,0,0.3291828334331512
D0043,T0010,0,0.3708453476428985
D0000,T0217,0,0.3435584008693695
D0006,T0412,0,0.3432722091674804
D0040,T0207,0,0.9366820454597472
D0016,T0263,0,0.3377326726913452
D0012,T0110,0,0.3450692892074585
D0033,T0319,0,0.3232417702674866
D0033,T0343,0,0.3218739330768585
D0021,T0093,0,0.3548165261745453
D0049,T0321,0,0.361601173877716
D0052,T0282,0,0.4298137128353119
D0009,T0295,0,0.3560485541820526
D0055,T0068,0,0.3739300668239593
D0044,T0278,0,0.3717339634895324
D0055,T0149,0,0.3579622209072113
D0057,T0176,0,0.3693463802337646
D0018,T0078,0,0.3682070970535278
D0055,T0366,0,0.3420184254646301
D0007,T0099,0,0.3923693895339966
D0048,T0393,0,0.3709180951118469
D0057,T0076,0,0.458823561668396
D0015,T0003,0,0.4267975091934204
D0041,T0193,0,0.4154061079025268
D0030,T0003,0,0.4083519876003265
D0016,T0403,0,0.3652691543102264
D0043,T0344,0,0.3566049039363861
D0049,T0303,0,0.3599433600902557
D0046,T0098,0,0.3719462156295776
D0039,T0091,0,0.3513046503067016
D0037,T0004,0,0.4137380123138428
D0010,T0055,0,0.3372669816017151
D0045,T0346,0,0.3495067059993744
D0046,T0225,0,0.4100100994110107
D0065,T0188,0,0.3538023233413696
D0023,T0374,0,0.3740040063858032
D0058,T0288,0,0.5800928473472595
D0005,T0132,0,0.347014456987381
D0029,T0160,1,0.4517937004566192
D0042,T0016,0,0.3610067367553711
D0048,T0300,0,0.3678644299507141
D0043,T0131,0,0.3505331873893738
D0030,T0356,0,0.3355101644992828
D0032,T0317,0,0.3292111158370971
D0059,T0366,0,0.3466436862945556
D0046,T0031,0,0.3639835119247436
D0034,T0384,0,0.3680834770202636
D0035,T0293,0,0.338736355304718
D0026,T0134,0,0.3341124355792999
D0046,T0200,0,0.4257920384407043
D0022,T0068,0,0.3812697827816009
D0062,T0179,0,0.3714861273765564
D0056,T0091,0,0.4040020108222961
D0007,T0316,0,0.3478403985500335
D0050,T0178,0,0.3560637533664703
D0059,T0414,0,0.3332627117633819
D0057,T0093,0,0.3870843052864074
D0002,T0208,0,0.3400446772575378
D0017,T0057,0,0.342614084482193
D0011,T0360,0,0.3573273420333862
D0066,T0437,0,0.5185012817382812
D0001,T0179,0,0.362500786781311
D0004,T0069,0,0.3949034214019775
D0030,T0334,0,0.3490081131458282
D0028,T0178,0,0.3490558266639709
D0034,T0268,0,0.381161630153656
D0056,T0026,0,0.5960466265678406
D0026,T0129,0,0.3319140672683716
D0017,T0151,0,0.3424702882766723
D0063,T0127,0,0.3751023709774017
D0065,T0090,0,0.3516871035099029
D0065,T0101,0,0.3846345543861389
D0067,T0072,0,0.3662108480930328
D0027,T0185,0,0.3477958142757416
D0022,T0118,0,0.3556204438209533
D0036,T0031,0,0.3725129663944244
D0023,T0075,0,0.3703336417675018
D0029,T0041,0,0.3641040623188019
D0031,T0120,1,0.4258945286273956
D0065,T0004,0,0.8882794976234436
D0026,T0123,0,0.9863414168357848
D0003,T0290,0,0.3725582361221313
D0049,T0083,0,0.4015457034111023
D0030,T0198,0,0.3665830492973327
D0029,T0222,0,0.3690761029720306
D0039,T0073,0,0.3673267066478729
D0059,T0263,0,0.9573050141334534
D0007,T0002,0,0.4270529448986053
D0024,T0381,0,0.3652094900608063
D0067,T0056,0,0.3553904592990875
D0005,T0323,0,0.350147008895874
D0020,T0231,0,0.3996250331401825
D0026,T0007,0,0.3366808891296386
D0033,T0017,0,0.3301881849765777
D0025,T0352,0,0.3309606909751892
D0042,T0211,0,0.365427017211914
D0040,T0316,0,0.2898929119110107
D0062,T0393,0,0.3964468538761139
D0014,T0056,0,0.3590529263019562
D0059,T0052,0,0.3679323196411133
D0053,T0221,0,0.3729701638221741
D0019,T0434,0,0.3401325643062591
D0011,T0123,0,0.3290285468101501
D0007,T0152,0,0.3789612650871277
D0057,T0402,0,0.3755543828010559
D0018,T0285,1,0.3868386149406433
D0007,T0414,0,0.3631156086921692
D0023,T0116,0,0.3482677340507507
D0014,T0146,0,0.3623984754085541
D0013,T0183,0,0.3565423190593719
D0036,T0135,0,0.3649159669876098
D0042,T0224,0,0.3561195433139801
D0012,T0428,0,0.3499149084091186
D0024,T0309,0,0.3354761600494385
D0023,T0027,0,0.3640991747379303
D0033,T0228,0,0.373229056596756
D0005,T0056,0,0.3881796002388
D0021,T0151,0,0.3364214897155761
D0041,T0408,0,0.3624960482120514
D0052,T0389,0,0.3756289482116699
D0014,T0028,0,0.3617115318775177
D0019,T0437,0,0.3814779222011566
D0051,T0338,0,0.3944823741912842
D0064,T0033,0,0.3490245640277862
D0064,T0152,0,0.3496148288249969
D0018,T0143,0,0.3660715222358703
D0017,T0366,0,0.311842530965805
D0032,T0324,0,0.340729147195816
D0063,T0189,0,0.3810843229293823
D0059,T0015,0,0.3613406419754028
D0051,T0021,0,0.3620244562625885
D0048,T0247,0,0.3628070652484894
D0009,T0115,0,0.3264789879322052
D0027,T0283,0,0.3284746706485748
D0002,T0012,1,0.9600576162338256
D0040,T0238,0,0.376097708940506
D0017,T0241,1,0.4481133222579956
D0042,T0302,0,0.3949607312679291
D0032,T0167,0,0.3593077063560486
D0006,T0224,0,0.3663976788520813
D0057,T0147,0,0.3565229475498199
D0033,T0327,0,0.3446859121322632
D0007,T0375,0,0.3865748047828674
D0008,T0103,0,0.3556597530841827
D0020,T0070,0,0.403922975063324
D0065,T0291,0,0.3534584939479828
D0007,T0379,0,0.3852804899215698
D0059,T0416,0,0.3665182888507843
D0028,T0360,0,0.3453024923801422
D0065,T0349,0,0.3618904948234558
D0013,T0382,0,0.3621003925800323
D0030,T0377,0,0.3803965449333191
D0032,T0080,0,0.3591673076152801
D0052,T0224,0,0.372098445892334
D0016,T0431,0,0.3521290719509125
D0010,T0252,0,0.3653419017791748
D0001,T0074,0,0.3840961158275604
D0033,T0033,0,0.3405330181121826
D0019,T0436,0,0.3411778509616852
D0015,T0130,0,0.3354544639587402
D0050,T0146,0,0.367327868938446
D0065,T0355,0,0.3491660058498382
D0019,T0204,1,0.470773845911026
D0028,T0155,0,0.3565938472747803
D0002,T0112,0,0.351614385843277
D0050,T0189,0,0.3737308979034424
D0011,T0180,0,0.3327358067035675
D0061,T0308,0,0.3365493416786194
D0021,T0325,0,0.3287592232227325
D0010,T0099,0,0.3454474806785583
D0061,T0407,0,0.3338721096515655
D0005,T0266,0,0.3738962113857269
D0065,T0293,0,0.3519566357135772
D0024,T0012,0,0.4567091464996338
D0056,T0056,1,0.8742800951004028
D0050,T0168,1,0.358379453420639
D0032,T0350,0,0.3358742892742157
D0047,T0010,0,0.4149795770645141
D0032,T0132,0,0.3770426213741302
D0023,T0032,0,0.372344970703125
D0033,T0427,0,0.3472689986228943
D0022,T0359,0,0.4003463387489319
D0049,T0022,0,0.348945677280426
D0026,T0286,0,0.3735831081867218
D0010,T0397,0,0.3360424041748047
D0029,T0394,1,0.3654985725879669
D0021,T0279,0,0.3282307386398315
D0054,T0415,0,0.3695812225341797
D0031,T0248,1,0.6959032416343689
D0017,T0114,0,0.3421773612499237
D0008,T0161,0,0.3477030396461487
D0010,T0225,0,0.3906845450401306
D0029,T0140,0,0.3511945009231567
D0010,T0221,0,0.3264036476612091
D0058,T0340,0,0.4003444612026214
D0043,T0431,0,0.3463994860649109
D0028,T0001,0,0.4107899963855743
D0046,T0260,0,0.3640554547309875
D0003,T0384,0,0.3500257432460785
D0051,T0440,0,0.376542180776596
D0024,T0272,0,0.3689011633396148
D0020,T0244,0,0.3755627274513244
D0019,T0425,0,0.3688799142837524
D0004,T0047,0,0.38270103931427
D0019,T0041,0,0.3562071919441223
D0045,T0310,0,0.3123603165149688
D0051,T0087,0,0.3576232492923736
D0059,T0290,0,0.3602644801139831
D0039,T0287,0,0.3836807906627655
D0031,T0089,0,0.3933510780334472
D0030,T0125,0,0.3556052446365356
D0036,T0173,0,0.3746801018714905
D0055,T0313,0,0.3175947070121765
D0005,T0071,0,0.4045085608959198
D0040,T0260,0,0.3900300860404968
D0051,T0287,0,0.370486170053482
D0020,T0117,0,0.3501192927360534
D0049,T0427,0,0.3568280935287475
D0038,T0020,0,0.3209538161754608
D0014,T0340,0,0.3224434554576874
D0037,T0153,0,0.3630059063434601
D0041,T0172,0,0.3802994191646576
D0057,T0059,0,0.4172780811786651
D0042,T0366,0,0.3532170355319977
D0059,T0347,0,0.3375638723373413
D0001,T0305,0,0.3692942857742309
D0052,T0260,0,0.3663805425167084
D0020,T0089,0,0.3832286894321441
D0027,T0077,0,0.3604739904403686
D0052,T0069,0,0.4789082109928131
D0056,T0424,0,0.4406958222389221
D0064,T0153,0,0.3460409939289093
D0062,T0218,0,0.3835169970989227
D0040,T0234,0,0.3721990883350372
D0006,T0322,0,0.3675301373004913
D0053,T0204,1,0.934187114238739
D0059,T0434,0,0.3423592448234558
D0054,T0178,0,0.3367659449577331
D0037,T0357,0,0.981963276863098
D0005,T0354,0,0.3296672999858856
D0045,T0349,0,0.35954150557518
D0012,T0257,0,0.3433623909950256
D0040,T0434,0,0.3178244829177856
D0052,T0423,0,0.3767503201961517
D0064,T0406,0,0.3658494651317596
D0000,T0216,0,0.3576104342937469
D0058,T0209,0,0.4528567492961883
D0045,T0172,0,0.3485503196716308
D0054,T0327,0,0.3289363086223602
D0026,T0209,0,0.3387093245983124
D0054,T0256,0,0.3396477103233337
D0027,T0420,0,0.321577787399292
D0037,T0209,0,0.3518475890159607
D0016,T0019,0,0.3319149613380432
D0018,T0135,0,0.3546320497989654
D0030,T0427,0,0.3710628151893616
D0002,T0254,0,0.3333927392959595
D0052,T0390,0,0.3840662837028503
D0039,T0123,0,0.3346966505050659
D0016,T0032,0,0.3569118678569793
D0034,T0372,0,0.3814021944999695
D0043,T0107,0,0.3969254493713379
D0004,T0153,0,0.4133661389350891
D0011,T0028,0,0.3560302555561065
D0048,T0187,0,0.3494926691055298
D0061,T0368,0,0.3609363138675689
D0013,T0254,0,0.35895636677742
D0044,T0189,0,0.3941148221492767
D0040,T0131,0,0.6492370963096619
D0008,T0056,0,0.3429720103740692
D0001,T0320,0,0.346474289894104
D0053,T0206,1,0.934187114238739
D0009,T0373,0,0.3639782667160034
D0010,T0282,0,0.3367177546024322
D0038,T0264,0,0.3759721219539642
D0063,T0328,0,0.3331875801086426
D0046,T0426,0,0.3412190675735473
D0018,T0054,0,0.3647834658622741
D0028,T0081,0,0.3450485169887543
D0011,T0324,0,0.3757953345775604
D0045,T0403,0,0.3394677937030792
D0055,T0215,0,0.3688376843929291
D0015,T0238,0,0.3461472392082214
D0055,T0404,0,0.3537108600139618
D0020,T0198,0,0.409332126379013
D0023,T0353,0,0.3634717464447021
D0045,T0415,0,0.3409304618835449
D0010,T0081,0,0.3252836763858795
D0037,T0008,0,0.4137380123138428
D0041,T0298,0,0.3394377529621124
D0065,T0140,0,0.4613045752048492
D0031,T0125,0,0.3676187992095947
D0040,T0155,0,0.3594040274620056
D0019,T0421,0,0.3754160702228546
D0026,T0135,0,0.3320043683052063
D0047,T0402,0,0.3775810301303863
D0023,T0124,0,0.3761622011661529
D0039,T0441,0,0.3523781597614288
D0007,T0289,0,0.3598238527774811
D0011,T0359,0,0.3572481870651245
D0023,T0023,0,0.3598613440990448
D0053,T0097,0,0.4083645045757293
D0006,T0024,0,0.3496880531311035
D0056,T0079,0,0.6812168955802917
D0010,T0185,0,0.356237918138504
D0065,T0167,0,0.4530380368232727
D0046,T0410,0,0.375763326883316
D0018,T0092,0,0.3509882390499115
D0034,T0290,0,0.3540232181549072
D0040,T0087,0,0.3326049745082855
D0020,T0288,0,0.3878768384456634
D0034,T0395,0,0.3905046582221985
D0035,T0184,0,0.3539331555366516
D0035,T0100,0,0.3628424406051636
D0015,T0032,0,0.3575673103332519
D0053,T0406,0,0.3630167245864868
D0035,T0068,0,0.3456521332263946
D0025,T0259,0,0.3172393441200256
D0055,T0008,0,0.4479079246520996
D0021,T0102,0,0.3472173810005188
D0035,T0331,0,0.3348329663276672
D0024,T0175,0,0.3627417683601379
D0044,T0130,0,0.337212324142456
D0023,T0408,0,0.3571842312812805
D0000,T0428,0,0.3503598272800445
D0003,T0080,0,0.3412416577339172
D0048,T0386,0,0.3688810765743255
D0010,T0300,0,0.41553995013237
D0001,T0063,0,0.3705320358276367
D0061,T0295,0,0.3560536503791809
D0006,T0379,0,0.3690336048603058
D0058,T0120,1,0.4228891134262085
D0001,T0096,0,0.3671660721302032
D0062,T0318,0,0.3514710962772369
D0020,T0386,0,0.3783475756645202
D0054,T0362,0,0.3544512093067169
D0012,T0101,0,0.3718668222427368
D0054,T0018,0,0.3375966250896454
D0035,T0186,0,0.323700875043869
D0037,T0289,0,0.3592372834682464
D0036,T0128,0,0.3670444190502167
D0045,T0294,0,0.3450547456741333
D0049,T0392,0,0.3745906949043274
D0056,T0336,0,0.4122969210147857
D0037,T0441,0,0.3532111346721649
D0016,T0130,0,0.3811964094638824
D0033,T0393,0,0.3624124228954315
D0027,T0370,0,0.3520942628383636
D0001,T0379,0,0.3615595400333404
D0016,T0281,0,0.3956621885299682
D0056,T0313,0,0.3622443974018097
D0052,T0412,0,0.3453882038593292
D0053,T0109,0,0.3550004363059997
D0023,T0199,0,0.378762423992157
D0040,T0108,0,0.3697917759418487
D0024,T0291,1,0.3840050101280212
D0065,T0354,0,0.3108403086662292
D0054,T0366,0,0.3374547958374023
D0031,T0343,0,0.7631279826164246
D0004,T0361,0,0.3652983605861664
D0025,T0212,0,0.3503530919551849
D0031,T0098,0,0.4316262900829315
D0035,T0105,0,0.3410399854183197
D0057,T0130,0,0.374168187379837
D0035,T0267,0,0.381564199924469
D0059,T0028,0,0.3741330504417419
D0028,T0407,0,0.3612493276596069
D0010,T0239,0,0.3515311777591705
D0007,T0292,0,0.3817186653614044
D0049,T0270,0,0.3609804213047027
D0003,T0086,0,0.3720521628856659
D0029,T0268,0,0.35478675365448
D0029,T0426,0,0.3715697526931762
D0061,T0087,0,0.3564409613609314
D0050,T0130,0,0.3586816489696502
D0037,T0083,0,0.3673880398273468
D0048,T0174,0,0.3921898603439331
D0017,T0049,1,0.4127551615238189
D0029,T0235,0,0.3892619609832763
D0008,T0256,0,0.3458984494209289
D0010,T0423,0,0.7223701477050781
D0057,T0218,0,0.4005260467529297
D0017,T0065,0,0.3407098352909088
D0018,T0385,0,0.3665328323841095
D0045,T0070,0,0.3398613035678863
D0048,T0175,0,0.3613520264625549
D0065,T0083,0,0.3395620882511139
D0005,T0298,0,0.3536185324192047
D0019,T0359,0,0.3595158457756042
D0031,T0415,1,0.4148358702659607
D0011,T0336,0,0.3664755523204803
D0002,T0362,0,0.48316290974617
D0008,T0042,0,0.3385185599327087
D0002,T0194,0,0.3607833981513977
D0009,T0203,0,0.38329017162323
D0042,T0231,0,0.374894380569458
D0065,T0120,0,0.99254709482193
D0037,T0219,0,0.3834384381771087
D0059,T0010,0,0.3613406419754028
D0064,T0160,0,0.3308548033237457
D0001,T0137,0,0.3521695137023926
D0020,T0208,0,0.3974364995956421
D0016,T0373,0,0.3584818840026855
D0061,T0420,0,0.3383833765983581
D0054,T0008,0,0.381459891796112
D0037,T0246,0,0.3198198676109314
D0028,T0111,0,0.3407559692859649
D0036,T0062,0,0.3634535670280456
D0003,T0358,0,0.3509092032909393
D0060,T0086,0,0.3732335269451141
D0042,T0074,0,0.3828102946281433
D0027,T0233,0,0.3677681982517242
D0045,T0422,0,0.342579036951065
D0061,T0307,0,0.3406867384910583
D0058,T0270,0,0.3911773860454559
D0044,T0075,0,0.3674794733524322
D0052,T0082,0,0.3573639392852783
D0047,T0334,0,0.4012899994850158
D0005,T0019,0,0.3201926350593567
D0065,T0141,0,0.3748639225959778
D0042,T0278,0,0.3430614769458771
D0049,T0045,0,0.3457722663879394
D0038,T0440,0,0.3385225236415863
D0025,T0338,0,0.4123625755310058
D0009,T0102,0,0.3405415117740631
D0058,T0082,0,0.3942365646362304
D0054,T0224,0,0.335798054933548
D0024,T0430,0,0.3584841787815094
D0051,T0115,0,0.3312729001045227
D0064,T0044,0,0.3178083002567291
D0048,T0435,0,0.3771767616271972
D0037,T0059,0,0.3786238729953766
D0018,T0361,0,0.3488841950893402
D0059,T0005,0,0.3613406419754028
D0060,T0048,0,0.3933165371417999
D0024,T0403,0,0.3888238072395324
D0006,T0291,0,0.3809459507465362
D0020,T0138,0,0.3431051075458526
D0044,T0269,0,0.3591733276844024
D0038,T0323,0,0.3535300195217132
D0056,T0072,0,0.4250354170799255
D0011,T0119,0,0.3290285468101501
D0028,T0400,1,0.3719157576560974
D0023,T0150,0,0.352302610874176
D0020,T0160,0,0.3489223718643188
D0059,T0259,0,0.3269170522689819
D0013,T0341,0,0.3357711434364319
D0062,T0058,0,0.3821363747119903
D0008,T0107,0,0.3686107099056244
D0024,T0251,0,0.3959459960460663
D0033,T0016,0,0.3620485365390777
D0065,T0037,0,0.3575636744499206
D0034,T0307,0,0.3488061726093292
D0051,T0388,0,0.3772118687629699
D0024,T0204,0,0.3467119932174682
D0048,T0137,0,0.3429648280143738
D0064,T0123,0,0.3319477140903473
D0010,T0219,0,0.3249978423118591
D0009,T0147,0,0.3332070410251617
D0054,T0204,0,0.3669326603412628
D0032,T0344,0,0.3471385836601257
D0017,T0287,0,0.3617221713066101
D0018,T0091,0,0.3509479165077209
D0050,T0330,0,0.336054265499115
D0027,T0195,0,0.3482703268527984
D0060,T0425,0,0.4291993081569671
D0013,T0095,0,0.3537781834602356
D0027,T0063,0,0.3573596179485321
D0006,T0371,0,0.369126945734024
D0009,T0059,0,0.3814771473407745
D0008,T0263,0,0.3165410161018371
D0018,T0376,0,0.3545072376728058
D0016,T0433,0,0.3465112745761871
D0046,T0228,0,0.3816512525081634
D0061,T0359,0,0.3489672839641571
D0021,T0136,0,0.3301959931850433
D0022,T0363,1,0.3737202882766723
D0046,T0430,0,0.341614156961441
D0055,T0351,0,0.3760312795639038
D0003,T0177,0,0.4103505313396454
D0022,T0315,0,0.3326384127140045
D0008,T0170,0,0.3432682454586029
D0054,T0275,0,0.3408749401569366
D0050,T0276,0,0.3537680804729461
D0049,T0058,0,0.3727843463420868
D0022,T0297,1,0.995890498161316
D0009,T0200,1,0.38329017162323
D0061,T0023,0,0.3303356170654297
D0033,T0333,0,0.3287409842014313
D0065,T0018,0,0.3365373015403747
D0067,T0267,0,0.3798597157001495
D0055,T0164,1,0.873519241809845
D0015,T0087,0,0.3564013242721557
D0006,T0362,0,0.380125492811203
D0037,T0428,0,0.3584611117839813
D0009,T0137,0,0.3364247977733612
D0066,T0085,0,0.3877609670162201
D0057,T0013,0,0.4438989460468292
D0011,T0259,0,0.3397556245326996
D0051,T0359,0,0.3561471104621887
D0021,T0181,0,0.3435885608196258
D0039,T0231,0,0.3612220883369446
D0007,T0304,0,0.3821789622306824
D0022,T0428,0,0.3707116544246673
D0035,T0038,0,0.365084707736969
D0010,T0319,0,0.3289288282394409
D0007,T0188,0,0.3762625455856323
D0005,T0308,0,0.3887756764888763
D0016,T0229,0,0.3239802718162536
D0058,T0099,1,0.615598201751709
D0054,T0367,0,0.3317974805831909
D0032,T0160,1,0.8324903249740601
D0016,T0183,0,0.3633868992328644
D0035,T0103,1,0.5667966604232788
D0032,T0217,0,0.3364757299423218
D0043,T0238,0,0.3560986220836639
D0016,T0366,0,0.3337742686271667
D0001,T0202,0,0.9022277593612672
D0058,T0341,0,0.3987646102905273
D0056,T0155,0,0.3583689928054809
D0065,T0373,0,0.3533888161182403
D0056,T0160,1,0.9963311553001404
D0036,T0057,0,0.3877030611038208
D0035,T0437,0,0.3737990856170654
D0013,T0225,0,0.3402754664421081
D0014,T0252,0,0.3563212156295776
D0052,T0124,0,0.3679880201816559
D0051,T0264,0,0.3671537339687347
D0046,T0297,0,0.3588967323303222
D0008,T0030,0,0.354525625705719
D0064,T0329,0,0.3463946878910064
D0026,T0112,1,0.9863414168357848
D0061,T0049,0,0.3630951344966888
D0019,T0344,0,0.343909740447998
D0028,T0245,0,0.3220991194248199
D0065,T0069,0,0.3704370856285095
D0052,T0370,0,0.3834081888198852
D0051,T0063,0,0.3768615424633026
D0037,T0296,0,0.3690584897994995
D0034,T0161,0,0.3484033644199371
D0039,T0153,0,0.3508446812629699
D0001,T0296,0,0.3685774207115173
D0018,T0354,0,0.3174705505371094
D0034,T0163,0,0.3484033644199371
D0000,T0214,0,0.3627454042434692
D0057,T0220,0,0.3418893814086914
D0060,T0242,0,0.3763142824172973
D0029,T0170,0,0.3675024509429931
D0000,T0173,0,0.369572252035141
D0041,T0045,0,0.3722451031208038
D0044,T0431,0,0.3628408014774322
D0013,T0403,0,0.3602637350559234
D0036,T0223,0,0.3674292862415313
D0058,T0001,0,0.503532350063324
D0022,T0178,0,0.3536920249462127
D0005,T0196,0,0.3859803378582001
D0050,T0437,0,0.3621934652328491
D0043,T0070,0,0.3454927802085876
D0011,T0070,0,0.3450127243995666
D0036,T0019,0,0.3334910273551941
D0057,T0206,1,0.9487528204917908
D0048,T0319,0,0.3680809438228607
D0040,T0441,0,0.3547354638576507
D0041,T0249,0,0.3715394735336303
D0067,T0189,0,0.3601873517036438
D0005,T0173,0,0.4260420203208923
D0014,T0254,0,0.3273093104362488
D0059,T0157,0,0.3504429161548614
D0029,T0036,0,0.4383260309696197
D0014,T0016,0,0.3487734794616699
D0013,T0423,0,0.3641857206821441
D0056,T0319,0,0.3830313086509704
D0028,T0303,0,0.3654043078422546
D0034,T0199,0,0.3911902904510498
D0022,T0275,0,0.3584108054637909
D0045,T0371,0,0.3577523827552795
D0013,T0169,0,0.3792745769023895
D0046,T0012,0,0.3835490047931671
D0062,T0212,0,0.3588255047798157
D0064,T0027,0,0.3340921103954315
D0046,T0051,0,0.3627084493637085
D0042,T0234,0,0.3754023015499115
D0021,T0098,0,0.3515354692935943
D0014,T0234,0,0.3717387914657593
D0017,T0211,0,0.3387606739997864
D0004,T0373,0,0.3794542849063873
D0064,T0170,0,0.3394209742546081
D0063,T0342,0,0.3500082790851593
D0024,T0195,0,0.3901550769805908
D0020,T0304,0,0.3657950162887573
D0007,T0284,0,0.4138142764568329
D0066,T0307,0,0.3335525691509247
D0019,T0371,0,0.3696781396865845
D0003,T0107,0,0.4163298308849334
D0034,T0230,0,0.368904560804367
D0034,T0240,0,0.3554270267486572
D0051,T0397,0,0.3660040497779846
D0020,T0246,0,0.3788428902626037
D0047,T0085,0,0.3743544816970825
D0052,T0366,0,0.3487469851970672
D0007,T0078,0,0.3881922960281372
D0053,T0047,0,0.3929253816604614
D0040,T0400,0,0.3975633680820465
D0056,T0377,0,0.5056841969490051
D0047,T0070,0,0.376427948474884
D0065,T0270,0,0.3329812288284302
D0020,T0120,0,0.3501192927360534
D0003,T0342,0,0.3663063645362854
D0024,T0372,0,0.383806824684143
D0015,T0257,0,0.3595881164073944
D0014,T0414,0,0.3272322118282318
D0051,T0079,0,0.3541960120201111
D0059,T0244,0,0.3316373527050018
D0054,T0186,0,0.3207944929599762
D0020,T0400,0,0.3552684783935547
D0019,T0018,0,0.3630596399307251
D0057,T0259,0,0.3315524458885193
D0035,T0390,0,0.3586428761482239
D0056,T0080,0,0.97995924949646
D0028,T0314,0,0.32707279920578
D0060,T0001,0,0.401725023984909
D0051,T0345,0,0.3551284372806549
D0000,T0034,0,0.3883834183216095
D0023,T0247,0,0.352613627910614
D0040,T0079,0,0.3080819249153137
D0012,T0361,0,0.3370985984802246
D0044,T0056,0,0.3719748258590698
D0065,T0025,0,0.3296481072902679
D0012,T0197,0,0.3895614147186279
D0065,T0427,0,0.3395022749900818
D0024,T0088,0,0.3699423372745514
D0025,T0205,0,0.3663614094257355
D0044,T0378,0,0.3701390027999878
D0053,T0348,0,0.3533405363559723
D0039,T0076,0,0.3729057908058166
D0006,T0078,0,0.3750646710395813
D0001,T0108,0,0.3866360485553741
D0030,T0414,0,0.3742433488368988
D0050,T0204,0,0.3424491286277771
D0060,T0402,0,0.3825875520706177
D0027,T0296,0,0.3462693095207214
D0040,T0167,1,0.9602257609367372
D0009,T0126,0,0.3478659987449646
D0006,T0340,0,0.3248864114284515
D0027,T0115,0,0.3426076173782348
D0040,T0302,0,0.3478982746601105
D0010,T0390,0,0.8149470090866089
D0043,T0157,0,0.3849473297595978
D0056,T0032,0,0.4009351730346679
D0040,T0439,0,0.5396922826766968
D0007,T0389,0,0.3816332817077636
D0065,T0044,0,0.3089533150196075
D0017,T0138,0,0.3308561146259308
D0009,T0056,0,0.3588039577007293
D0052,T0408,0,0.3510105907917022
D0033,T0189,0,0.3483775556087494
D0052,T0316,0,0.343045711517334
D0038,T0015,0,0.3961812257766723
D0067,T0310,0,0.3154680430889129
D0038,T0376,0,0.381004273891449
D0009,T0182,0,0.335913598537445
D0032,T0017,0,0.3518584072589874
D0007,T0431,0,0.3772234618663788
D0015,T0100,0,0.3718116879463196
D0067,T0293,0,0.3550233542919159
D0028,T0279,0,0.3598266243934631
D0038,T0359,0,0.3606371581554413
D0011,T0053,0,0.3540422916412353
D0024,T0245,0,0.3517886698246002
D0040,T0286,0,0.3648940920829773
D0046,T0347,0,0.3320085108280182
D0000,T0423,0,0.3572432398796081
D0018,T0434,0,0.3393816351890564
D0040,T0312,0,0.2898929119110107
D0048,T0001,0,0.3543376624584198
D0040,T0025,0,0.3187934458255768
D0021,T0289,0,0.3551515340805053
D0007,T0255,0,0.3612654507160187
D0031,T0201,0,0.8947908878326416
D0015,T0364,0,0.3642685115337372
D0050,T0240,0,0.351236879825592
D0050,T0059,0,0.3788790106773376
D0050,T0271,0,0.3417708873748779
D0008,T0065,0,0.3499497175216675
D0038,T0241,0,0.5712932348251343
D0014,T0272,0,0.3515774309635162
D0038,T0099,0,0.3856402933597564
D0047,T0350,0,0.3631513118743896
D0049,T0195,1,0.5391640663146973
D0029,T0441,0,0.3791017234325409
D0018,T0041,0,0.334855705499649
D0059,T0058,0,0.375264436006546
D0015,T0082,0,0.3759001791477203
D0054,T0119,0,0.3323842883110046
D0057,T0054,0,0.398455947637558
D0005,T0183,0,0.3672546446323395
D0035,T0084,1,0.8741859793663025
D0060,T0275,0,0.3805698156356811
D0000,T0341,1,0.7946695685386658
D0049,T0292,0,0.39637291431427
D0063,T0412,0,0.3474712371826172
D0058,T0039,0,0.6012839078903198
D0003,T0115,0,0.3553162515163421
D0022,T0430,1,0.9909013509750366
D0034,T0251,0,0.3954529166221618
D0024,T0002,0,0.4567091464996338
D0032,T0310,0,0.3292111158370971
D0033,T0389,0,0.3567436933517456
D0031,T0372,0,0.4310110509395599
D0017,T0312,0,0.3106268644332886
D0022,T0146,0,0.3667235076427459
D0026,T0241,0,0.3384757936000824
D0010,T0001,1,0.986327052116394
D0049,T0406,0,0.362526535987854
D0005,T0098,0,0.3783853650093078
D0028,T0438,0,0.3552374839782715
D0008,T0387,0,0.3365848958492279
D0030,T0424,0,0.3614448308944702
D0014,T0120,1,0.9978406429290771
D0048,T0194,0,0.4025632441043854
D0014,T0064,0,0.373762845993042
D0031,T0054,0,0.4569857120513916
D0012,T0381,0,0.3596693277359009
D0016,T0040,0,0.3531010746955871
D0024,T0080,0,0.7795254588127136
D0051,T0149,0,0.355111300945282
D0063,T0207,0,0.3755061030387878
D0037,T0303,0,0.3673348426818847
D0015,T0090,0,0.3571034967899322
D0015,T0272,0,0.3583698272705078
D0020,T0166,0,0.3804440200328827
D0047,T0152,0,0.3796093165874481
D0040,T0247,0,0.2984290421009063
D0023,T0185,0,0.3694152534008026
D0066,T0190,0,0.3640081286430359
D0063,T0061,0,0.3548984229564667
D0054,T0430,0,0.3646496832370758
D0017,T0307,0,0.3141724169254303
D0053,T0161,1,0.9781748056411744
D0067,T0236,0,0.3398942649364471
D0055,T0302,0,0.366606593132019
D0018,T0262,0,0.3445927798748016
D0009,T0344,0,0.3505856096744537
D0056,T0242,1,0.4493712484836578
D0063,T0196,0,0.3534411191940307
D0029,T0215,0,0.3837402462959289
D0030,T0182,0,0.3523265123367309
D0052,T0345,0,0.3547570407390594
D0017,T0126,1,0.9842549562454224
D0012,T0408,0,0.3501491546630859
D0025,T0075,0,0.3710796236991882
D0041,T0182,0,0.40609011054039
D0052,T0394,0,0.3408034443855285
D0052,T0063,1,0.5063743591308594
D0009,T0363,0,0.3566166460514068
D0053,T0092,0,0.3774066269397735
D0050,T0361,0,0.3348027169704437
D0027,T0220,0,0.3311637341976166
D0003,T0013,0,0.41853067278862
D0018,T0363,0,0.351284921169281
D0008,T0174,0,0.3513309955596924
D0034,T0183,0,0.3617666065692901
D0038,T0197,0,0.3799481987953186
D0066,T0209,0,0.366190105676651
D0021,T0425,0,0.3490382730960846
D0052,T0351,0,0.393064945936203
D0018,T0421,0,0.3567521870136261
D0053,T0421,0,0.3911618292331695
D0042,T0340,0,0.4928914308547973
D0032,T0141,0,0.3611450493335724
D0008,T0175,0,0.347183346748352
D0017,T0139,1,0.3346397280693054
D0048,T0193,0,0.4025632441043854
D0056,T0153,0,0.3760809898376465
D0044,T0313,0,0.315784752368927
D0014,T0320,0,0.3578991591930389
D0040,T0245,0,0.2984290421009063
D0027,T0116,0,0.3426076173782348
D0007,T0014,0,0.4270529448986053
D0030,T0236,0,0.3808401823043823
D0029,T0015,0,0.7391237616539001
D0042,T0018,0,0.3525920510292053
D0052,T0290,0,0.3767780661582947
D0062,T0431,0,0.3632226288318634
D0041,T0242,0,0.3665062487125397
D0049,T0123,0,0.3324956893920898
D0047,T0111,0,0.3787953555583954
D0067,T0150,0,0.3318698108196258
D0032,T0062,0,0.3543608486652374
D0044,T0255,0,0.360641747713089
D0043,T0421,0,0.3667818009853363
D0009,T0001,0,0.4014909863471985
D0057,T0257,0,0.376340389251709
D0058,T0140,0,0.3830972909927368
D0011,T0357,0,0.3745214343070984
D0054,T0019,0,0.3235813081264496
D0040,T0109,0,0.3080821335315704
D0035,T0026,0,0.3372518420219421
D0011,T0363,0,0.3652224838733673
D0055,T0135,0,0.381822407245636
D0002,T0206,1,0.9919474720954896
D0052,T0060,0,0.3978282511234283
D0028,T0302,0,0.3629912137985229
D0012,T0039,0,0.3399795591831207
D0008,T0340,0,0.3380760550498962
D0001,T0057,0,0.3739842176437378
D0054,T0317,0,0.3189383745193481
D0056,T0406,0,0.402507871389389
D0021,T0119,1,0.996145486831665
D0060,T0258,0,0.4454363584518432
D0000,T0006,0,0.3720293939113617
D0063,T0140,0,0.3359661996364593
D0064,T0357,0,0.3323611319065094
D0033,T0215,0,0.3434668183326721
D0047,T0228,0,0.4016740620136261
D0003,T0350,0,0.3376406133174896
D0005,T0003,0,0.391526311635971
D0052,T0317,0,0.343045711517334
D0067,T0037,0,0.3448693752288818
D0002,T0404,0,0.3353995382785797
D0014,T0274,0,0.3472925424575805
D0012,T0173,0,0.3827657401561737
D0047,T0295,0,0.3798472881317138
D0051,T0108,0,0.3745084702968597
D0066,T0195,1,0.3848418891429901
D0004,T0266,0,0.3993481397628784
D0016,T0325,0,0.3637220859527588
D0039,T0086,0,0.3557429015636444
D0017,T0245,0,0.3009865283966064
D0053,T0403,0,0.4109254777431488
D0048,T0090,0,0.3731451630592346
D0017,T0402,0,0.3481578826904297
D0059,T0368,0,0.3520512282848358
D0010,T0093,0,0.3495753407478332
D0001,T0020,0,0.320415049791336
D0022,T0063,0,0.370828777551651
D0038,T0076,0,0.3889221847057342
D0055,T0350,0,0.3163454532623291
D0058,T0282,0,0.3836654424667358
D0048,T0163,0,0.3428045809268951
D0052,T0242,0,0.3763726055622101
D0008,T0242,0,0.3524786233901977
D0052,T0313,0,0.343045711517334
D0011,T0390,0,0.385115385055542
D0039,T0189,0,0.3524818122386932
D0051,T0393,0,0.3693390190601349
D0018,T0065,0,0.3569185435771942
D0007,T0404,0,0.3678504824638366
D0014,T0164,0,0.3377720415592193
D0059,T0351,0,0.3545487225055694
D0043,T0034,0,0.4025390446186065
D0003,T0272,0,0.3883314430713653
D0047,T0267,0,0.4446707963943481
D0038,T0001,0,0.3961812257766723
D0049,T0268,0,0.3737989664077759
D0054,T0051,0,0.3402957618236542
D0038,T0424,0,0.3580412864685058
D0035,T0128,0,0.3676464557647705
D0038,T0097,0,0.3895080089569092
D0031,T0026,0,0.447301834821701
D0035,T0368,0,0.3447715044021606
D0027,T0419,0,0.3471221625804901
D0039,T0315,0,0.3288407027721405
D0023,T0397,0,0.3670338988304138
D0063,T0116,0,0.3428517878055572
D0035,T0257,0,0.3470374345779419
D0052,T0149,0,0.368672251701355
D0023,T0261,0,0.3644909262657165
D0062,T0127,0,0.3625377714633941
D0048,T0111,0,0.3971962928771972
D0052,T0378,0,0.3618742227554321
D0033,T0214,0,0.3729395270347595
D0056,T0389,0,0.9657232165336608
D0059,T0365,0,0.3866985738277435
D0026,T0312,0,0.3211361765861511
D0043,T0115,0,0.3473753631114959
D0034,T0026,0,0.3549729287624359
D0048,T0246,0,0.3628070652484894
D0016,T0233,0,0.3726309239864349
D0001,T0436,0,0.3388755619525909
D0050,T0398,0,0.3565805852413177
D0066,T0111,0,0.3729127049446106
D0064,T0345,0,0.3375971615314483
D0022,T0294,0,0.3662852644920349
D0028,T0143,0,0.3737874329090118
D0042,T0262,0,0.3613504469394684
D0055,T0315,0,0.3175947070121765
D0009,T0278,0,0.3502111136913299
D0049,T0048,0,0.3636837303638458
D0014,T0131,0,0.3532528281211853
D0006,T0066,0,0.359117716550827
D0004,T0343,0,0.3807377815246582
D0000,T0345,0,0.390421450138092
D0064,T0013,0,0.3663356900215149
D0051,T0124,0,0.3687297105789184
D0024,T0131,0,0.3598872125148773
D0006,T0255,0,0.3512140214443207
D0005,T0070,1,0.455139011144638
D0036,T0316,0,0.3416269719600677
D0066,T0231,0,0.380990594625473
D0013,T0107,0,0.399819940328598
D0063,T0005,0,0.9871304631233216
D0022,T0050,0,0.355438768863678
D0067,T0222,0,0.3454541563987732
D0063,T0096,0,0.3713611960411072
D0034,T0333,0,0.3455988764762878
D0006,T0330,0,0.3411876261234283
D0021,T0084,0,0.3530303835868835
D0026,T0076,0,0.3552749156951904
D0042,T0303,0,0.3950744569301605
D0030,T0365,0,0.3824687302112579
D0013,T0380,0,0.3686541616916656
D0020,T0307,0,0.3771822452545166
D0032,T0219,0,0.38435760140419
D0050,T0180,0,0.3419229686260223
D0001,T0131,0,0.3845001459121704
D0043,T0073,0,0.3605627715587616
D0017,T0325,0,0.3163777887821197
D0024,T0413,0,0.3989373445510864
D0004,T0372,0,0.3945339620113373
D0005,T0322,0,0.36446213722229
D0031,T0181,0,0.4140451550483703
D0018,T0402,0,0.3650709688663482
D0057,T0088,1,0.3608788847923279
D0024,T0396,0,0.4052064716815948
D0013,T0034,0,0.4129701554775238
D0062,T0029,0,0.3922443389892578
D0067,T0302,0,0.3659623265266418
D0059,T0021,0,0.3457302451133728
D0052,T0134,0,0.3675352931022644
D0041,T0252,0,0.3928478062152862
D0040,T0389,1,0.944152295589447
D0026,T0125,0,0.3513930439949035
D0030,T0333,0,0.3704414963722229
D0033,T0164,0,0.3335188329219818
D0034,T0366,0,0.3546415567398071
D0013,T0090,0,0.355635404586792
D0056,T0092,0,0.4001919627189636
D0056,T0130,0,0.3340349495410919
D0049,T0386,0,0.3957785964012146
D0013,T0234,0,0.3722598552703857
D0042,T0168,0,0.3330779671669006
D0004,T0389,0,0.3860195577144623
D0012,T0249,0,0.3565665185451507
D0000,T0397,0,0.3602246046066284
D0006,T0112,0,0.3721902370452881
D0052,T0232,0,0.383272647857666
D0015,T0423,0,0.3547952175140381
D0042,T0026,0,0.3697765171527862
D0049,T0382,0,0.3874147832393646
D0059,T0174,0,0.3968366682529449
D0057,T0345,0,0.3948404490947723
D0021,T0002,0,0.3813052773475647
D0004,T0036,0,0.4080685377120971
D0028,T0115,0,0.343945562839508
D0057,T0426,0,0.3710981905460357
D0046,T0180,0,0.3436336815357208
D0067,T0349,0,0.3640276789665222
D0006,T0398,0,0.3607364594936371
D0038,T0319,0,0.3545213043689728
D0064,T0187,0,0.3470151424407959
D0017,T0254,0,0.3279592394828796
D0015,T0289,0,0.3501712679862976
D0006,T0401,0,0.3728133141994476
D0021,T0207,0,0.3627420663833618
D0057,T0439,1,0.9771605730056764
D0017,T0246,0,0.3009865283966064
D0000,T0092,0,0.3876486420631408
D0057,T0163,1,0.9719152450561525
D0002,T0394,0,0.4074887931346893
D0022,T0312,0,0.3326384127140045
D0022,T0081,0,0.374224305152893
D0057,T0207,1,0.9487528204917908
D0041,T0042,0,0.3820135593414306
D0007,T0192,0,0.3766497671604156
D0015,T0005,0,0.4267975091934204
D0005,T0351,0,0.3622336089611053
D0011,T0038,0,0.3697863519191742
D0052,T0153,0,0.4089723229408264
D0047,T0170,0,0.3996683657169342
D0017,T0327,0,0.3166056871414184
D0066,T0324,0,0.3604677617549896
D0034,T0398,0,0.3501770198345184
D0010,T0169,0,0.3826932311058044
D0012,T0244,0,0.3438654839992523
D0051,T0066,0,0.3632464706897735
D0002,T0306,0,0.3213790655136108
D0019,T0275,0,0.3517932295799255
D0060,T0412,0,0.3737582564353943
D0006,T0321,0,0.3362493813037872
D0018,T0290,0,0.3501454591751098
D0028,T0416,0,0.3687139749526977
D0017,T0336,0,0.3457910716533661
D0043,T0362,0,0.3723860383033752
D0046,T0194,0,0.3762558102607727
D0065,T0404,0,0.3315922617912292
D0024,T0385,0,0.3536651730537414
D0029,T0139,0,0.3449445962905884
D0037,T0191,0,0.3604982495307922
D0039,T0146,0,0.3709942698478699
D0024,T0235,0,0.3645457029342651
D0034,T0148,0,0.359909325838089
D0025,T0263,0,0.5343742370605469
D0057,T0208,0,0.3741097748279571
D0000,T0351,0,0.4337022304534912
D0045,T0308,0,0.3123603165149688
D0040,T0329,0,0.3261153101921081
D0061,T0333,0,0.3284481465816498
D0025,T0366,0,0.3488306701183319
D0034,T0250,0,0.3867599964141845
D0039,T0257,0,0.3442361354827881
D0014,T0364,0,0.3568738996982574
D0007,T0240,0,0.3670012652873993
D0032,T0211,0,0.3498316705226898
D0049,T0342,0,0.3969497084617615
D0029,T0335,0,0.3709757030010223
D0001,T0300,0,0.3842761218547821
D0011,T0383,0,0.3603598773479461
D0054,T0175,0,0.3499664068222046
D0059,T0126,0,0.3373442590236664
D0004,T0023,0,0.360496312379837
D0036,T0000,0,0.4003304839134216
D0065,T0036,0,0.4414510428905487
D0027,T0362,0,0.3742893934249878
D0040,T0306,0,0.3000577986240387
D0031,T0056,1,0.4402189552783966
D0042,T0123,0,0.3324375450611114
D0057,T0158,1,0.9719152450561525
D0021,T0049,0,0.3462259471416473
D0062,T0250,0,0.4078414142131805
D0044,T0250,0,0.3855229020118713
D0056,T0371,0,0.4291852116584778
D0002,T0203,0,0.9919474720954896
D0017,T0217,0,0.3107993602752685
D0032,T0136,0,0.3655808568000793
D0031,T0036,1,0.4906580448150635
D0031,T0024,0,0.4524733126163482
D0018,T0188,0,0.3659748136997223
D0056,T0286,0,0.4530251026153564
D0025,T0220,0,0.3720588982105255
D0026,T0423,0,0.3457524180412292
D0050,T0136,0,0.3517218828201294
D0040,T0097,0,0.3529891073703766
D0002,T0169,0,0.3834137320518493
D0061,T0175,0,0.3450937569141388
D0016,T0008,0,0.7554146647453308
D0039,T0358,0,0.3483873903751373
D0013,T0265,0,0.3435605466365814
D0038,T0281,0,0.3988527953624725
D0025,T0006,0,0.3779673874378204
D0036,T0236,0,0.3665803670883178
D0059,T0115,0,0.3379366993904114
D0051,T0093,0,0.3711627721786499
D0058,T0170,0,0.5986087918281555
D0033,T0271,0,0.3383476138114929
D0065,T0137,0,0.3393528163433075
D0050,T0205,0,0.3424491286277771
D0057,T0190,0,0.3814885318279266
D0060,T0339,0,0.3779471516609192
D0018,T0232,0,0.3679500222206116
D0056,T0027,0,0.3487246632575989
D0009,T0225,0,0.3650200664997101
D0062,T0050,0,0.3770009875297546
D0065,T0214,0,0.9197893142700196
D0036,T0302,0,0.374248594045639
D0033,T0211,0,0.3443043529987335
D0029,T0372,0,0.3768207132816314
D0006,T0206,1,0.6588839292526245
D0056,T0438,0,0.6656632423400879
D0006,T0395,0,0.3828909695148468
D0002,T0234,0,0.3777170777320862
D0032,T0297,1,0.942229688167572
D0060,T0283,0,0.3768384456634521
D0046,T0380,0,0.364442765712738
D0001,T0184,0,0.3626101911067962
D0066,T0235,0,0.3878010809421539
D0067,T0090,0,0.3436662256717682
D0063,T0393,0,0.3742851316928863
D0045,T0383,0,0.3478369414806366
D0022,T0218,1,0.9552010297775269
D0045,T0076,0,0.3516220152378082
D0065,T0334,0,0.3408922255039215
D0033,T0073,0,0.3647639453411102
D0063,T0147,0,0.3534573912620544
D0014,T0070,0,0.3658085167407989
D0058,T0395,1,0.8925313949584961
D0057,T0191,0,0.3692466616630554
D0021,T0027,0,0.3152903318405151
D0060,T0218,0,0.4283815026283264
D0001,T0005,0,0.3912061154842376
D0033,T0344,0,0.3439399898052215
D0049,T0332,0,0.3513415455818176
D0003,T0284,0,0.4281108677387237
D0014,T0334,0,0.3278278708457947
D0060,T0405,0,0.3672583401203155
D0039,T0041,0,0.3418697416782379
D0017,T0308,0,0.3106268644332886
D0021,T0230,0,0.3506828844547272
D0058,T0115,0,0.4228891134262085
D0042,T0285,0,0.3959932327270508
D0008,T0284,0,0.3520336449146271
D0063,T0097,0,0.369638592004776
D0015,T0282,0,0.3631986677646637
D0067,T0400,0,0.3637102842330932
D0067,T0265,0,0.328683078289032
D0033,T0147,0,0.3316240608692169
D0005,T0392,0,0.3977914452552795
D0027,T0119,0,0.3426076173782348
D0063,T0420,0,0.3693365454673767
D0026,T0366,0,0.3240348696708679
D0019,T0177,0,0.3390929102897644
D0057,T0327,0,0.4056141674518585
D0050,T0081,0,0.3232594132423401
D0027,T0101,0,0.3701230585575104
D0000,T0273,0,0.3498855829238891
D0028,T0304,0,0.4023248255252838
D0053,T0078,0,0.4030425250530243
D0003,T0210,0,0.3694120645523071
D0060,T0281,0,0.4087187945842743
D0058,T0014,0,0.503532350063324
D0041,T0236,0,0.378846526145935
D0044,T0129,0,0.3597837388515472
D0030,T0072,0,0.3604688048362732
D0065,T0276,0,0.3412716090679168
D0041,T0342,0,0.4017892777919769
D0028,T0189,0,0.3881111741065979
D0055,T0409,0,0.3969893157482147
D0043,T0019,0,0.3215896189212799
D0038,T0352,0,0.5696273446083069
D0019,T0053,0,0.3783303201198578
D0054,T0375,0,0.3439899682998657
D0012,T0317,0,0.3217913210391998
D0003,T0131,0,0.3758706152439117
D0005,T0361,0,0.3629385828971863
D0021,T0200,0,0.3627420663833618
D0067,T0391,0,0.3650644719600677
D0061,T0297,1,0.4462780058383941
D0058,T0394,0,0.530580461025238
D0047,T0164,1,0.9986176490783693
D0003,T0157,0,0.3711020052433014
D0060,T0016,0,0.4104150533676147
D0063,T0202,0,0.3755061030387878
D0015,T0042,0,0.354511946439743
D0012,T0080,0,0.3401062190532684
D0032,T0179,0,0.3643102943897247
D0052,T0367,0,0.3464074730873108
D0023,T0062,0,0.3691382110118866
D0005,T0110,0,0.3795472681522369
D0012,T0354,0,0.3447252511978149
D0020,T0216,0,0.3660503625869751
D0009,T0228,0,0.3863557279109955
D0001,T0401,0,0.3706798553466797
D0029,T0330,0,0.3479288518428802
D0008,T0043,0,0.3587144911289215
D0033,T0001,0,0.3744003772735595
D0034,T0173,0,0.4094159305095672
D0008,T0154,0,0.3490849733352661
D0063,T0142,0,0.3797926604747772
D0047,T0237,0,0.392875075340271
D0006,T0375,0,0.3721776604652405
D0060,T0007,0,0.401725023984909
D0042,T0394,0,0.3323768079280853
D0060,T0279,0,0.4004386365413666
D0014,T0374,0,0.3468731939792633
D0066,T0015,0,0.4270356595516205
D0010,T0149,0,0.365604966878891
D0043,T0228,0,0.3749618828296661
D0039,T0273,0,0.3576399385929107
D0043,T0075,0,0.3597922325134277
D0009,T0318,0,0.3235069215297699
D0012,T0123,0,0.3308579325675964
D0015,T0295,0,0.3667541742324829
D0038,T0394,0,0.3640532791614532
D0046,T0008,0,0.3835490047931671
D0053,T0195,0,0.3691084086894989
D0015,T0148,0,0.339044988155365
D0000,T0344,0,0.4103454351425171
D0067,T0407,0,0.3305177688598633
D0006,T0277,0,0.3677651286125183
D0002,T0079,0,0.3312304317951202
D0010,T0331,0,0.3253410160541534
D0023,T0263,0,0.4615214169025421
D0054,T0277,0,0.3497481942176819
D0025,T0368,0,0.342180997133255
D0022,T0036,1,0.4522724747657776
D0053,T0053,0,0.3920667171478271
D0055,T0001,0,0.4479079246520996
D0055,T0129,0,0.3998056352138519
D0041,T0118,0,0.3620775640010834
D0053,T0334,0,0.3747512102127075
D0030,T0105,0,0.3678809106349945
D0066,T0096,0,0.3852637112140655
D0005,T0247,0,0.3570220172405243
D0007,T0398,0,0.3639316260814667
D0022,T0212,0,0.3678323924541473
D0033,T0082,0,0.3359630107879638
D0019,T0072,0,0.3636588752269745
D0006,T0120,0,0.3721902370452881
D0005,T0412,0,0.33855801820755
D0043,T0405,0,0.3574361205101013
D0014,T0314,0,0.350240021944046
D0043,T0385,0,0.3774207234382629
D0011,T0348,0,0.3900625109672546
D0056,T0423,0,0.418318897485733
D0011,T0238,0,0.3386949300765991
D0032,T0249,0,0.3549733459949493
D0059,T0155,0,0.3456843197345733
D0066,T0387,1,0.3835110664367676
D0032,T0281,0,0.3783462941646576
D0060,T0298,0,0.4341951310634613
D0057,T0217,0,0.3438583612442016
D0018,T0418,0,0.3338961005210876
D0060,T0364,0,0.4098162651062011
D0041,T0297,0,0.3398617208003998
D0035,T0043,0,0.3846772611141205
D0004,T0144,0,0.4157243967056274
D0014,T0240,0,0.3678431808948517
D0036,T0180,0,0.3584104478359222
D0037,T0049,0,0.3666525781154632
D0024,T0253,0,0.3301331698894501
D0007,T0114,0,0.3540723323822021
D0030,T0342,0,0.3753810226917267
D0035,T0227,0,0.3401823937892914
D0001,T0222,0,0.3491838276386261
D0059,T0323,0,0.3402009308338165
D0046,T0383,0,0.3493144512176513
D0030,T0050,0,0.3666453063488006
D0026,T0384,0,0.3400814533233642
D0044,T0063,0,0.3494492471218109
D0020,T0294,0,0.4197871387004852
D0006,T0062,0,0.3533296287059784
D0045,T0381,0,0.3667965233325958
D0037,T0374,0,0.3629904091358185
D0045,T0082,0,0.3364133238792419
D0010,T0160,0,0.3423002362251282
D0036,T0284,0,0.3969252407550812
D0045,T0109,0,0.3112602531909942
D0026,T0040,0,0.3268381357192993
D0010,T0322,0,0.332561731338501
D0063,T0128,0,0.3691763579845428
D0044,T0361,0,0.3676231801509857
D0066,T0350,0,0.3517835438251495
D0030,T0310,0,0.3235028982162475
D0016,T0412,0,0.3382338285446167
D0013,T0113,0,0.3528271615505218
D0058,T0206,0,0.4018631875514984
D0017,T0020,0,0.3195332288742065
D0013,T0326,0,0.3517011404037475
D0011,T0115,0,0.3290285468101501
D0012,T0266,0,0.3733778297901153
D0049,T0012,0,0.3644500374794006
D0055,T0288,0,0.3563820123672485
D0036,T0091,0,0.3676461279392242
D0052,T0129,0,0.3718934953212738
D0064,T0021,0,0.3332695364952087
D0028,T0101,0,0.3974404335021972
D0024,T0423,0,0.3761241436004638
D0003,T0161,0,0.3604686856269836
D0064,T0334,0,0.338636040687561
D0055,T0428,0,0.3592017590999603
D0008,T0369,0,0.3577429950237274
D0051,T0057,0,0.3655174672603607
D0040,T0162,0,0.3499532043933868
D0043,T0064,0,0.3619638979434967
D0023,T0055,0,0.3666588366031647
D0023,T0131,0,0.3633803725242615
D0048,T0388,0,0.3843307793140411
D0033,T0300,0,0.3602255284786224
D0053,T0398,0,0.3706736266613006
D0000,T0278,0,0.3478817045688629
D0017,T0031,0,0.3524928987026214
D0003,T0124,0,0.3526866436004638
D0019,T0119,0,0.3438756763935089
D0024,T0426,0,0.3700183033943176
D0044,T0006,0,0.3763559460639953
D0016,T0276,0,0.3569894433021545
D0058,T0093,0,0.4153149724006653
D0046,T0119,0,0.3361229300498962
D0009,T0268,0,0.3535166084766388
D0058,T0315,0,0.318399429321289
D0065,T0284,0,0.4020043313503265
D0024,T0343,1,0.877525806427002
D0050,T0309,0,0.3312452137470245
D0049,T0305,0,0.3624842762947082
D0035,T0078,0,0.3663610219955444
D0063,T0321,0,0.3419774770736694
D0014,T0018,0,0.3359559178352356
D0048,T0315,0,0.3616875112056732
D0001,T0410,0,0.4248045980930328
D0009,T0430,0,0.3544532060623169
D0013,T0323,0,0.3650365173816681
D0016,T0307,0,0.3470198512077331
D0027,T0034,0,0.3994919955730438
D0007,T0148,0,0.3726639151573181
D0063,T0156,0,0.3434956073760986
D0029,T0047,0,0.379582792520523
D0045,T0039,0,0.3404351472854614
D0023,T0016,0,0.3656070530414581
D0037,T0270,0,0.3434742987155914
D0054,T0324,0,0.3430335521697998
D0005,T0012,0,0.391526311635971
D0023,T0193,0,0.3945966958999634
D0062,T0286,0,0.4178058803081512
D0026,T0330,0,0.3254217505455017
D0050,T0206,0,0.3424491286277771
D0027,T0386,0,0.3775671124458313
D0033,T0096,0,0.3576940596103668
D0034,T0085,0,0.361761063337326
D0039,T0312,0,0.3288407027721405
D0051,T0384,0,0.3436248898506164
D0021,T0120,0,0.996145486831665
D0019,T0056,0,0.377178817987442
D0008,T0322,0,0.3595783114433288
D0025,T0165,0,0.3453435003757477
D0012,T0162,0,0.3578254580497741
D0010,T0352,0,0.5370873212814331
D0000,T0196,0,0.3767645359039306
D0042,T0183,0,0.35870561003685
D0012,T0008,0,0.3807030618190765
D0055,T0400,0,0.4222285151481628
D0026,T0143,0,0.3535984754562378
D0017,T0099,0,0.3467897176742553
D0000,T0323,0,0.406471848487854
D0058,T0023,0,0.3551973700523376
D0049,T0359,0,0.3666177988052368
D0000,T0312,0,0.3425269722938537
D0031,T0160,1,0.9765547513961792
D0024,T0221,0,0.3701275587081909
D0033,T0044,0,0.3075091242790222
D0005,T0178,0,0.3818295300006866
D0036,T0003,0,0.3826206028461456
D0019,T0316,0,0.3232127726078033
D0032,T0284,0,0.3794299662113189
D0035,T0109,0,0.3213285803794861
D0065,T0035,0,0.3955322504043579
D0011,T0176,0,0.3588912487030029
D0053,T0410,0,0.4049870371818542
D0001,T0032,0,0.3558382391929626
D0021,T0273,0,0.3427247703075409
D0021,T0009,0,0.3813052773475647
D0058,T0189,0,0.4146018922328949
D0033,T0205,0,0.3498420715332031
D0057,T0388,0,0.3929279148578644
D0024,T0282,0,0.3798474073410034
D0017,T0243,0,0.3581661283969879
D0043,T0132,0,0.3457442820072174
D0008,T0338,0,0.3911645412445068
D0001,T0333,0,0.3398422300815582
D0005,T0030,0,0.3884817659854889
D0065,T0142,0,0.3774905204772949
D0028,T0086,0,0.3614848256111145
D0022,T0370,0,0.3713339865207672
D0040,T0412,0,0.3275151550769806
D0032,T0092,0,0.346324473619461
D0013,T0388,0,0.3861932456493377
D0039,T0296,0,0.3786228597164154
D0034,T0029,0,0.3815828859806061
D0039,T0048,0,0.360976904630661
D0043,T0369,0,0.3627192676067352
D0022,T0215,0,0.3656125366687774
D0010,T0120,0,0.9095685482025146
D0015,T0016,0,0.4003852307796478
D0018,T0392,0,0.3734526336193084
D0027,T0316,0,0.3098610639572143
D0062,T0413,0,0.3969850242137909
D0025,T0364,0,0.3633311688899994
D0013,T0114,0,0.3528271615505218
D0027,T0096,0,0.3479499220848083
D0007,T0162,0,0.3628328740596771
D0057,T0221,0,0.3555814325809479
D0013,T0097,0,0.3882727324962616
D0064,T0100,0,0.3619547486305237
D0046,T0101,0,0.4120759963989258
D0042,T0304,0,0.3607770204544067
D0002,T0095,0,0.342228502035141
D0017,T0394,0,0.3440925180912018
D0033,T0137,0,0.3278473615646362
D0064,T0038,0,0.3681075870990753
D0067,T0385,0,0.3542508482933044
D0001,T0232,0,0.3717344105243683
D0034,T0399,0,0.3768579661846161
D0046,T0226,0,0.3295164704322815
D0066,T0225,0,0.4234615862369537
D0058,T0144,0,0.3767679035663605
D0038,T0086,0,0.3747708797454834
D0011,T0295,0,0.3531707525253296
D0032,T0079,0,0.3410815894603729
D0037,T0088,0,0.3510448634624481
D0010,T0399,0,0.3770070075988769
D0064,T0307,0,0.3358000516891479
D0024,T0279,0,0.357278436422348
D0056,T0096,1,0.8986011743545532
D0018,T0191,0,0.3618555665016174
D0037,T0237,0,0.365163117647171
D0059,T0136,0,0.3233628571033478
D0059,T0074,0,0.3926661312580108
D0023,T0215,0,0.3573794066905975
D0016,T0269,0,0.3489887118339538
D0016,T0148,0,0.3422513008117676
D0062,T0093,0,0.3877330720424652
D0019,T0120,0,0.3438756763935089
D0061,T0315,0,0.3365493416786194
D0003,T0051,0,0.3776573538780212
D0016,T0064,0,0.3853512108325958
D0066,T0162,1,0.913322925567627
D0063,T0344,0,0.3433678448200226
D0014,T0099,0,0.3671569228172302
D0012,T0084,0,0.3680574893951416
D0062,T0156,0,0.3841104507446289
D0049,T0435,0,0.3540656268596649
D0031,T0040,0,0.4026150107383728
D0025,T0309,0,0.3341585993766784
D0008,T0253,0,0.3247178494930267
D0066,T0383,0,0.3658918738365173
D0044,T0384,0,0.3781327903270721
D0035,T0046,0,0.3638001084327698
D0000,T0099,0,0.3798455595970154
D0012,T0219,0,0.3888875544071197
D0039,T0272,0,0.3564877808094024
D0020,T0096,0,0.3859331607818603
D0063,T0149,0,0.3609263896942138
D0032,T0303,0,0.3658042848110199
D0019,T0106,0,0.3649493753910064
D0011,T0164,0,0.374349445104599
D0003,T0100,0,0.3905898928642273
D0065,T0032,0,0.3539528548717499
D0064,T0010,0,0.3663356602191925
D0033,T0229,0,0.325113296508789
D0051,T0076,0,0.3798665106296539
D0040,T0099,0,0.3510210216045379
D0007,T0394,0,0.3569042086601257
D0008,T0428,0,0.3324328064918518
D0048,T0049,0,0.3522793352603912
D0037,T0211,0,0.3504214882850647
D0029,T0281,0,0.3916709423065185
D0031,T0146,1,0.4482139945030212
D0002,T0371,0,0.3567978739738464
D0033,T0225,0,0.3636701107025146
D0039,T0376,0,0.3549686670303345
D0004,T0400,0,0.3933701813220978
D0009,T0358,0,0.3337821364402771
D0018,T0093,0,0.3659097254276275
D0015,T0291,0,0.388949453830719
D0054,T0012,0,0.381459891796112
D0009,T0106,0,0.35505411028862
D0065,T0366,0,0.3450629711151123
D0029,T0149,0,0.5154215097427368
D0027,T0325,0,0.3316047787666321
D0021,T0073,0,0.363490343093872
D0006,T0115,0,0.3721902370452881
D0025,T0185,0,0.3575614094734192
D0023,T0293,0,0.3896561563014984
D0018,T0323,0,0.3343254923820495
D0005,T0331,0,0.3386535942554474
D0034,T0371,0,0.3814021944999695
D0032,T0364,0,0.3424524366855621
D0043,T0278,0,0.3551835119724273
D0009,T0069,0,0.3529842793941498
D0053,T0321,0,0.3647498190402984
D0065,T0143,0,0.3646560907363891
D0010,T0064,0,0.3450427651405334
D0011,T0127,0,0.3551807701587677
D0009,T0307,0,0.3189813494682312
D0019,T0409,0,0.3658758401870727
D0053,T0110,0,0.3655315935611725
D0005,T0287,0,0.416687935590744
D0003,T0156,0,0.387087881565094
D0056,T0004,0,0.9483366012573242
D0001,T0430,0,0.4251110255718231
D0021,T0411,0,0.3254101276397705
D0009,T0304,0,0.368584007024765
D0034,T0244,0,0.3599956929683685
D0034,T0255,0,0.3431334495544433
D0034,T0106,0,0.3657079041004181
D0038,T0221,0,0.3630462288856506
D0002,T0139,0,0.3370227515697479
D0043,T0390,1,0.3671669661998749
D0038,T0370,0,0.3726682960987091
D0001,T0263,0,0.3337662816047668
D0012,T0343,0,0.3291418850421905
D0028,T0244,0,0.3461566865444183
D0026,T0290,0,0.3272682428359985
D0031,T0165,1,0.4308044016361236
D0014,T0350,0,0.3279454708099365
D0028,T0117,0,0.343945562839508
D0048,T0342,0,0.4082233905792236
D0024,T0013,0,0.4567091464996338
D0054,T0066,0,0.3426367342472076
D0044,T0385,0,0.3743862211704254
D0067,T0376,0,0.3552448749542236
D0066,T0153,0,0.3596665859222412
D0067,T0402,0,0.3541595041751861
D0059,T0303,0,0.3978138267993927
D0062,T0140,0,0.3284143507480621
D0061,T0348,0,0.3236072659492492
D0040,T0310,0,0.2898929119110107
D0067,T0315,0,0.3154680430889129
D0012,T0152,0,0.3599248826503753
D0065,T0307,0,0.3430483937263489
D0035,T0244,0,0.3279733657836914
D0015,T0078,0,0.3773378431797027
D0016,T0018,0,0.3518144786357879
D0065,T0114,1,0.99254709482193
D0025,T0175,0,0.3686699271202087
D0051,T0019,0,0.3545252084732055
D0031,T0376,0,0.4275301396846771
D0011,T0032,0,0.3551774024963379
D0042,T0357,0,0.3275699615478515
D0050,T0440,0,0.3710788190364837
D0012,T0145,0,0.3717654645442962
D0014,T0416,0,0.3590812683105469
D0011,T0015,0,0.3655093610286712
D0032,T0121,0,0.3526335060596466
D0032,T0045,0,0.3297559022903442
D0033,T0384,0,0.3501796424388885
D0034,T0066,0,0.3785176873207092
D0001,T0424,0,0.3613491654396057
D0032,T0321,0,0.3277044296264648
D0037,T0396,0,0.3639086484909057
D0064,T0365,0,0.3547675013542175
D0017,T0225,0,0.3972373008728027
D0042,T0217,0,0.3514819741249084
D0043,T0396,0,0.3766981959342956
D0015,T0069,0,0.3639145791530609
D0035,T0161,0,0.3532754778861999
D0024,T0139,0,0.3277940154075622
D0018,T0222,0,0.348166823387146
D0042,T0041,0,0.3328880965709686
D0016,T0159,0,0.3415248990058899
D0065,T0271,0,0.3301304280757904
D0066,T0371,0,0.3797885179519653
D0059,T0152,0,0.351370096206665
D0025,T0438,0,0.343574583530426
D0066,T0351,1,0.3710226416587829
D0027,T0025,0,0.3353675007820129
D0041,T0113,0,0.3620775640010834
D0045,T0017,0,0.3588810563087463
D0024,T0349,0,0.3789213597774505
D0017,T0038,0,0.3672020137310028
D0011,T0252,0,0.3786848485469818
D0058,T0260,0,0.9533475637435912
D0037,T0206,1,0.984664022922516
D0021,T0277,0,0.3396933674812317
D0048,T0394,0,0.3352378010749817
D0066,T0187,1,0.3724426627159118
D0008,T0011,0,0.3945983946323395
D0027,T0122,0,0.3426076173782348
D0021,T0283,0,0.3273984789848327
D0063,T0200,0,0.3755061030387878
D0035,T0369,0,0.3550429046154022
D0006,T0280,0,0.3500086069107055
D0030,T0052,0,0.3704490959644317
D0042,T0220,0,0.391131043434143
D0024,T0440,0,0.3598354458808899
D0055,T0113,0,0.3599625825881958
D0066,T0150,0,0.3634581863880157
D0064,T0009,0,0.3663356602191925
D0036,T0056,0,0.39063760638237
D0035,T0025,0,0.3356283009052276
D0013,T0441,0,0.3458990454673767
D0018,T0388,0,0.3697323501110077
D0002,T0044,0,0.3096204996109009
D0058,T0175,0,0.695932924747467
D0009,T0080,0,0.3810372650623321
D0027,T0040,0,0.3365538716316223
D0058,T0207,0,0.4018631875514984
D0018,T0138,0,0.3390396237373352
D0042,T0200,0,0.3594143688678741
D0038,T0380,0,0.3703157901763916
D0062,T0215,0,0.3735772371292114
D0021,T0401,0,0.3863500952720642
D0039,T0067,0,0.3726096153259277
D0042,T0059,0,0.3551572263240814
D0012,T0196,0,0.3542225956916809
D0040,T0166,1,0.5212218761444092
D0063,T0159,1,0.8028213977813721
D0066,T0176,0,0.3674547970294952
D0022,T0228,0,0.4635742604732513
D0021,T0065,0,0.3508062362670898
D0006,T0306,0,0.3486302196979522
D0034,T0400,0,0.363640159368515
D0009,T0171,0,0.3616361021995544
D0009,T0178,0,0.3581443727016449
D0045,T0225,0,0.3339758217334747
D0036,T0250,0,0.3992674052715301
D0059,T0281,0,0.3746905028820038
D0003,T0085,0,0.4076709747314453
D0016,T0416,0,0.3643342554569244
D0066,T0056,0,0.3729094862937927
D0040,T0289,0,0.3243362605571747
D0004,T0385,0,0.3802414238452911
D0039,T0005,1,0.9595507979393004
D0037,T0407,0,0.3583803474903106
D0036,T0413,0,0.4007364809513092
D0006,T0196,0,0.3560471534729004
D0004,T0204,0,0.3443871140480041
D0023,T0242,0,0.3665731847286224
D0028,T0156,0,0.3917157649993896
D0053,T0425,0,0.3801293969154358
D0048,T0165,0,0.3648257553577423
D0030,T0080,0,0.3815102577209472
D0032,T0416,0,0.3559077084064483
D0029,T0431,0,0.3674090206623077
D0056,T0081,1,0.5144281983375549
D0049,T0236,0,0.3649908602237701
D0010,T0105,0,0.3204739689826965
D0058,T0301,0,0.3705989718437195
D0024,T0100,0,0.3895982503890991
D0036,T0395,0,0.3790231347084045
D0021,T0362,0,0.3500883877277374
D0022,T0408,0,0.3591324687004089
D0051,T0340,0,0.3933703899383545
D0032,T0331,0,0.3438921570777893
D0051,T0256,0,0.354944497346878
D0037,T0356,1,0.981963276863098
D0044,T0405,0,0.3745206296443939
D0010,T0049,1,0.3777086436748504
D0027,T0060,0,0.3654737174510956
D0012,T0201,0,0.378358781337738
D0035,T0253,0,0.3253636062145233
D0008,T0209,0,0.3446987867355346
D0019,T0236,0,0.3600455820560455
D0025,T0007,0,0.3779673874378204
D0016,T0331,0,0.3399354815483093
D0040,T0021,0,0.3823185861110687
D0053,T0002,0,0.4784753024578094
D0067,T0101,0,0.3696459531784057
D0061,T0129,0,0.3340540528297424
D0036,T0430,0,0.3666276931762695
D0034,T0120,0,0.3410087823867798
D0054,T0252,0,0.3869690299034118
D0029,T0380,0,0.3727889955043793
D0039,T0316,0,0.3288407027721405
D0033,T0132,0,0.3407931625843048
D0004,T0155,0,0.3588124215602875
D0021,T0332,0,0.3213597536087036
D0002,T0027,0,0.3323844075202942
D0040,T0333,0,0.3142525255680084
D0001,T0049,0,0.369302898645401
D0046,T0043,0,0.3769166469573974
D0028,T0250,0,0.4104668796062469
D0037,T0227,0,0.3503973484039306
D0003,T0062,1,0.3497275412082672
D0067,T0319,0,0.3227264583110809
D0057,T0098,1,0.4081727862358093
D0013,T0349,0,0.3829346895217895
D0009,T0165,0,0.3452667593955993
D0003,T0372,0,0.367837131023407
D0048,T0303,0,0.3802908658981323
D0019,T0044,0,0.3249675035476684
D0030,T0250,0,0.3802501261234283
D0042,T0301,0,0.3922900557518005
D0035,T0076,0,0.3576359748840332
D0067,T0103,0,0.3611077964305877
D0061,T0269,0,0.3558361530303955
D0027,T0338,0,0.3838217854499817
D0019,T0231,0,0.3777468502521515
D0039,T0180,0,0.3454884588718414
D0031,T0382,0,0.676982045173645
D0019,T0370,0,0.367025762796402
D0008,T0393,0,0.3572981059551239
D0024,T0111,0,0.3805404603481293
D0049,T0192,0,0.3633892834186554
D0063,T0309,0,0.3410392999649048
D0046,T0329,0,0.3466640114784241
D0046,T0191,0,0.3545989990234375
D0030,T0282,0,0.3531473875045776
D0064,T0186,0,0.3202132880687713
D0028,T0158,1,0.9906347393989564
D0024,T0384,0,0.3458999991416931
D0051,T0128,0,0.3548203110694885
D0016,T0415,0,0.3951157629489898
D0060,T0014,0,0.401725023984909
D0002,T0219,0,0.3451859951019287
D0029,T0388,0,0.4038849771022796
D0021,T0007,0,0.3813052773475647
D0056,T0115,0,0.3941230475902557
D0046,T0078,0,0.3811420202255249
D0021,T0351,0,0.3428842425346374
D0044,T0127,0,0.3597621321678161
D0044,T0149,0,0.3823891580104828
D0043,T0300,1,0.3723183870315552
D0037,T0391,0,0.3610624074935913
D0062,T0013,0,0.4338853657245636
D0027,T0007,0,0.7918851971626282
D0067,T0437,0,0.3717887103557586
D0046,T0216,0,0.3526315987110138
D0058,T0006,0,0.503532350063324
D0053,T0208,0,0.382120281457901
D0003,T0149,0,0.3665989339351654
D0003,T0405,0,0.3971823155879974
D0035,T0330,0,0.3263173997402191
D0039,T0341,0,0.311527281999588
D0051,T0305,0,0.3564315438270569
D0037,T0266,0,0.3894202709197998
D0013,T0008,0,0.4019159376621246
D0010,T0136,1,0.3632842600345611
D0015,T0096,0,0.3880898952484131
D0042,T0021,0,0.3539754450321197
D0058,T0060,0,0.9298365712165833
D0007,T0416,0,0.3761982917785644
D0060,T0085,0,0.3780674636363983
D0005,T0115,0,0.3387935161590576
D0044,T0280,0,0.364362895488739
D0002,T0225,0,0.3703807890415191
D0025,T0214,0,0.3586410880088806
D0036,T0161,1,0.4406355321407318
D0060,T0439,1,0.9737069606781006
D0022,T0265,0,0.4214537143707275
D0037,T0403,0,0.3604558110237121
D0006,T0328,0,0.3486276268959045
D0036,T0235,0,0.382455438375473
D0006,T0031,0,0.3767356276512146
D0027,T0054,0,0.3569433987140655
D0032,T0171,0,0.3504359424114227
D0001,T0348,0,0.3291570544242859
D0032,T0216,0,0.3471908271312713
D0031,T0170,1,0.468991607427597
D0047,T0275,0,0.3949728012084961
D0033,T0385,0,0.3555882573127746
D0004,T0066,0,0.3901090919971466
D0036,T0125,0,0.3492941558361053
D0027,T0168,0,0.3305950462818146
D0041,T0274,0,0.3797569274902344
D0016,T0096,0,0.3784016072750091
D0030,T0350,0,0.3478052914142608
D0003,T0262,0,0.3500290215015411
D0054,T0096,0,0.3573394417762756
D0053,T0361,0,0.3767572939395904
D0065,T0350,0,0.325844794511795
D0045,T0140,0,0.3349763453006744
D0034,T0437,0,0.3767561912536621
D0018,T0398,0,0.3366479575634002
D0017,T0095,0,0.3332725763320923
D0060,T0312,0,0.3443249464035034
D0013,T0069,0,0.3822959959506988
D0025,T0100,0,0.3695544600486755
D0006,T0216,0,0.362091988325119
D0053,T0117,0,0.371432214975357
D0039,T0190,0,0.3534530699253082
D0027,T0255,0,0.334040105342865
D0007,T0028,0,0.3966536819934845
D0047,T0289,0,0.3543583154678345
D0021,T0416,0,0.3393276631832123
D0059,T0143,0,0.3834681212902069
D0018,T0030,0,0.3592615127563476
D0034,T0079,0,0.3537303507328033
D0026,T0296,0,0.3412742912769317
D0010,T0374,0,0.3275094926357269
D0009,T0432,0,0.3480157554149627
D0066,T0197,0,0.373928964138031
D0054,T0413,0,0.3638804852962494
D0034,T0035,0,0.5046346783638
D0007,T0090,0,0.3740150034427643
D0050,T0162,0,0.3409494161605835
D0044,T0294,0,0.3609741926193237
D0052,T0041,0,0.3552646934986114
D0005,T0136,0,0.3390757441520691
D0012,T0192,0,0.3524653017520904
D0028,T0188,0,0.3725910782814026
D0030,T0155,0,0.3516349792480469
D0062,T0080,0,0.3624477982521057
D0060,T0055,0,0.3914548456668854
D0014,T0338,0,0.3702541887760162
D0045,T0360,0,0.3449137210845947
D0045,T0431,0,0.343250423669815
D0028,T0417,0,0.3488198518753052
D0008,T0102,0,0.3488400876522064
D0029,T0202,0,0.5873541831970215
D0018,T0201,0,0.3715522289276123
D0057,T0152,0,0.3753050565719604
D0036,T0336,0,0.381081074476242
D0052,T0086,0,0.3787113428115845
D0008,T0167,0,0.3574060797691345
D0031,T0339,0,0.587444543838501
D0058,T0110,0,0.3627845644950866
D0036,T0338,0,0.3981363475322723
D0000,T0046,0,0.3755374252796173
D0016,T0395,0,0.406229019165039
D0038,T0134,0,0.3762055933475494
D0004,T0244,0,0.4217153489589691
D0062,T0077,0,0.3895625472068786
D0009,T0325,0,0.3406863510608673
D0011,T0156,0,0.3589396178722381
D0009,T0369,0,0.3728584349155426
D0006,T0248,0,0.3917927742004394
D0037,T0013,0,0.4137380123138428
D0035,T0136,0,0.3533563613891601
D0053,T0123,0,0.371432214975357
D0017,T0208,0,0.3220151364803314
D0062,T0243,0,0.4093817174434662
D0059,T0379,0,0.3660216331481933
D0028,T0424,1,0.3836224675178528
D0052,T0229,0,0.3341878652572632
D0055,T0086,0,0.3534335494041443
D0035,T0225,0,0.3839983940124511
D0058,T0300,0,0.7232989072799683
D0023,T0036,0,0.3871614336967468
D0000,T0243,0,0.3761754035949707
D0030,T0318,0,0.3352740108966827
D0054,T0333,0,0.3295810520648956
D0039,T0210,0,0.3626537024974823
D0005,T0066,0,0.3890916109085083
D0022,T0074,0,0.3792876005172729
D0008,T0277,0,0.3484855890274048
D0008,T0298,0,0.5442766547203064
D0057,T0382,0,0.3691567778587341
D0062,T0372,0,0.3816567063331604
D0012,T0353,0,0.3592492938041687
D0003,T0335,0,0.378927618265152
D0028,T0146,0,0.3920339047908783
D0040,T0250,0,0.3654353618621826
D0006,T0167,0,0.3820910155773163
D0062,T0007,0,0.4338853657245636
D0053,T0163,1,0.9781748056411744
D0038,T0239,0,0.3826408386230469
D0062,T0262,0,0.3587627708911896
D0058,T0013,0,0.503532350063324
D0032,T0327,0,0.3558509349822998
D0013,T0374,0,0.3699119985103607
D0064,T0131,0,0.3556291759014129
D0017,T0022,0,0.3116258084774017
D0055,T0369,0,0.3624652624130249
D0057,T0399,0,0.388949990272522
D0007,T0060,0,0.412659615278244
D0018,T0101,0,0.3716678917407989
D0004,T0169,0,0.3946876227855682
D0026,T0272,0,0.3373292088508606
D0029,T0141,0,0.3760192692279815
D0025,T0275,0,0.343865305185318
D0007,T0302,0,0.4113895297050476
D0044,T0125,0,0.3475538194179535
D0028,T0328,0,0.3632160425186157
D0012,T0336,0,0.3797447979450226
D0039,T0057,0,0.3699437975883484
D0035,T0029,0,0.3626194298267364
D0002,T0398,0,0.3430957198143005
D0030,T0374,0,0.3818190693855285
D0055,T0095,0,0.3419195413589477
D0006,T0063,0,0.3672377169132232
D0027,T0247,0,0.2959630191326141
D0051,T0413,0,0.3684108853340149
D0045,T0029,0,0.3499452173709869
D0043,T0361,0,0.3331222534179687
D0056,T0404,1,0.7661110758781433
D0039,T0301,0,0.3634357452392578
D0000,T0052,0,0.3621547520160675
D0052,T0266,0,0.3816796243190765
D0063,T0363,0,0.4111485481262207
D0012,T0021,0,0.3531025350093841
D0020,T0349,0,0.387075811624527
D0065,T0265,0,0.3262539505958557
D0026,T0099,0,0.3403195738792419
D0009,T0208,0,0.3535568714141845
D0018,T0102,1,0.3465950787067413
D0028,T0148,0,0.3560121655464172
D0047,T0238,0,0.3843026757240295
D0032,T0169,0,0.364339143037796
D0009,T0361,0,0.3472250699996948
D0056,T0353,1,0.9692692756652832
D0025,T0142,0,0.3640872538089752
D0043,T0041,0,0.3481240272521972
D0001,T0059,0,0.3586449027061462
D0052,T0066,0,0.4178788065910339
D0048,T0384,0,0.3425523936748504
D0047,T0167,1,0.4300430119037628
D0047,T0417,0,0.6830795407295227
D0044,T0090,0,0.3644006550312042
D0062,T0411,0,0.3492393791675567
D0012,T0268,0,0.3488735854625702
D0052,T0127,0,0.3715295493602752
D0038,T0189,0,0.3620905578136444
D0030,T0279,0,0.3930345475673675
D0040,T0256,0,0.3172956705093384
D0014,T0079,0,0.3440250158309936
D0040,T0338,0,0.4244903326034546
D0048,T0166,0,0.3546905219554901
D0065,T0192,0,0.356969952583313
D0063,T0191,0,0.3662362694740295
D0013,T0405,0,0.3561049103736877
D0036,T0289,0,0.3568879961967468
D0040,T0080,0,0.3209723532199859
D0043,T0418,0,0.3321807086467743
D0046,T0095,0,0.3497567474842071
D0063,T0303,0,0.3930802047252655
D0008,T0126,0,0.344933420419693
D0023,T0145,0,0.3705261051654815
D0017,T0171,0,0.3180897533893585
D0045,T0357,0,0.3845112323760986
D0056,T0441,0,0.9749499559402466
D0035,T0266,0,0.3681774735450744
D0051,T0222,0,0.3596827983856201
D0003,T0412,0,0.3255292773246765
D0031,T0356,1,0.5909042358398438
D0019,T0252,1,0.3793956041336059
D0017,T0270,0,0.3179173469543457
D0055,T0398,0,0.3540739417076111
D0037,T0293,0,0.3637382984161377
D0047,T0096,0,0.9508574604988098
D0048,T0018,0,0.3737179636955261
D0031,T0231,0,0.4272865355014801
D0047,T0172,0,0.394742488861084
D0027,T0024,0,0.3396365940570831
D0067,T0172,0,0.3457502722740173
D0016,T0265,0,0.352386474609375
D0055,T0292,0,0.3601780235767364
D0067,T0279,0,0.3423844575881958
D0028,T0052,0,0.3716409504413605
D0030,T0288,0,0.4274966716766357
D0021,T0152,0,0.332976371049881
D0051,T0009,0,0.4106418788433075
D0065,T0250,0,0.3878079652786255
D0017,T0253,0,0.3197422623634338
D0031,T0310,0,0.3858551979064941
D0037,T0047,0,0.3691224753856659
D0032,T0319,0,0.323040097951889
D0042,T0122,0,0.3324375450611114
D0027,T0149,0,0.3495316803455353
D0014,T0267,0,0.3650141656398773
D0007,T0347,0,0.3745400607585907
D0018,T0322,0,0.3484337031841278
D0032,T0348,0,0.3383139669895172
D0014,T0246,0,0.2979126274585724
D0019,T0426,0,0.3665677309036255
D0032,T0195,0,0.3831593096256256
D0044,T0258,0,0.385540634393692
D0037,T0069,0,0.3618769645690918
D0040,T0193,0,0.3467851281166076
D0020,T0323,0,0.3979793488979339
D0060,T0373,0,0.401131123304367
D0043,T0077,0,0.3694455921649933
D0048,T0379,0,0.3757931292057037
D0022,T0102,1,0.99677973985672
D0017,T0280,0,0.327727347612381
D0034,T0076,0,0.4008274674415588
D0037,T0157,1,0.9838665127754213
D0053,T0131,0,0.3837616443634033
D0006,T0092,0,0.3529677391052246
D0038,T0023,0,0.3435611128807068
D0034,T0337,0,0.3837459981441498
D0039,T0237,0,0.3366193175315857
D0008,T0122,0,0.3157676160335541
D0015,T0128,0,0.347272127866745
D0031,T0352,0,0.5487565994262695
D0058,T0328,0,0.3658560514450073
D0036,T0157,0,0.3580816984176636
D0048,T0436,0,0.37843918800354
D0065,T0052,0,0.3662628829479217
D0050,T0314,0,0.3312452137470245
D0067,T0050,0,0.3528645038604736
D0022,T0420,0,0.3491041362285614
D0065,T0423,0,0.3644886910915375
D0064,T0419,0,0.3333810865879059
D0063,T0243,0,0.3726467788219452
D0047,T0376,0,0.4000756740570068
D0030,T0215,0,0.3649257123470306
D0051,T0137,0,0.3481147587299347
D0060,T0417,0,0.3676782250404358
D0004,T0293,0,0.4310409128665924
D0064,T0263,0,0.3432413935661316
D0059,T0424,0,0.3700208067893982
D0028,T0260,0,0.371273010969162
D0010,T0425,0,0.3406937420368194
D0017,T0040,0,0.3311866819858551
D0005,T0330,0,0.3639804124832153
D0004,T0198,0,0.3899337947368622
D0044,T0154,0,0.3669700622558594
D0060,T0200,0,0.4056451618671417
D0017,T0418,0,0.3191683888435364
D0029,T0184,0,0.3761161267757416
D0003,T0364,0,0.3675906956195831
D0022,T0338,1,0.405131459236145
D0021,T0324,0,0.3307925164699554
D0001,T0064,0,0.3811185359954834
D0004,T0275,0,0.3908716142177582
D0036,T0037,0,0.3800776898860931
D0056,T0405,0,0.4577377438545227
D0037,T0269,0,0.356792539358139
D0042,T0073,0,0.3726790845394134
D0019,T0398,0,0.3495582938194275
D0065,T0362,0,0.3891633749008178
D0007,T0224,0,0.3881390988826751
D0054,T0010,0,0.381459891796112
D0035,T0003,0,0.4583450853824615
D0030,T0291,0,0.3725106120109558
D0046,T0317,1,0.993969202041626
D0020,T0433,0,0.35643070936203
D0053,T0313,0,0.3419930338859558
D0023,T0406,0,0.3550812005996704
D0011,T0090,0,0.3592066168785095
D0015,T0194,0,0.4388613402843475
D0039,T0375,0,0.3580836653709411
D0050,T0414,0,0.3450789451599121
D0047,T0373,0,0.4006079435348511
D0003,T0243,0,0.3911890685558319
D0045,T0115,0,0.3419663906097412
D0063,T0285,0,0.4075792133808136
D0005,T0297,0,0.3539203107357025
D0037,T0179,0,0.3798580169677734
D0029,T0168,0,0.3833653926849365
D0049,T0097,0,0.3842304944992065
D0048,T0228,0,0.3542004823684692
D0055,T0311,0,0.3175947070121765
D0022,T0023,0,0.3423181772232055
D0049,T0245,0,0.3537471890449524
D0008,T0049,0,0.3518177270889282
D0059,T0398,0,0.3424766957759857
D0002,T0382,0,0.3418354094028473
D0047,T0440,0,0.6210843324661255
D0002,T0418,0,0.3344417810440063
D0042,T0105,0,0.3526029586791992
D0052,T0261,0,0.3561150729656219
D0057,T0262,0,0.4061443507671356
D0004,T0200,0,0.3443871140480041
D0026,T0417,0,0.3226548135280609
D0009,T0426,0,0.346767246723175
D0053,T0325,0,0.373425155878067
D0051,T0341,0,0.3724339604377746
D0005,T0017,0,0.3452866077423095
D0004,T0194,0,0.4059198498725891
D0021,T0303,0,0.3513215184211731
D0025,T0166,0,0.3601143062114715
D0061,T0044,0,0.3106173276901245
D0021,T0195,0,0.3592009842395782
D0002,T0163,1,0.9832913279533386
D0057,T0127,0,0.3874043822288513
D0036,T0217,0,0.3463914096355438
D0059,T0381,0,0.3634712994098663
D0031,T0316,0,0.3858551979064941
D0043,T0310,0,0.3200770318508148
D0034,T0084,0,0.3681026101112366
D0047,T0259,0,0.3733950555324554
D0003,T0432,0,0.3391175866127014
D0021,T0386,1,0.4196706116199493
D0050,T0223,0,0.359029620885849
D0022,T0406,0,0.3542578518390655
D0025,T0011,0,0.3779673874378204
D0028,T0009,0,0.4107899963855743
D0047,T0105,0,0.3650984168052673
D0029,T0399,0,0.4070577323436737
D0006,T0298,1,0.7907387614250183
D0038,T0312,0,0.3410384356975555
D0066,T0239,0,0.3852278590202331
D0014,T0343,0,0.3353668749332428
D0030,T0380,0,0.3857533037662506
D0046,T0326,0,0.3318498730659485
D0049,T0055,0,0.3725303113460541
D0063,T0424,0,0.3794719278812408
D0031,T0119,0,0.4258945286273956
D0067,T0408,0,0.3394899070262909
D0035,T0187,0,0.3532435297966003
D0018,T0200,0,0.3715522289276123
D0038,T0038,0,0.4576392471790313
D0059,T0284,0,0.4223096966743469
D0034,T0401,0,0.3654837608337402
D0005,T0375,0,0.3792297542095184
D0024,T0319,0,0.3481508195400238
D0016,T0409,0,0.3881289064884186
D0002,T0096,0,0.3575804233551025
D0054,T0052,0,0.3452776968479156
D0053,T0231,0,0.3933806121349334
D0065,T0310,0,0.3353615701198578
D0000,T0334,0,0.4195876717567444
D0049,T0242,0,0.3593008816242218
D0033,T0289,0,0.3437150716781616
D0058,T0234,1,0.7549488544464111
D0043,T0335,0,0.3632709085941314
D0042,T0138,0,0.3266901075839996
D0023,T0303,0,0.3741693794727325
D0007,T0361,0,0.3728522658348083
D0051,T0148,0,0.3565452098846435
D0032,T0093,0,0.3642139732837677
D0032,T0155,0,0.3844620287418365
D0043,T0037,0,0.353455513715744
D0022,T0390,1,0.5218142867088318
D0066,T0091,0,0.3608511686325073
D0056,T0038,1,0.8129150867462158
D0006,T0348,0,0.3300703763961792
D0000,T0274,0,0.3611513376235962
D0063,T0388,0,0.3889044225215912
D0057,T0367,0,0.3761523962020874
D0036,T0271,0,0.3625639975070953
D0021,T0285,0,0.3721737861633301
D0027,T0151,0,0.3588632643222809
D0066,T0379,0,0.3720963299274444
D0058,T0204,0,0.4018631875514984
D0014,T0051,0,0.3662273585796356
D0058,T0036,0,0.5440894365310669
D0034,T0316,0,0.3280549049377441
D0042,T0300,0,0.3711530268192291
D0064,T0158,0,0.3308548033237457
D0011,T0298,0,0.4493861198425293
D0030,T0163,0,0.3527043163776397
D0036,T0333,1,0.3622021675109863
D0051,T0183,0,0.3574555516242981
D0003,T0070,1,0.9725570678710938
D0029,T0377,0,0.3808130025863647
D0035,T0198,0,0.3690156936645508
D0025,T0326,0,0.3352223932743072
D0039,T0421,0,0.3531652688980102
D0048,T0325,0,0.3587671816349029
D0007,T0128,0,0.3622821271419525
D0008,T0410,0,0.3674473464488983
D0009,T0050,0,0.3523286879062652
D0001,T0215,0,0.3581907451152801
D0053,T0089,0,0.3709245920181274
D0047,T0319,0,0.3463298082351684
D0036,T0124,0,0.353904128074646
D0013,T0137,0,0.3523624837398529
D0003,T0108,0,0.4335558712482452
D0063,T0110,0,0.3642622828483581
D0057,T0189,1,0.3934726119041443
D0052,T0118,0,0.3455378115177154
D0026,T0066,0,0.3422088027000427
D0002,T0059,0,0.3479994237422943
D0057,T0411,0,0.3703199625015259
D0030,T0096,0,0.4342680275440216
D0051,T0402,0,0.3538073599338531
D0042,T0068,0,0.3986917436122894
D0062,T0330,0,0.3831773698329925
D0016,T0253,0,0.3252766728401184
D0007,T0021,0,0.3636676371097564
D0043,T0325,0,0.3425004482269287
D0045,T0080,0,0.3374447524547577
D0009,T0251,0,0.3771017491817474
D0026,T0270,0,0.3358811140060425
D0044,T0285,0,0.3684631884098053
D0022,T0366,0,0.3534628748893738
D0035,T0308,0,0.3141492009162903
D0044,T0286,0,0.3646240532398224
D0030,T0273,0,0.3870059847831726
D0002,T0021,0,0.340513527393341
D0013,T0162,0,0.3323984146118164
D0034,T0418,0,0.3290541470050812
D0049,T0283,0,0.3486825227737427
D0063,T0148,0,0.3455102145671844
D0067,T0152,0,0.358294278383255
D0052,T0287,0,0.4247277677059173
D0048,T0305,0,0.3638411462306976
D0045,T0174,0,0.3647599518299103
D0012,T0044,0,0.3295114934444427
D0048,T0023,0,0.3591660559177398
D0052,T0010,0,0.4158401191234588
D0023,T0327,0,0.3657329678535461
D0020,T0258,0,0.3544589877128601
D0043,T0340,0,0.3260839581489563
D0039,T0243,0,0.3677700459957123
D0011,T0337,0,0.3593243658542633
D0059,T0363,0,0.3878710269927978
D0034,T0313,0,0.3280549049377441
D0063,T0137,1,0.3728834986686706
D0019,T0000,0,0.3905599117279053
D0064,T0202,0,0.3416610956192016
D0049,T0404,0,0.3493682444095611
D0008,T0293,0,0.3499513864517212
D0050,T0296,0,0.3885682225227356
D0061,T0164,0,0.9152345657348632
D0039,T0435,0,0.3380448222160339
D0000,T0330,0,0.4109115600585937
D0023,T0069,0,0.3760567009449005
D0029,T0176,0,0.3659969568252563
D0063,T0118,0,0.3428517878055572
D0007,T0169,0,0.3908433318138122
D0006,T0026,0,0.3470209538936615
D0064,T0014,0,0.3663356900215149
D0035,T0099,0,0.3615683913230896
D0048,T0229,0,0.3314127922058105
D0043,T0265,0,0.3487197458744049
D0005,T0076,1,0.4005095660686493
D0051,T0417,0,0.3377075791358948
D0060,T0372,0,0.4010952115058899
D0045,T0315,0,0.3123603165149688
D0017,T0404,0,0.3155420422554016
D0042,T0176,0,0.3693873584270477
D0022,T0262,0,0.3713601231575012
D0028,T0380,0,0.3576118946075439
D0033,T0390,0,0.3537175953388214
D0037,T0366,0,0.3493184149265289
D0002,T0298,1,0.986019492149353
D0010,T0393,0,0.3471482694149017
D0053,T0317,0,0.3419930338859558
D0009,T0187,0,0.3510312438011169
D0028,T0261,0,0.348082423210144
D0052,T0364,0,0.3784456849098205
D0028,T0291,0,0.3504136800765991
D0044,T0186,0,0.3293458223342895
D0027,T0147,0,0.3097464442253113
D0032,T0287,0,0.3669537603855133
D0058,T0439,0,0.9945693612098694
D0051,T0248,0,0.3746707141399383
D0036,T0350,0,0.3598199188709259
D0037,T0439,0,0.3870083093643188
D0024,T0254,0,0.3463891744613647
D0045,T0407,0,0.3547296226024627
D0036,T0005,0,0.3826206028461456
D0014,T0036,0,0.3763033151626587
D0012,T0028,0,0.3547565937042236
D0041,T0017,0,0.3835431933403015
D0047,T0265,0,0.4661891162395477
D0017,T0386,0,0.4107499420642853
D0020,T0345,0,0.3928262293338775
D0048,T0336,0,0.380139946937561
D0020,T0104,0,0.3667780756950378
D0062,T0434,0,0.3535373210906982
D0048,T0143,0,0.3778955340385437
D0011,T0420,0,0.3494186401367187
D0013,T0053,0,0.3716311752796173
D0062,T0160,0,0.3578534722328186
D0019,T0323,0,0.3490805625915527
D0028,T0252,0,0.3779376745223999
D0063,T0018,0,0.35662841796875
D0050,T0304,0,0.3646210730075836
D0031,T0150,0,0.4143157601356506
D0034,T0000,0,0.3873678147792816
D0059,T0171,0,0.3481541872024536
D0036,T0393,0,0.4012238979339599
D0006,T0406,0,0.346561074256897
D0010,T0060,0,0.3437085747718811
D0026,T0111,0,0.3291258513927459
D0066,T0137,0,0.360564261674881
D0050,T0348,0,0.3385672271251678
D0054,T0355,0,0.3455207049846649
D0039,T0434,0,0.3381558358669281
D0063,T0304,0,0.3812139630317688
D0015,T0304,0,0.3533148765563965
D0010,T0028,0,0.3314014971256256
D0003,T0338,0,0.4168699085712433
D0008,T0244,0,0.3366028964519501
D0066,T0433,0,0.3744530379772186
D0015,T0321,0,0.3463307321071625
D0052,T0265,0,0.3466469049453735
D0014,T0245,0,0.2979126274585724
D0022,T0299,0,0.357328861951828
D0047,T0332,0,0.4484552443027496
D0038,T0270,0,0.3581897020339966
D0034,T0181,0,0.3880088031291961
D0063,T0440,0,0.3955163061618805
D0054,T0423,0,0.3508540093898773
D0006,T0215,0,0.362091988325119
D0018,T0086,0,0.3549837470054626
D0014,T0315,0,0.350240021944046
D0043,T0308,0,0.3200770318508148
D0040,T0300,0,0.3684151768684387
D0057,T0298,1,0.9651733040809632
D0041,T0205,0,0.3339381217956543
D0038,T0175,0,0.5073390007019043
D0007,T0068,0,0.4194295108318329
D0000,T0288,0,0.380136638879776
D0017,T0064,0,0.3415817320346832
D0062,T0304,0,0.403333842754364
D0066,T0066,0,0.3685036599636078
D0066,T0108,0,0.4417453408241272
D0060,T0371,0,0.4010952115058899
D0024,T0020,0,0.3501571416854858
D0000,T0121,0,0.333506166934967
D0043,T0315,0,0.3200770318508148
D0050,T0050,0,0.3574662804603576
D0002,T0006,1,0.9600576162338256
D0002,T0359,0,0.3429549634456634
D0009,T0242,0,0.3535878658294678
D0058,T0096,0,0.9610347151756288
D0036,T0353,0,0.3873296678066253
D0037,T0383,0,0.3603685796260834
D0042,T0072,0,0.4044632911682129
D0061,T0402,0,0.373780220746994
D0061,T0138,0,0.333176851272583
D0025,T0192,0,0.351502001285553
D0012,T0272,0,0.3620215356349945
D0022,T0194,0,0.3957566320896148
D0061,T0123,0,0.3442786335945129
D0019,T0267,0,0.4007729887962341
D0049,T0167,0,0.3666743040084839
D0040,T0435,0,0.3174516856670379
D0059,T0344,0,0.329338937997818
D0043,T0147,0,0.3435238599777221
D0001,T0260,0,0.3607317805290222
D0026,T0178,0,0.3327836990356445
D0047,T0312,0,0.3192411363124847
D0022,T0295,0,0.3626909554004669
D0031,T0274,0,0.3986783027648926
D0007,T0011,0,0.4270529448986053
D0053,T0021,0,0.3612797558307647
D0055,T0183,0,0.3755704462528229
D0044,T0259,0,0.3306365609169006
D0039,T0288,0,0.3543119728565216
D0025,T0367,0,0.3410477340221405
D0060,T0314,0,0.3443249464035034
D0063,T0271,0,0.3355811536312103
D0065,T0034,0,0.4355028867721557
D0059,T0369,0,0.365244060754776
D0002,T0151,0,0.3781801760196686
D0050,T0345,0,0.3427576422691345
D0006,T0416,0,0.3616454601287842
D0022,T0077,0,0.362633615732193
D0014,T0369,0,0.3490493297576904
D0037,T0424,0,0.3594188392162323
D0055,T0382,0,0.347840279340744
D0034,T0375,0,0.37596595287323
D0066,T0186,0,0.3738314211368561
D0062,T0327,0,0.3638662695884704
D0043,T0305,0,0.3665109872817993
D0013,T0025,0,0.344804972410202
D0019,T0091,0,0.3554167151451111
D0064,T0360,0,0.3441510498523712
D0025,T0164,0,0.3382352590560913
D0041,T0148,0,0.3883101344108581
D0025,T0394,0,0.3428327441215515
D0015,T0001,0,0.4267975091934204
D0037,T0202,0,0.984664022922516
D0039,T0233,0,0.3689877986907959
D0018,T0344,0,0.3353717625141144
D0013,T0303,0,0.3851836919784546
D0037,T0165,1,0.9554816484451294
D0047,T0386,0,0.4378927946090698
D0057,T0042,0,0.3518553376197815
D0026,T0223,0,0.3392685055732727
D0022,T0330,0,0.3584060370922088
D0006,T0252,0,0.3979555964469909
D0010,T0424,0,0.3406937420368194
D0059,T0330,0,0.3499575853347778
D0006,T0012,1,0.536475658416748
D0033,T0272,0,0.3420003950595855
D0024,T0119,0,0.3337922394275665
D0044,T0226,0,0.3479272425174713
D0034,T0258,0,0.3535683155059814
D0050,T0028,0,0.3588374555110931
D0025,T0127,0,0.3494205474853515
D0001,T0273,0,0.3477347493171692
D0035,T0022,0,0.322203129529953
D0054,T0263,0,0.318823903799057
D0052,T0258,0,0.3568990528583526
D0022,T0222,0,0.3640769422054291
D0067,T0182,0,0.3675037324428558
D0046,T0086,0,0.3563430309295654
D0006,T0246,0,0.3054018318653106
D0019,T0051,0,0.3680092096328735
D0047,T0022,0,0.3291816115379333
D0003,T0122,0,0.3553162515163421
D0064,T0209,0,0.3498412370681762
D0000,T0401,0,0.3533929586410522
D0018,T0275,0,0.3552014529705047
D0046,T0144,0,0.3755808174610138
D0008,T0199,0,0.3538793325424194
D0054,T0155,0,0.356131762266159
D0066,T0357,1,0.4121579527854919
D0040,T0426,0,0.3404669165611267
D0015,T0129,0,0.3653244972229004
D0043,T0231,0,0.3588457405567169
D0019,T0276,0,0.3519454896450043
D0052,T0130,0,0.3701951205730438
D0043,T0189,0,0.366458535194397
D0056,T0262,0,0.3950565159320831
D0047,T0142,0,0.3877171576023102
D0054,T0259,0,0.3368913531303406
D0012,T0035,0,0.3904421627521515
D0035,T0155,0,0.3509187996387481
D0034,T0383,0,0.3789210915565491
D0022,T0273,0,0.3455997705459595
D0064,T0104,0,0.3349478244781494
D0046,T0239,0,0.3485758900642395
D0015,T0233,0,0.3799810707569122
D0037,T0440,1,0.4037830531597137
D0029,T0022,0,0.3300821781158447
D0020,T0040,0,0.3824592232704162
D0062,T0395,0,0.4025770723819732
D0063,T0046,0,0.3451310992240906
D0027,T0223,0,0.3525853157043457
D0035,T0349,0,0.3629799783229828
D0061,T0373,0,0.349652886390686
D0053,T0102,0,0.4312371611595154
D0008,T0216,0,0.3455732464790344
D0006,T0233,0,0.3859485983848572
D0005,T0407,0,0.3398418128490448
D0035,T0289,0,0.3390731811523437
D0031,T0348,1,0.5393577814102173
D0018,T0240,0,0.3576464653015136
D0033,T0441,0,0.3311272859573364
D0061,T0419,0,0.3559147119522095
D0064,T0277,0,0.3507105112075805
D0011,T0110,0,0.3819076716899872
D0067,T0361,0,0.3419680595397949
D0064,T0253,0,0.3245716691017151
D0023,T0273,0,0.3613456189632416
D0029,T0163,1,0.4517937004566192
D0029,T0417,0,0.3538521826267242
D0028,T0011,0,0.4107899963855743
D0024,T0160,0,0.3440889716148376
D0063,T0395,0,0.390457808971405
D0047,T0135,0,0.354652851819992
D0003,T0184,0,0.401886522769928
D0051,T0331,0,0.3688860833644867
D0013,T0068,0,0.3938692212104797
D0049,T0004,0,0.3644500374794006
D0004,T0351,0,0.3850575089454651
D0029,T0210,0,0.402336061000824
D0050,T0031,0,0.3620730638504028
D0008,T0392,0,0.3462892174720764
D0049,T0089,0,0.3608746528625488
D0062,T0378,0,0.3773479461669922
D0013,T0024,0,0.3513757586479187
D0058,T0409,1,0.3713645935058594
D0052,T0092,0,0.370061993598938
D0065,T0401,0,0.3753591179847717
D0011,T0040,0,0.3623400926589966
D0032,T0070,0,0.357062816619873
D0000,T0199,0,0.3921257853507995
D0060,T0337,0,0.414314866065979
D0045,T0301,0,0.3496749401092529
D0035,T0202,0,0.6924721598625183
D0017,T0056,0,0.3270689249038696
D0031,T0005,0,0.3807487487792969
D0030,T0295,0,0.3526508212089538
D0030,T0054,0,0.3736109733581543
D0003,T0011,0,0.41853067278862
D0065,T0255,0,0.3338548541069031
D0058,T0416,0,0.3867858946323395
D0014,T0341,0,0.3251502811908722
D0050,T0033,0,0.3569402396678924
D0036,T0143,0,0.3808546364307403
D0038,T0121,1,0.9964205026626588
D0037,T0419,0,0.3916190862655639
D0024,T0213,0,0.3775592446327209
D0043,T0363,0,0.3663758933544159
D0042,T0406,0,0.3609479665756225
D0049,T0077,0,0.3522718250751495
D0004,T0177,0,0.3787207305431366
D0024,T0298,0,0.3509344458580017
D0019,T0113,0,0.3438756763935089
D0036,T0379,0,0.3877166509628296
D0062,T0158,0,0.3578534722328186
D0026,T0218,0,0.3864668607711792
D0024,T0144,0,0.3774396777153015
D0010,T0037,0,0.3508389890193939
D0016,T0020,0,0.3322149515151977
D0016,T0186,0,0.3314407765865326
D0033,T0145,0,0.3565285503864288
D0008,T0262,0,0.3428094685077667
D0028,T0263,0,0.3524299561977386
D0003,T0088,0,0.3581365346908569
D0061,T0118,0,0.3442786335945129
D0041,T0293,0,0.4013378620147705
D0057,T0146,0,0.3766104876995086
D0044,T0401,0,0.3875810205936432
D0008,T0311,0,0.3160635828971863
D0023,T0299,0,0.3816196322441101
D0018,T0395,0,0.3759104311466217
D0000,T0144,0,0.3763445317745209
D0054,T0236,0,0.34902423620224
D0048,T0224,0,0.3776270449161529
D0002,T0166,1,0.356998860836029
D0051,T0382,0,0.3578200042247772
D0059,T0410,0,0.3754701912403106
D0025,T0386,0,0.3870266675949096
D0044,T0266,0,0.3847554624080658
D0003,T0186,0,0.3299080431461334
D0011,T0245,0,0.3141117393970489
D0024,T0410,0,0.3835002481937408
D0033,T0061,0,0.3417207300662994
D0045,T0008,0,0.3904328048229217
D0023,T0134,0,0.3494020104408264
D0050,T0285,0,0.3768828809261322
D0039,T0188,0,0.3505448400974273
D0006,T0232,0,0.3831253349781036
D0006,T0425,0,0.352480947971344
D0029,T0146,0,0.3802343308925628
D0014,T0359,0,0.3495815694332123
D0063,T0409,0,0.4188277125358581
D0062,T0382,0,0.3730075359344482
D0004,T0050,0,0.3747085034847259
D0060,T0302,0,0.3833463788032532
D0031,T0000,1,0.4715723395347595
D0056,T0307,0,0.3632500767707824
D0049,T0145,0,0.3665432035923004
D0026,T0106,0,0.3308274149894714
D0049,T0092,0,0.364459753036499
D0032,T0323,0,0.3415103256702423
D0066,T0104,0,0.3729184567928314
D0016,T0177,0,0.3626295030117035
D0063,T0227,0,0.3473662734031677
D0028,T0409,0,0.3916515111923218
D0062,T0388,0,0.3968023359775543
D0051,T0327,0,0.3533804714679718
D0060,T0427,0,0.5625730156898499
D0041,T0265,0,0.3444774746894836
D0025,T0388,0,0.3787002861499786
D0026,T0219,0,0.3329307436943054
D0023,T0083,0,0.4107781052589416
D0059,T0352,0,0.3395352065563202
D0022,T0196,0,0.3771482408046722
D0005,T0065,0,0.4031892120838165
D0023,T0226,0,0.3317321836948395
D0049,T0316,0,0.3543141484260559
D0027,T0027,0,0.3109523952007293
D0059,T0139,0,0.3235147893428802
D0032,T0267,0,0.3708092868328094
D0033,T0065,0,0.3518421053886413
D0010,T0412,0,0.326036274433136
D0064,T0255,0,0.3336552083492279
D0053,T0040,0,0.3659396469593048
D0035,T0286,0,0.3723839819431305
D0056,T0290,1,0.5818445086479187
D0056,T0283,0,0.3606336712837219
D0051,T0185,0,0.3705000877380371
D0011,T0310,0,0.3248695135116577
D0039,T0152,0,0.3798555433750152
D0049,T0042,0,0.3681230843067169
D0010,T0176,0,0.3196938335895538
D0037,T0282,0,0.3581026196479797
D0011,T0276,0,0.3465059101581573
D0019,T0142,0,0.3669520616531372
D0033,T0440,0,0.3426904380321502
D0020,T0017,0,0.3827292025089264
D0022,T0339,0,0.3454141020774841
D0005,T0425,0,0.4143548309803009
D0019,T0265,0,0.3599995672702789
D0039,T0083,0,0.3492190539836883
D0018,T0098,0,0.3642744421958923
D0011,T0358,0,0.3745214343070984
D0039,T0409,0,0.4010379910469055
D0062,T0014,0,0.4338853657245636
D0009,T0263,0,0.3217832744121551
D0051,T0406,0,0.3575282394886017
D0040,T0040,0,0.4434967637062073
D0043,T0406,0,0.339169293642044
D0061,T0086,0,0.3540182709693908
D0019,T0417,0,0.3462594747543335
D0017,T0162,0,0.3431515395641327
D0028,T0266,0,0.3764316737651825
D0015,T0127,0,0.353179931640625
D0067,T0157,1,0.3788399696350097
D0053,T0067,0,0.3671378791332245
D0037,T0260,0,0.3627337515354156
D0056,T0178,0,0.4221188724040985
D0026,T0150,0,0.3259636759757995
D0055,T0131,0,0.393488734960556
D0006,T0102,0,0.3729383051395416
D0044,T0054,0,0.3732012808322906
D0039,T0414,0,0.3395947813987732
D0045,T0141,0,0.3609011769294739
D0066,T0441,0,0.378009557723999
D0036,T0155,0,0.3617531359195709
D0060,T0349,0,0.4072096347808838
D0007,T0413,0,0.3896219730377197
D0033,T0180,0,0.3324806690216064
D0067,T0087,0,0.3508256673812866
D0034,T0360,0,0.3535628616809845
D0004,T0368,0,0.4164056181907654
D0055,T0274,0,0.3659703135490417
D0054,T0416,0,0.338428646326065
D0058,T0088,0,0.3792291581630707
D0021,T0091,0,0.346090167760849
D0041,T0381,0,0.3691723942756653
D0038,T0215,0,0.3683683276176452
D0031,T0405,0,0.3977350890636444
D0047,T0399,1,0.4834472239017486
D0061,T0185,0,0.3688837885856628
D0006,T0204,1,0.6588838696479797
D0036,T0346,0,0.3716200590133667
D0037,T0387,0,0.3565235733985901
D0058,T0068,0,0.3782948553562164
D0017,T0393,0,0.3447401225566864
D0043,T0273,0,0.3543291389942169
D0026,T0411,0,0.3295804560184479
D0022,T0208,0,0.3496372997760772
D0015,T0111,0,0.3870887160301208
D0041,T0421,0,0.3654838800430298
D0027,T0304,0,0.3559537827968597
D0022,T0403,0,0.3801134526729584
D0054,T0220,0,0.3564139306545257
D0000,T0261,0,0.3500741422176361
D0020,T0182,0,0.3956054449081421
D0056,T0357,1,0.4022339284420013
D0033,T0355,0,0.3257189095020294
D0055,T0203,0,0.9640970826148988
D0016,T0060,0,0.4051814675331116
D0042,T0155,0,0.3478249311447143
D0057,T0312,0,0.3249348700046539
D0039,T0055,0,0.356950432062149
D0012,T0033,0,0.3544869720935821
D0053,T0255,0,0.3557778298854828
D0019,T0367,0,0.3490286469459533
D0063,T0216,0,0.3690250217914581
D0058,T0091,0,0.3802201151847839
D0046,T0213,0,0.3667760193347931
D0012,T0149,0,0.3431417047977447
D0010,T0368,0,0.3523222506046295
D0066,T0391,0,0.4261074960231781
D0036,T0280,0,0.3578696548938751
D0061,T0363,0,0.3500624895095825
D0028,T0149,0,0.3775869607925415
D0001,T0214,0,0.3773220777511596
D0018,T0013,0,0.3663717806339264
D0051,T0176,0,0.3638609051704407
D0062,T0056,0,0.3942103981971741
D0065,T0107,0,0.3865209519863128
D0012,T0078,0,0.3741083145141601
D0061,T0286,0,0.3902200162410736
D0032,T0440,0,0.3984690904617309
D0045,T0194,0,0.3752089440822601
D0041,T0371,0,0.3874818980693817
D0017,T0295,0,0.3417361080646515
D0044,T0076,0,0.3688726425170898
D0032,T0366,0,0.3433257043361664
D0019,T0298,1,0.3975136578083038
D0030,T0170,0,0.3672078549861908
D0057,T0081,1,0.40442755818367
D0031,T0034,1,0.4527342617511749
D0003,T0118,0,0.3553162515163421
D0056,T0007,0,0.9483366012573242
D0046,T0152,0,0.3439368605613708
D0009,T0413,0,0.3926359713077545
D0034,T0433,0,0.3482566773891449
D0062,T0419,0,0.3534141480922699
D0055,T0360,0,0.3433701395988464
D0011,T0041,0,0.3596167862415313
D0064,T0167,0,0.3700647950172424
D0018,T0008,0,0.3663717806339264
D0034,T0209,0,0.3697037100791931
D0062,T0255,0,0.3546800017356872
D0045,T0271,0,0.3339793384075165
D0059,T0216,0,0.3589901030063629
D0022,T0287,0,0.4009467661380768
D0030,T0398,0,0.3870886862277984
D0031,T0185,1,0.4159180819988251
D0057,T0014,0,0.4438989460468292
D0054,T0193,0,0.3477654159069061
D0009,T0435,0,0.3451206088066101
D0040,T0363,1,0.3804388344287872
D0047,T0326,0,0.3656343221664428
D0031,T0223,1,0.7146289348602295
D0003,T0163,0,0.3604686856269836
D0066,T0245,0,0.31377112865448
D0026,T0353,0,0.3408877253532409
D0008,T0386,0,0.3888170123100281
D0032,T0005,0,0.4435354769229889
D0025,T0141,0,0.362192153930664
D0033,T0254,0,0.3308314085006714
D0023,T0039,0,0.348647803068161
D0003,T0040,0,0.3501650989055633
D0041,T0281,0,0.381995677947998
D0067,T0216,0,0.3391530811786651
D0051,T0291,0,0.3829253315925598
D0007,T0331,0,0.3547110259532928
D0031,T0326,0,0.428818792104721
D0066,T0042,0,0.3553911447525024
D0013,T0233,0,0.3770343959331512
D0056,T0102,1,0.4939954578876495
D0047,T0231,0,0.3785569071769714
D0013,T0078,0,0.3804326355457306
D0026,T0235,0,0.3410328328609466
D0005,T0254,0,0.3427087962627411
D0029,T0373,0,0.3798979520797729
D0056,T0071,0,0.4315032660961151
D0046,T0197,0,0.3829968273639679
D0058,T0410,0,0.3691004514694214
D0012,T0079,0,0.3430181741714477
D0058,T0024,0,0.5139597058296204
D0033,T0050,0,0.3471409380435943
D0001,T0369,0,0.3635600209236145
D0037,T0381,0,0.3574242293834686
D0047,T0274,0,0.4367367029190063
D0016,T0119,0,0.3260179758071899
D0051,T0216,0,0.3604084551334381
D0065,T0365,0,0.3608033359050751
D0000,T0367,0,0.4090366065502167
D0044,T0224,0,0.3823038637638092
D0050,T0176,0,0.3477835059165954
D0014,T0292,0,0.4211330413818359
D0020,T0050,0,0.3749087750911712
D0067,T0403,0,0.3651677072048187
D0067,T0347,0,0.3385267555713653
D0000,T0127,0,0.3507349491119385
D0059,T0329,0,0.3483138382434845
D0001,T0431,0,0.3535191416740417
D0006,T0249,0,0.3704067170619964
D0009,T0190,0,0.3589873909950256
D0038,T0079,0,0.3585409224033355
D0023,T0171,0,0.3808488249778747
D0018,T0022,0,0.3348977267742157
D0001,T0014,0,0.3912061154842376
D0067,T0299,0,0.3461959362030029
D0019,T0080,0,0.3548672199249267
D0015,T0206,1,0.933233082294464
D0034,T0109,0,0.3556083142757416
D0029,T0042,0,0.3716716766357422
D0028,T0437,0,0.3979571163654327
D0033,T0080,0,0.3566401600837707
D0005,T0195,0,0.4746162593364715
D0048,T0052,0,0.3683847784996032
D0014,T0408,0,0.3458110690116882
D0049,T0210,0,0.3477694094181061
D0041,T0319,0,0.3503184914588928
D0011,T0293,0,0.3673165142536163
D0016,T0195,0,0.4253180921077728
D0044,T0228,0,0.3867333233356476
D0021,T0262,0,0.416423499584198
D0015,T0412,0,0.3413004875183105
D0023,T0382,0,0.3815233707427978
D0019,T0388,0,0.3897402286529541
D0012,T0260,0,0.3613417744636535
D0020,T0022,0,0.374578595161438
D0031,T0140,0,0.3682119250297546
D0046,T0240,0,0.3464157283306122
D0030,T0148,0,0.4587494432926178
D0015,T0249,0,0.36207315325737
D0030,T0432,0,0.3557583391666412
D0015,T0250,0,0.3929614722728729
D0024,T0335,0,0.3626278042793274
D0045,T0402,0,0.3383386135101318
D0058,T0038,0,0.4079748690128326
D0054,T0117,0,0.3323842883110046
D0010,T0247,0,0.2914329171180725
D0040,T0266,0,0.3539054691791534
D0056,T0352,1,0.9853616952896118
D0054,T0017,0,0.3389876782894134
D0056,T0387,1,0.6046367287635803
D0043,T0028,0,0.3679853677749634
D0020,T0140,0,0.3468535840511322
D0044,T0373,0,0.3724847435951233
D0024,T0004,0,0.4567091464996338
D0001,T0094,0,0.3704550862312317
D0033,T0041,0,0.3233395516872406
D0055,T0153,0,0.3343710899353027
D0008,T0395,0,0.3500133752822876
D0066,T0312,0,0.3317244946956634
D0039,T0382,0,0.354875385761261
D0032,T0259,0,0.3322121798992157
D0023,T0206,0,0.3526385426521301
D0018,T0197,0,0.3789061307907104
D0066,T0246,0,0.31377112865448
D0040,T0211,0,0.3511249721050262
D0064,T0200,0,0.3416610956192016
D0046,T0441,0,0.3490020930767059
D0018,T0292,0,0.3497259616851806
D0023,T0341,0,0.4326392114162445
D0048,T0306,0,0.367516815662384
D0053,T0254,0,0.3520120680332184
D0042,T0270,0,0.3823876082897186
D0035,T0407,0,0.3373048901557922
D0022,T0398,0,0.3549020886421203
D0034,T0180,0,0.3462297618389129
D0008,T0349,0,0.3569238781929016
D0034,T0071,0,0.3930907547473907
D0058,T0434,1,0.536856472492218
D0053,T0329,0,0.3761487603187561
D0005,T0356,0,0.3472266495227813
D0051,T0266,0,0.3853357434272766
D0067,T0198,0,0.3718009889125824
D0014,T0065,0,0.3559998869895935
D0036,T0146,0,0.3805525302886963
D0057,T0385,0,0.3864937126636505
D0031,T0135,0,0.3912378847599029
D0047,T0013,0,0.4149795770645141
D0060,T0074,0,0.3817586004734039
D0021,T0137,0,0.330216646194458
D0061,T0441,0,0.3537014126777649
D0021,T0440,0,0.3179462850093841
D0034,T0053,0,0.3765983581542969
D0022,T0375,0,0.358466625213623
D0022,T0429,0,0.3805160820484161
D0046,T0415,0,0.3396320343017578
D0016,T0179,0,0.3716851472854614
D0017,T0410,0,0.3543515503406524
D0036,T0233,0,0.3924721777439117
D0014,T0167,0,0.4263398349285126
D0046,T0386,0,0.3830700814723968
D0031,T0042,0,0.4052386879920959
D0023,T0219,0,0.3683535456657409
D0060,T0036,0,0.417665421962738
D0040,T0417,0,0.3331692814826965
D0060,T0193,1,0.4404939413070678
D0059,T0358,0,0.3362147212028503
D0059,T0145,0,0.3777660131454468
D0065,T0432,0,0.3382593393325805
D0016,T0428,0,0.3533396422863006
D0062,T0296,0,0.3978417515754699
D0041,T0292,0,0.4040225148200989
D0005,T0431,0,0.3595643639564514
D0051,T0225,0,0.3666540682315826
D0014,T0026,0,0.3375588655471802
D0021,T0187,0,0.3563273251056671
D0012,T0280,0,0.3480463027954101
D0045,T0388,0,0.3703297674655914
D0045,T0289,0,0.3592067956924438
D0016,T0045,0,0.3284747004508972
D0047,T0223,0,0.3964774012565613
D0002,T0087,0,0.3564234972000122
D0003,T0127,0,0.3720678687095642
D0001,T0438,0,0.3506965339183807
D0015,T0417,0,0.3500668406486511
D0039,T0340,0,0.3174267411231994
D0005,T0253,0,0.3325153291225433
D0033,T0038,0,0.3617045879364013
D0060,T0194,0,0.4404939413070678
D0056,T0015,1,0.9483366012573242
D0061,T0361,0,0.3505905270576477
D0026,T0012,0,0.3366808891296386
D0057,T0296,0,0.3611654341220855
D0055,T0341,0,0.3060756027698517
D0021,T0403,0,0.3862456381320953
D0054,T0309,0,0.3189383745193481
D0017,T0133,1,0.9842714667320251
D0032,T0254,0,0.3535512685775757
D0007,T0066,0,0.3923531770706177
D0014,T0035,0,0.3711356222629547
D0047,T0109,0,0.3545641899108886
D0047,T0177,0,0.3744510412216186
D0067,T0234,0,0.3632513880729675
D0054,T0048,0,0.3401055932044983
D0020,T0352,0,0.348452627658844
D0056,T0414,1,0.9819043278694152
D0040,T0264,0,0.3637163341045379
D0052,T0309,0,0.343045711517334
D0055,T0273,0,0.3654218912124634
D0003,T0415,0,0.3589069247245788
D0056,T0048,1,0.6656879186630249
D0045,T0288,0,0.3664770126342773
D0011,T0129,0,0.3591678440570831
D0062,T0403,0,0.3916994035243988
D0015,T0288,0,0.3674157857894897
D0005,T0373,0,0.3767686486244201
D0042,T0309,1,0.997057557106018
D0053,T0278,0,0.3768346607685089
D0059,T0378,0,0.3660216927528381
D0031,T0353,0,0.7020388245582581
D0020,T0426,0,0.3698815405368805
D0060,T0199,0,0.3826702535152435
D0038,T0098,0,0.3906622231006622
D0057,T0308,0,0.3249348700046539
D0048,T0008,0,0.3543376624584198
D0013,T0362,0,0.3721019327640533
D0003,T0397,0,0.3677036762237549
D0033,T0356,0,0.3257189095020294
D0000,T0346,0,0.3971580266952514
D0023,T0009,0,0.370172917842865
D0038,T0437,0,0.6741378903388977
D0058,T0050,0,0.388287752866745
D0048,T0115,0,0.3498094081878662
D0049,T0228,0,0.3663253784179687
D0017,T0054,0,0.3339704871177673
D0009,T0406,0,0.3479092419147491
D0024,T0325,0,0.3716942965984344
D0020,T0103,0,0.3577098548412323
D0008,T0044,0,0.323809266090393
D0050,T0224,0,0.3585570454597473
D0012,T0228,0,0.3591092228889465
D0040,T0187,0,0.3276319503784179
D0007,T0006,0,0.4270529448986053
D0012,T0423,0,0.3465796709060669
D0029,T0104,0,0.3751692175865173
D0031,T0347,0,0.4105882942676544
D0008,T0189,0,0.3443569242954254
D0027,T0132,0,0.3732780814170837
D0018,T0018,0,0.3408932983875274
D0020,T0052,0,0.3856087327003479
D0050,T0151,0,0.35513436794281
D0006,T0072,0,0.3660872280597687
D0043,T0016,0,0.3733769655227661
D0050,T0062,0,0.3533071279525757
D0048,T0196,0,0.3903111815452575
D0026,T0174,0,0.3406582176685333
D0055,T0275,0,0.360401302576065
D0025,T0071,0,0.3719362914562225
D0016,T0258,0,0.3272981643676758
D0060,T0220,0,0.3747740685939789
D0050,T0170,0,0.3478007018566131
D0027,T0321,0,0.3180988132953644
D0033,T0167,0,0.3570710122585296
D0030,T0311,0,0.3235028982162475
D0063,T0050,0,0.3646215200424194
D0059,T0302,0,0.3948604464530945
D0004,T0403,0,0.4139676690101623
D0056,T0437,0,0.9273465275764464
D0042,T0051,0,0.3677498698234558
D0037,T0267,0,0.3850877285003662
D0046,T0309,1,0.993969202041626
D0067,T0180,0,0.3365755975246429
D0066,T0301,0,0.355302631855011
D0004,T0226,0,0.3633758127689361
D0019,T0383,0,0.3543499112129211
D0043,T0307,0,0.3322981297969818
D0048,T0293,0,0.3930093944072723
D0001,T0043,0,0.3817199170589447
D0017,T0297,1,0.6512063145637512
D0011,T0206,1,0.4263562262058258
D0021,T0016,0,0.3807933926582336
D0021,T0198,0,0.3604326844215393
D0017,T0238,0,0.4278180301189422
D0055,T0250,0,0.3738444149494171
D0037,T0081,0,0.3527112007141113
D0015,T0173,0,0.3663454949855804
D0031,T0187,0,0.3848449885845184
D0025,T0315,0,0.3341585993766784
D0057,T0238,0,0.3770249485969543
D0025,T0144,0,0.3760305643081665
D0054,T0380,0,0.3423812985420227
D0065,T0286,0,0.3948399126529693
D0058,T0294,0,0.3728232383728027
D0034,T0213,0,0.3696033060550689
D0007,T0259,0,0.3804832994937897
D0048,T0029,0,0.3760874569416046
D0029,T0323,0,0.3597390651702881
D0057,T0089,1,0.3613772690296173
D0013,T0058,0,0.3808009624481201
D0008,T0240,0,0.3508921563625335
D0051,T0172,0,0.3578847348690033
D0058,T0356,0,0.345572680234909
D0012,T0073,0,0.3524278700351715
D0044,T0168,0,0.3822978734970093
D0027,T0427,0,0.3401480615139007
D0012,T0407,0,0.3615816235542297
D0049,T0219,0,0.3669059872627258
D0008,T0270,0,0.337952047586441
D0067,T0229,0,0.3283552825450897
D0005,T0439,0,0.3693127930164337
D0052,T0411,0,0.3503448963165283
D0050,T0179,0,0.3661294281482696
D0034,T0051,0,0.3619584739208221
D0005,T0369,0,0.3780979514122009
D0016,T0254,0,0.3446805477142334
D0049,T0009,0,0.3644500374794006
D0012,T0000,0,0.3764864802360534
D0029,T0359,0,0.37183678150177
D0026,T0049,0,0.3420799672603607
D0066,T0313,0,0.3317244946956634
D0034,T0238,0,0.3594893515110016
D0065,T0306,0,0.3382258117198944
D0006,T0153,0,0.3504144549369812
D0048,T0161,0,0.3428045809268951
D0024,T0114,0,0.3337922394275665
D0000,T0291,0,0.3961147665977478
D0024,T0161,0,0.3440889716148376
D0008,T0365,0,0.3455114066600799
D0016,T0355,0,0.3447681069374084
D0062,T0070,0,0.4040477275848388
D0050,T0124,0,0.3528380393981933
D0056,T0083,1,0.9743753671646118
D0063,T0378,0,0.3537985682487488
D0037,T0148,0,0.3577917516231537
D0059,T0105,0,0.3478754162788391
D0043,T0432,0,0.3379338085651397
D0015,T0004,0,0.4267975091934204
D0010,T0430,0,0.3508829474449157
D0007,T0288,0,0.3719902634620666
D0006,T0297,1,0.7897642254829407
D0003,T0439,0,0.5116936564445496
D0018,T0368,0,0.3566817939281463
D0011,T0273,0,0.3404365181922912
D0013,T0365,0,0.3711154758930206
D0046,T0105,0,0.3380939960479736
D0059,T0338,0,0.401135116815567
D0060,T0082,0,0.41724494099617
D0010,T0318,0,0.3258267641067505
D0034,T0235,0,0.3740488588809967
D0055,T0080,0,0.3618651032447815
D0007,T0380,0,0.3906475007534027
D0061,T0301,0,0.354968786239624
D0053,T0331,0,0.3484684228897095
D0038,T0026,0,0.3564627468585968
D0028,T0267,0,0.3999774158000946
D0046,T0321,0,0.413333535194397
D0029,T0045,0,0.3299233317375183
D0008,T0124,0,0.3454860746860504
D0017,T0420,0,0.3243096768856048
D0016,T0384,0,0.3498752117156982
D0058,T0343,0,0.5168367624282837
D0009,T0142,0,0.3689779043197632
D0047,T0151,0,0.3794986307621002
D0057,T0330,0,0.3641079068183899
D0030,T0245,0,0.3073539137840271
D0035,T0197,0,0.3675465583801269
D0029,T0347,0,0.3593838214874267
D0013,T0179,0,0.388658732175827
D0054,T0307,0,0.3291830122470855
D0030,T0425,0,0.3614448308944702
D0063,T0107,0,0.4110223352909088
D0021,T0422,0,0.3381013870239258
D0038,T0142,0,0.3737403452396393
D0001,T0299,0,0.3505714833736419
D0006,T0145,0,0.3687731325626373
D0043,T0055,0,0.3676900267601013
D0020,T0233,0,0.3923461437225342
D0005,T0339,0,0.3568538129329681
D0065,T0421,0,0.3528577089309692
D0043,T0092,0,0.348573237657547
D0031,T0321,0,0.3889847099781036
D0027,T0170,0,0.3402677178382873
D0014,T0200,0,0.4254736006259918
D0056,T0228,1,0.6710197925567627
D0015,T0318,0,0.3427073061466217
D0016,T0140,0,0.3212576508522033
D0054,T0045,0,0.3132911324501037
D0005,T0286,0,0.4146580994129181
D0012,T0358,0,0.3415027856826782
D0022,T0163,1,0.9965131878852844
D0047,T0438,0,0.6959062218666077
D0043,T0128,0,0.3461701869964599
D0062,T0046,0,0.3510733544826507
D0059,T0103,0,0.340903490781784
D0053,T0207,1,0.934187114238739
D0049,T0050,0,0.3636925518512726
D0007,T0012,0,0.4270529448986053
D0024,T0082,0,0.411981999874115
D0014,T0290,0,0.3696128129959106
D0004,T0059,0,0.3858394622802734
D0056,T0060,1,0.4642296731472015
D0001,T0198,0,0.3820262849330902
D0028,T0332,0,0.3379576504230499
D0064,T0019,0,0.3082360029220581
D0046,T0099,0,0.3782545924186706
D0062,T0139,0,0.3290503621101379
D0055,T0074,0,0.3941513001918793
D0014,T0047,0,0.3523264229297638
D0053,T0394,0,0.3770221471786499
D0019,T0328,0,0.3450969755649566
D0038,T0429,0,0.3859765827655792
D0002,T0069,0,0.3843139410018921
D0040,T0018,0,0.4884962439537048
D0018,T0291,0,0.351666510105133
D0004,T0261,0,0.5218099355697632
D0047,T0099,0,0.3840818107128143
D0007,T0174,0,0.4261825382709503
D0046,T0056,0,0.3870626091957092
D0006,T0397,0,0.3604600727558136
D0039,T0222,0,0.3525100350379944
D0023,T0123,0,0.3482677340507507
D0064,T0352,0,0.3329542577266693
D0023,T0000,0,0.3717874586582184
D0053,T0333,0,0.3620176017284393
D0060,T0124,0,0.3798545598983764
D0005,T0100,0,0.3772582709789276
D0053,T0363,0,0.3676003515720367
D0010,T0279,0,0.354595810174942
D0038,T0155,0,0.3469972908496856
D0028,T0095,0,0.3541104197502136
D0043,T0345,0,0.3588746190071106
D0053,T0181,1,0.4004599750041961
D0034,T0090,0,0.3593686521053314
D0031,T0174,0,0.7902560234069824
D0023,T0222,0,0.3652652204036712
D0047,T0182,0,0.3592028319835663
D0002,T0318,0,0.3230926692485809
D0012,T0297,0,0.3641192317008972
D0001,T0038,0,0.3683948218822479
D0029,T0050,0,0.3707382082939148
D0048,T0320,0,0.3707146346569061
D0060,T0260,0,0.4825033247470855
D0057,T0028,1,0.3841498792171478
D0045,T0345,0,0.3446158170700073
D0033,T0221,0,0.3409454822540283
D0034,T0264,0,0.3632596433162689
D0002,T0438,0,0.3597141206264496
D0050,T0220,0,0.3780442774295807
D0023,T0167,0,0.3735954761505127
D0007,T0400,0,0.3805930912494659
D0061,T0290,0,0.3433463275432586
D0020,T0313,0,0.3785963058471679
D0047,T0341,0,0.3435411155223846
D0026,T0368,0,0.3412835001945495
D0028,T0382,0,0.3599681854248047
D0054,T0331,0,0.3408997058868408
D0015,T0314,0,0.3394396901130676
D0020,T0322,0,0.3939026594161987
D0033,T0181,0,0.356380432844162
D0063,T0146,0,0.3828052878379822
D0034,T0142,0,0.3751606345176697
D0026,T0086,0,0.3412306308746338
D0036,T0361,0,0.3603907525539398
D0023,T0200,0,0.3526385426521301
D0029,T0292,0,0.3846496045589447
D0002,T0043,0,0.3839716613292694
D0039,T0238,0,0.3421133458614349
D0059,T0306,1,0.5691461563110352
D0055,T0023,0,0.3250182867050171
D0037,T0364,0,0.3539451658725738
D0017,T0416,1,0.3369530737400055
D0035,T0403,0,0.3742133378982544
D0029,T0229,0,0.3669891953468323
D0012,T0231,0,0.3652046620845794
D0060,T0083,0,0.4239810407161712
D0040,T0023,1,0.3156818151473999
D0063,T0292,0,0.3505471050739288
D0025,T0416,0,0.3535827100276947
D0032,T0037,0,0.3613260388374328
D0064,T0384,0,0.3515951037406921
D0060,T0125,0,0.3608043193817138
D0039,T0346,0,0.3461191356182098
D0018,T0438,0,0.3441241383552551
D0067,T0043,0,0.3652200698852539
D0055,T0028,0,0.3590770363807678
D0027,T0310,0,0.3098610639572143
D0047,T0027,0,0.4021281003952026
D0005,T0011,0,0.391526311635971
D0029,T0234,0,0.4106751382350921
D0034,T0081,0,0.3571569323539734
D0064,T0099,0,0.3598108291625976
D0050,T0338,0,0.4161663949489593
D0025,T0021,0,0.3455205261707306
D0037,T0343,0,0.3350212574005127
D0041,T0255,0,0.3542278110980987
D0015,T0172,0,0.3588075637817383
D0046,T0147,0,0.3290616273880005
D0054,T0402,0,0.3359926044940948
D0017,T0233,0,0.3636711835861206
D0001,T0070,0,0.3859142065048218
D0008,T0380,0,0.3517254889011383
D0067,T0231,0,0.3578095138072967
D0033,T0054,0,0.3629972636699676
D0038,T0002,0,0.3961812257766723
D0028,T0353,0,0.385606437921524
D0007,T0308,0,0.3478403985500335
D0057,T0019,0,0.3332401514053345
D0042,T0320,1,0.9750419855117798
D0064,T0396,0,0.3866244554519653
D0019,T0028,0,0.3802865743637085
D0003,T0130,0,0.3687746524810791
D0057,T0063,0,0.3733001053333282
D0015,T0399,0,0.3765120804309845
D0061,T0293,0,0.341326504945755
D0036,T0268,0,0.3711333274841308
D0039,T0170,0,0.3488170504570007
D0028,T0093,0,0.3837167918682098
D0027,T0140,0,0.3339786231517792
D0041,T0246,1,0.9090083241462708
D0023,T0314,0,0.3655656576156616
D0008,T0307,0,0.3169280290603637
D0060,T0333,0,0.383806049823761
D0065,T0352,0,0.3359909057617187
D0022,T0292,0,0.4003029763698578
D0014,T0144,0,0.3786430358886719
D0046,T0439,0,0.9321656227111816
D0040,T0107,0,0.3674221336841583
D0061,T0028,0,0.363403707742691
D0018,T0300,0,0.3781673610210418
D0021,T0390,0,0.3478775024414062
D0045,T0372,0,0.3577523827552795
D0011,T0232,0,0.370070219039917
D0036,T0171,0,0.3718928396701813
D0015,T0235,0,0.3740143477916717
D0012,T0319,0,0.3267391324043274
D0065,T0075,0,0.3909526765346527
D0067,T0335,0,0.3562182784080505
D0006,T0303,0,0.3604889810085296
D0030,T0136,0,0.3497428596019745
D0030,T0049,0,0.377296507358551
D0061,T0067,0,0.3549556136131286
D0037,T0316,0,0.326900452375412
D0042,T0160,0,0.3334246575832367
D0058,T0346,0,0.4217448532581329
D0026,T0320,0,0.3269959092140198
D0000,T0230,0,0.3853524625301361
D0049,T0214,0,0.3751329183578491
D0034,T0216,0,0.3659370541572571
D0065,T0274,0,0.3497432768344879
D0010,T0351,0,0.3365940749645233
D0059,T0034,0,0.4060643911361694
D0021,T0441,0,0.3346753716468811
D0042,T0149,0,0.3574874997138977
D0006,T0110,0,0.3526667356491089
D0066,T0407,0,0.3687866032123565
D0013,T0129,0,0.3663584589958191
D0051,T0209,0,0.3837829530239105
D0027,T0080,0,0.328251838684082
D0029,T0153,0,0.3598656356334686
D0028,T0154,0,0.3594151735305786
D0014,T0000,0,0.3524317443370819
D0003,T0227,0,0.3485832810401916
D0010,T0029,0,0.3345545530319214
D0009,T0441,0,0.3481854498386383
D0015,T0266,0,0.3711500465869903
D0046,T0353,0,0.3809626996517181
D0021,T0071,0,0.3662753403186798
D0013,T0345,0,0.3697544634342193
D0010,T0041,0,0.3368905484676361
D0049,T0250,0,0.3791038691997528
D0049,T0158,0,0.3465460836887359
D0011,T0183,0,0.3527163565158844
D0035,T0182,0,0.3337856829166412
D0012,T0306,0,0.3438660502433777
D0012,T0229,0,0.3302362859249115
D0036,T0420,0,0.3449915647506714
D0041,T0231,0,0.3817044794559479
D0054,T0335,0,0.3342646062374115
D0039,T0199,0,0.3984888792037964
D0062,T0103,0,0.3591066598892212
D0007,T0333,0,0.3655620515346527
D0004,T0133,0,0.3577432334423065
D0048,T0129,0,0.3533659875392914
D0026,T0240,0,0.3453041017055511
D0021,T0052,0,0.3585664629936218
D0041,T0128,0,0.3491226434707641
D0054,T0300,0,0.3507679402828216
D0003,T0010,0,0.41853067278862
D0065,T0249,0,0.3613411784172058
D0043,T0236,0,0.3617186248302459
D0026,T0340,0,0.3064656257629394
D0061,T0061,0,0.3400685489177704
D0041,T0279,0,0.379072904586792
D0003,T0144,0,0.4200242757797241
D0047,T0124,0,0.3721721172332763
D0024,T0399,0,0.3635517656803131
D0028,T0202,0,0.903282642364502
D0006,T0251,0,0.3846711814403534
D0029,T0336,0,0.3842951655387878
D0024,T0035,0,0.398924320936203
D0058,T0421,1,0.8199869394302368
D0055,T0172,0,0.3545699715614319
D0003,T0316,0,0.3618530631065368
D0009,T0092,0,0.3527133166790008
D0014,T0216,0,0.3435869812965393
D0053,T0291,0,0.3886589407920837
D0012,T0438,0,0.3544504940509796
D0065,T0194,0,0.3609642386436462
D0016,T0246,1,0.9516947865486144
D0010,T0164,0,0.3423002362251282
D0041,T0277,0,0.3836406469345093
D0009,T0192,0,0.355336993932724
D0061,T0109,0,0.3347614109516144
D0045,T0312,0,0.3123603165149688
D0007,T0424,0,0.3965944051742553
D0065,T0117,1,0.99254709482193
D0028,T0116,0,0.343945562839508
D0032,T0187,0,0.3610970377922058
D0060,T0076,0,0.3908381760120392
D0004,T0365,0,0.394994169473648
D0040,T0055,0,0.3406212925910949
D0054,T0301,0,0.3512193858623504
D0037,T0090,0,0.3505231738090515
D0049,T0362,0,0.3700992166996002
D0019,T0115,0,0.3438756763935089
D0053,T0014,0,0.4784753024578094
D0026,T0089,0,0.3329482078552246
D0030,T0145,0,0.371686190366745
D0002,T0331,0,0.3278474509716034
D0034,T0045,0,0.324202299118042
D0023,T0109,0,0.4498720169067383
D0030,T0370,0,0.3926438391208648
D0018,T0145,0,0.3732393980026245
D0044,T0187,0,0.3725550174713135
D0055,T0213,0,0.3497926890850067
D0022,T0026,0,0.3495367169380188
D0035,T0398,0,0.3376011550426483
D0025,T0277,0,0.3473044633865356
D0058,T0098,0,0.9299758076667786
D0003,T0389,0,0.3660887479782104
D0005,T0275,0,0.3753173649311065
D0030,T0238,0,0.3848151862621307
D0043,T0082,0,0.3480651974678039
D0025,T0097,0,0.3866715729236603
D0036,T0385,0,0.3762336671352386
D0032,T0384,0,0.3572359979152679
D0008,T0306,0,0.3291516304016113
D0067,T0251,0,0.3681237697601318
D0031,T0197,1,0.4644904434680938
D0055,T0411,0,0.3522947132587433
D0021,T0227,0,0.4940670430660248
D0025,T0240,0,0.3513262569904327
D0065,T0105,0,0.3423348665237427
D0018,T0269,0,0.3579600751399994
D0020,T0412,0,0.3727980256080627
D0009,T0170,0,0.3586144149303436
D0008,T0058,0,0.349650114774704
D0029,T0342,0,0.3546096682548523
D0011,T0087,0,0.3574446439743042
D0020,T0049,0,0.3695327937602997
D0029,T0135,0,0.3725265562534332
D0006,T0199,0,0.3697044849395752
D0004,T0121,1,0.9975675344467164
D0062,T0138,0,0.3244110643863678
D0042,T0398,0,0.3487197160720825
D0029,T0091,0,0.3622746169567108
D0026,T0115,1,0.9863414168357848
D0044,T0201,0,0.3799742460250854
D0023,T0044,1,0.8527653217315674
D0046,T0243,0,0.4023500680923462
D0038,T0041,0,0.355917364358902
D0040,T0219,0,0.3652248978614807
D0051,T0363,0,0.4613406062126159
D0011,T0398,0,0.3587912321090698
D0007,T0388,0,0.4067524969577789
D0055,T0295,0,0.3618065416812897
D0022,T0271,0,0.3410206735134125
D0006,T0266,0,0.3953944742679596
D0039,T0416,0,0.371548444032669
D0024,T0290,0,0.4062124192714691
D0020,T0016,0,0.3809581100940704
D0002,T0052,0,0.37757608294487
D0011,T0120,0,0.3290285468101501
D0055,T0220,0,0.3722588121891022
D0019,T0198,0,0.3772332370281219
D0026,T0162,0,0.3352150619029999
D0060,T0190,0,0.354480504989624
D0001,T0310,0,0.339803010225296
D0008,T0012,0,0.3945983946323395
D0032,T0318,0,0.3251015245914459
D0042,T0402,0,0.3624131083488464
D0049,T0124,0,0.3688209354877472
D0062,T0426,0,0.3717058300971985
D0031,T0143,0,0.4414238929748535
D0034,T0204,0,0.353702962398529
D0066,T0054,0,0.3807361125946045
D0038,T0046,0,0.3720485866069793
D0067,T0113,0,0.3463444709777832
D0025,T0241,0,0.3563216030597687
D0033,T0209,0,0.3479883968830108
D0064,T0176,0,0.3412928581237793
D0051,T0219,0,0.3893969058990478
D0039,T0228,0,0.3829616606235504
D0002,T0263,0,0.3128044307231903
D0033,T0373,0,0.3543990850448608
D0066,T0226,0,0.3600315451622009
D0059,T0031,0,0.3614761531352997
D0013,T0118,0,0.3528271615505218
D0046,T0291,0,0.3592146635055542
D0015,T0394,0,0.34721440076828
D0041,T0020,0,0.3858603239059448
D0009,T0366,0,0.3494309782981872
D0018,T0116,0,0.3524895012378692
D0022,T0181,0,0.4031862020492553
D0021,T0344,0,0.3339882493019104
D0028,T0334,0,0.3838465213775635
D0016,T0041,0,0.3442243635654449
D0063,T0336,0,0.3740500509738922
D0041,T0372,0,0.3874818980693817
D0033,T0191,0,0.3367000222206116
D0053,T0152,0,0.3717112839221954
D0048,T0142,0,0.37383633852005
D0053,T0157,1,0.4310073554515838
D0020,T0204,0,0.3382272124290466
D0060,T0332,0,0.3762703239917755
D0043,T0413,0,0.3831691145896911
D0034,T0359,0,0.3629723787307739
D0029,T0019,0,0.3358728885650635
D0064,T0382,0,0.3438800871372223
D0052,T0293,0,0.3555232882499695
D0056,T0028,1,0.8511578440666199
D0012,T0133,0,0.3550426959991455
D0014,T0162,0,0.3377720415592193
D0056,T0362,0,0.4178939759731293
D0041,T0419,0,0.3461275994777679
D0019,T0219,0,0.364045649766922
D0002,T0161,1,0.9832913279533386
D0007,T0214,0,0.3977910578250885
D0064,T0006,0,0.3663356900215149
D0044,T0191,0,0.3922872543334961
D0058,T0412,0,0.4582686722278595
D0063,T0403,0,0.3787199854850769
D0043,T0061,0,0.3453240692615509
D0053,T0006,0,0.4784753024578094
D0011,T0022,0,0.3354882299900055
D0059,T0050,0,0.3587978184223175
D0033,T0415,0,0.333840548992157
D0046,T0394,0,0.336398720741272
D0053,T0327,0,0.3714023530483246
D0003,T0204,0,0.3654334843158722
D0036,T0386,0,0.378770112991333
D0044,T0251,0,0.3733090162277221
D0056,T0230,0,0.40860116481781
D0021,T0038,0,0.3637089133262634
D0014,T0440,0,0.3440265953540802
D0029,T0245,0,0.3202190697193146
D0010,T0214,1,0.9603604078292848
D0058,T0380,0,0.5161296725273132
D0007,T0190,0,0.3616142868995666
D0027,T0108,0,0.3856606185436249
D0023,T0181,0,0.3670383095741272
D0031,T0393,1,0.4790703058242798
D0066,T0092,0,0.3590104579925537
D0040,T0139,0,0.3262768387794494
D0033,T0139,0,0.3251616060733795
D0054,T0381,0,0.3461132347583771
D0049,T0221,0,0.356220930814743
D0060,T0227,0,0.3686979115009308
D0019,T0140,0,0.3428331613540649
D0067,T0201,0,0.5840322375297546
D0052,T0392,0,0.3782680928707123
D0064,T0116,0,0.3319477140903473
D0020,T0439,0,0.3534268736839294
D0029,T0432,0,0.3497778177261352
D0022,T0252,0,0.3873010277748108
D0028,T0412,0,0.3475434184074402
D0024,T0257,0,0.3793677687644958
D0017,T0000,0,0.3543939292430877
D0027,T0011,0,0.7918851971626282
D0034,T0297,0,0.3622820973396301
D0047,T0360,0,0.3690320551395416
D0018,T0267,0,0.3813360333442688
D0050,T0258,0,0.3636815249919891
D0026,T0043,0,0.3506283462047577
D0042,T0205,0,0.3594143688678741
D0043,T0403,0,0.3557866513729095
D0049,T0334,0,0.4039489030838012
D0026,T0075,0,0.3663303852081299
D0054,T0007,0,0.381459891796112
D0026,T0398,0,0.3264845609664917
D0031,T0389,0,0.3946712613105774
D0061,T0429,0,0.3458519876003265
D0006,T0074,0,0.3660935163497925
D0013,T0031,0,0.3581642508506775
D0024,T0373,0,0.3807093501091003
D0036,T0092,0,0.3663329184055328
D0066,T0003,0,0.4270356595516205
D0058,T0126,0,0.3628605902194977
D0004,T0179,0,0.404775857925415
D0032,T0386,0,0.3870449066162109
D0001,T0090,0,0.3546162545681
D0031,T0173,0,0.7378935813903809
D0065,T0154,0,0.3831183016300201
D0044,T0287,0,0.3717330992221832
D0035,T0421,0,0.3568561971187591
D0055,T0408,0,0.3605709969997406
D0003,T0286,0,0.446657657623291
D0063,T0353,0,0.3846825063228607
D0051,T0368,0,0.4595095515251159
D0062,T0178,0,0.3776233494281769
D0021,T0021,0,0.3271538913249969
D0044,T0245,0,0.3277167081832886
D0058,T0438,0,0.9386876225471495
D0004,T0191,0,0.3678641617298126
D0055,T0052,0,0.3618583083152771
D0053,T0018,0,0.3689753115177154
D0030,T0349,0,0.3759964406490326
D0055,T0146,0,0.3646943271160126
D0058,T0136,0,0.3287694156169891
D0038,T0093,0,0.3806763291358948
D0038,T0306,0,0.3521496057510376
D0057,T0434,0,0.3564957082271576
D0055,T0241,0,0.3699313700199127
D0057,T0174,0,0.3711085319519043
D0035,T0056,0,0.3571040630340576
D0067,T0331,0,0.3301349282264709
D0019,T0331,0,0.3387903571128845
D0049,T0144,0,0.3675220906734466
D0014,T0231,0,0.355656623840332
D0011,T0354,0,0.391275554895401
D0016,T0214,0,0.4477181732654571
D0002,T0229,0,0.4610010683536529
D0000,T0035,0,0.3849647939205169
D0003,T0404,0,0.3321660161018371
D0023,T0061,0,0.3681677281856537
D0067,T0097,0,0.3763487637042999
D0027,T0226,0,0.3245639204978943
D0011,T0107,0,0.3906556069850921
D0003,T0145,0,0.4119087755680084
D0010,T0363,0,0.3453716933727264
D0020,T0051,0,0.3831009864807129
D0066,T0404,0,0.3739204108715057
D0014,T0093,0,0.3543686270713806
D0007,T0354,0,0.3394227921962738
D0036,T0404,1,0.3576494455337524
D0051,T0089,0,0.3536763787269592
D0013,T0286,0,0.3733546435832977
D0003,T0096,0,0.3747584521770477
D0017,T0441,0,0.3267040848731994
D0008,T0413,0,0.3441922664642334
D0030,T0244,0,0.3678519129753113
D0004,T0287,0,0.3809784948825836
D0041,T0240,0,0.366999089717865
D0054,T0339,0,0.3196342289447784
D0067,T0351,0,0.3526451289653778
D0055,T0075,0,0.4051680862903595
D0014,T0014,0,0.3426235020160675
D0020,T0046,0,0.3721550405025482
D0063,T0436,0,0.3554100394248962
D0032,T0209,0,0.3564946055412292
D0040,T0398,0,0.3405889570713043
D0066,T0343,0,0.3405286371707916
D0055,T0335,0,0.3762563467025757
D0003,T0309,0,0.3618530631065368
D0031,T0124,0,0.4021563827991485
D0054,T0264,0,0.3656307458877563
D0011,T0352,0,0.3288350105285644
D0039,T0203,0,0.878145158290863
D0028,T0319,0,0.3428888916969299
D0061,T0228,0,0.4083390831947326
D0022,T0284,0,0.4068157076835632
D0048,T0288,0,0.3843850791454315
D0062,T0281,0,0.3806914091110229
D0054,T0395,0,0.3556015491485595
D0064,T0235,0,0.3617114424705505
D0017,T0088,0,0.331204891204834
D0008,T0158,0,0.3477030396461487
D0000,T0382,0,0.3759584724903106
D0007,T0075,0,0.4132627546787262
D0029,T0171,0,0.3516887426376343
D0008,T0162,0,0.3477030396461487
D0010,T0126,1,0.3775802254676819
D0050,T0104,0,0.3648035526275635
D0041,T0063,0,0.3895457684993744
D0043,T0137,0,0.3388382792472839
D0019,T0380,0,0.3616467714309692
D0044,T0435,0,0.3667301833629608
D0050,T0435,0,0.3490701019763946
D0031,T0166,0,0.3928811550140381
D0024,T0134,0,0.3541122078895569
D0031,T0200,0,0.8947908878326416
D0024,T0147,0,0.3569050133228302
D0058,T0227,0,0.4037505090236664
D0016,T0291,0,0.3598183095455169
D0036,T0198,0,0.3922328054904938
D0009,T0394,0,0.3453495502471924
D0060,T0071,0,0.3800599277019501
D0004,T0241,0,0.4844157993793487
D0029,T0241,0,0.3967848420143127
D0042,T0102,0,0.3353071808815002
D0026,T0324,0,0.3288717269897461
D0023,T0432,0,0.3659972250461578
D0040,T0202,0,0.9366820454597472
D0015,T0046,0,0.373077392578125
D0063,T0315,0,0.3410392999649048
D0053,T0217,0,0.3521740734577179
D0030,T0226,0,0.3573489487171173
D0024,T0062,0,0.363139271736145
D0061,T0149,0,0.365570604801178
D0067,T0218,0,0.376634269952774
D0003,T0020,0,0.3452918529510498
D0020,T0006,0,0.3870478868484497
D0054,T0310,0,0.3189383745193481
D0064,T0113,0,0.3319477140903473
D0001,T0276,0,0.345639169216156
D0004,T0003,0,0.3836205303668976
D0060,T0176,0,0.3848322033882141
D0034,T0021,0,0.3593007028102875
D0005,T0194,0,0.3991983830928802
D0063,T0413,0,0.3982992768287658
D0063,T0139,0,0.3368557393550873
D0056,T0420,0,0.3611095249652862
D0061,T0238,0,0.3480909168720245
D0025,T0023,0,0.3307836353778839
D0021,T0114,1,0.996145486831665
D0045,T0007,0,0.3904328048229217
D0005,T0385,0,0.3608154356479645
D0004,T0236,0,0.3800334632396698
D0008,T0099,0,0.3508476912975311
D0029,T0312,0,0.3441069722175598
D0064,T0023,0,0.3347963988780975
D0013,T0125,0,0.3429356813430786
D0059,T0002,0,0.3613406419754028
D0036,T0201,0,0.3755407333374023
D0005,T0198,0,0.4093160331249237
D0033,T0182,0,0.3361812531948089
D0004,T0374,0,0.3794542849063873
D0026,T0189,0,0.3362193405628204
D0055,T0327,0,0.3782142400741577
D0035,T0243,0,0.3738247156143188
D0031,T0236,1,0.4371203184127807
D0018,T0189,0,0.3648968338966369
D0054,T0360,0,0.3351739048957824
D0054,T0111,0,0.3249150812625885
D0019,T0073,0,0.3695961236953735
D0025,T0216,0,0.3418784737586975
D0020,T0408,0,0.3634370863437652
D0047,T0028,0,0.4251551628112793
D0012,T0160,0,0.3578254580497741
D0060,T0149,0,0.3691761493682861
D0035,T0328,0,0.3242646157741546
D0041,T0296,0,0.3981457352638244
D0040,T0086,0,0.3344561755657196
D0015,T0419,0,0.4030496180057525
D0065,T0333,0,0.3379040658473968
D0049,T0307,0,0.3676251173019409
D0026,T0009,0,0.3366808891296386
D0039,T0039,0,0.3541892468929291
D0006,T0295,0,0.3567523658275604
D0009,T0162,1,0.3398069143295288
D0030,T0047,0,0.3749377429485321
D0043,T0063,0,0.3624973595142364
D0059,T0175,0,0.3548774123191833
D0051,T0173,0,0.3750357627868652
D0045,T0222,0,0.3455475866794586
D0032,T0098,0,0.3728814423084259
D0047,T0291,0,0.3598833084106445
D0064,T0183,0,0.3523901402950287
D0038,T0284,0,0.4018204510211944
D0023,T0221,0,0.3838092982769012
D0059,T0226,0,0.3214882016181946
D0040,T0288,0,0.342275470495224
D0062,T0213,0,0.3778958916664123
D0019,T0062,0,0.3522950708866119
D0034,T0153,0,0.3507546186447143
D0018,T0179,0,0.3517913520336151
D0044,T0059,0,0.3909869492053985
D0009,T0365,0,0.3497653901576996
D0021,T0115,1,0.996145486831665
D0021,T0040,0,0.3273917138576507
D0006,T0100,0,0.3814067542552948
D0019,T0272,0,0.3630519807338714
D0055,T0402,0,0.3600203692913055
D0042,T0405,0,0.3632726073265075
D0044,T0421,0,0.3832694888114929
D0058,T0159,1,0.9830456972122192
D0003,T0340,0,0.3647707998752594
D0057,T0346,0,0.3929508626461029
D0007,T0376,0,0.3888233304023742
D0035,T0324,0,0.3319291472434997
D0027,T0158,0,0.350211501121521
D0015,T0309,0,0.3394396901130676
D0017,T0210,1,0.3574797213077545
D0047,T0184,0,0.7037810683250427
D0007,T0176,0,0.3819485008716583
D0049,T0179,0,0.3805592060089111
D0030,T0140,0,0.5337796807289124
D0059,T0173,0,0.3930204510688782
D0002,T0109,0,0.3386070430278778
D0020,T0126,0,0.3605758547782898
D0029,T0129,0,0.3828016519546509
D0029,T0314,0,0.3441069722175598
D0032,T0019,0,0.3214192688465118
D0056,T0046,0,0.393969863653183
D0064,T0380,0,0.3757790029048919
D0044,T0256,0,0.3640092611312866
D0041,T0226,0,0.3487643897533417
D0013,T0207,0,0.345935970544815
D0044,T0214,0,0.3900050520896911
D0054,T0131,0,0.3586180806159973
D0038,T0087,0,0.3748866021633148
D0064,T0343,0,0.3185777366161346
D0062,T0204,0,0.3666276633739471
D0045,T0145,0,0.3529453873634338
D0066,T0177,0,0.364082396030426
D0019,T0274,0,0.3615860939025879
D0042,T0212,0,0.3632308840751648
D0001,T0360,0,0.3409213423728943
D0025,T0162,0,0.3382352590560913
D0033,T0414,0,0.3244803249835968
D0065,T0323,0,0.3401013910770416
D0032,T0288,0,0.3835813403129577
D0053,T0251,0,0.4135154783725738
D0022,T0401,0,0.364961177110672
D0055,T0363,0,0.3629137873649597
D0011,T0364,0,0.3595232963562011
D0032,T0182,0,0.35257488489151
D0047,T0040,0,0.4004137814044952
D0037,T0362,0,0.36416956782341
D0047,T0112,0,0.3510052859783172
D0010,T0182,0,0.3414823412895202
D0031,T0060,0,0.4294420778751373
D0047,T0213,0,0.3994549810886383
D0051,T0387,0,0.3520296812057495
D0022,T0247,1,0.8583592176437378
D0044,T0307,0,0.3315914571285248
D0056,T0202,1,0.9831444025039672
D0057,T0313,0,0.3249348700046539
D0026,T0166,0,0.350588321685791
D0001,T0294,0,0.3680997192859649
D0038,T0073,0,0.3935315310955047
D0043,T0255,0,0.3385114669799804
D0039,T0226,0,0.3307323455810547
D0023,T0434,0,0.3717906475067138
D0000,T0283,0,0.3496783673763275
D0047,T0056,0,0.404725968837738
D0057,T0293,0,0.3835530281066894
D0060,T0108,0,0.4483477473258972
D0067,T0110,0,0.3555545806884765
D0005,T0040,0,0.3494231402873993
D0005,T0049,0,0.3640152513980865
D0007,T0357,0,0.3599953651428222
D0012,T0087,0,0.3573200106620788
D0061,T0054,0,0.3660061657428741
D0013,T0321,0,0.3478763997554779
D0015,T0095,0,0.3543025255203247
D0018,T0311,0,0.3386921882629394
D0060,T0239,0,0.3673731684684753
D0031,T0207,0,0.8947908878326416
D0052,T0245,0,0.4612607657909393
D0014,T0230,0,0.3575745224952698
D0066,T0405,0,0.4086610674858093
D0025,T0126,0,0.3504638075828552
D0058,T0389,0,0.96435546875
D0057,T0422,0,0.3876556754112243
D0033,T0031,0,0.3447554111480713
D0028,T0159,1,0.9906347393989564
D0019,T0365,0,0.3728249073028564
D0025,T0343,0,0.3369404971599579
D0036,T0323,0,0.3689049780368805
D0008,T0166,0,0.3496767580509186
D0058,T0249,0,0.3908364772796631
D0037,T0147,0,0.3505090475082397
D0038,T0360,0,0.3613685667514801
D0018,T0185,0,0.3655802011489868
D0013,T0289,0,0.354620099067688
D0047,T0227,0,0.3856154084205627
D0051,T0188,0,0.3562387228012085
D0011,T0173,0,0.3467690944671631
D0036,T0158,1,0.4406355321407318
D0058,T0365,0,0.8308271169662476
D0029,T0315,0,0.3441070020198822
D0036,T0119,0,0.372126817703247
D0004,T0037,0,0.3544671833515167
D0025,T0393,0,0.3658894300460815
D0040,T0255,0,0.3370898067951202
D0033,T0150,0,0.339508980512619
D0061,T0035,0,0.3830493092536926
D0054,T0181,0,0.3508323132991791
D0009,T0276,0,0.3475621342658996
D0005,T0106,0,0.3589684665203094
D0027,T0001,0,0.7918851971626282
D0036,T0059,0,0.3686846494674682
D0023,T0428,0,0.3481601178646087
D0018,T0332,0,0.3365643620491028
D0028,T0138,0,0.3346476852893829
D0020,T0413,0,0.373092919588089
D0034,T0022,0,0.3282315135002136
D0066,T0165,0,0.3742592334747314
D0046,T0016,0,0.3617759048938751
D0004,T0316,0,0.3567858636379242
D0063,T0151,0,0.3849240243434906
D0007,T0235,0,0.3880493938922882
D0025,T0077,0,0.3540512323379516
D0051,T0136,0,0.3527541160583496
D0066,T0268,0,0.3557111322879791
D0022,T0368,1,0.6159945726394653
D0032,T0214,0,0.3760394155979156
D0006,T0222,0,0.3581608235836029
D0015,T0255,0,0.3345884680747986
D0039,T0006,1,0.9595507979393004
D0009,T0415,0,0.3395831286907196
D0062,T0409,0,0.3878970444202423
D0044,T0198,0,0.3803602755069732
D0021,T0253,0,0.3181604743003845
D0014,T0178,0,0.3478905856609344
D0047,T0212,0,0.3851337134838104
D0033,T0086,0,0.349680483341217
D0052,T0090,0,0.3692208230495453
D0012,T0090,0,0.3554584681987762
D0062,T0075,0,0.4109634757041931
D0055,T0296,0,0.3641318678855896
D0055,T0032,0,0.3590731620788574
D0010,T0336,0,0.343803346157074
D0015,T0440,0,0.3570021688938141
D0037,T0411,0,0.352559357881546
D0056,T0078,0,0.4525198340415954
D0031,T0293,1,0.4394550621509552
D0049,T0248,0,0.3525047600269317
D0051,T0043,0,0.3808937966823578
D0066,T0119,0,0.3631932139396667
D0025,T0177,0,0.342270016670227
D0064,T0428,0,0.3392371833324432
D0041,T0037,0,0.3428817689418793
D0058,T0357,0,0.345572680234909
D0040,T0296,0,0.3485934436321258
D0000,T0280,0,0.3451564908027649
D0018,T0381,0,0.3559950590133667
D0016,T0053,0,0.3714656829833984
D0015,T0114,0,0.3170050978660583
D0057,T0027,0,0.3387621939182281
D0058,T0334,0,0.3987726271152496
D0045,T0183,0,0.3388469815254211
D0043,T0371,0,0.3651114404201507
D0037,T0385,0,0.3620506823062897
D0014,T0191,0,0.3511247038841247
D0020,T0064,0,0.3988153040409088
D0054,T0227,0,0.3307531177997589
D0052,T0164,0,0.3248582482337951
D0023,T0106,0,0.3892200291156769
D0055,T0317,0,0.3175947070121765
D0014,T0207,0,0.4254736006259918
D0016,T0234,0,0.3721521198749542
D0008,T0233,0,0.3620476424694061
D0045,T0438,0,0.3802232146263122
D0058,T0155,0,0.3352504670619964
D0028,T0211,0,0.3680040836334228
D0009,T0231,0,0.3658252358436584
D0036,T0328,0,0.3556002974510193
D0048,T0377,0,0.3764711618423462
D0025,T0400,0,0.3465781509876251
D0047,T0427,1,0.9779876470565796
D0002,T0295,1,0.3774453997611999
D0060,T0400,0,0.3924107551574707
D0018,T0228,0,0.3789227604866028
D0028,T0254,0,0.3489083349704742
D0043,T0110,0,0.3435415029525757
D0033,T0028,0,0.3499796390533447
D0021,T0011,0,0.3813052773475647
D0043,T0381,0,0.3692612648010254
D0046,T0271,0,0.3476985394954681
D0009,T0257,0,0.349867045879364
D0028,T0164,0,0.9906347393989564
D0014,T0027,0,0.3633836805820465
D0016,T0013,0,0.7554146647453308
D0052,T0098,0,0.3675743639469147
D0062,T0359,0,0.3713233470916748
D0062,T0390,0,0.3735338151454925
D0039,T0061,0,0.352753221988678
D0067,T0177,0,0.34539595246315
D0012,T0241,0,0.36003178358078
D0060,T0316,0,0.3443249464035034
D0065,T0135,0,0.3432899415493011
D0034,T0080,0,0.3706636130809784
D0043,T0120,0,0.3473753929138183
D0017,T0398,0,0.33350670337677
D0035,T0014,1,0.4583450853824615
D0002,T0237,0,0.3693117797374725
D0034,T0266,0,0.383968323469162
D0061,T0093,0,0.3618708550930023
D0033,T0342,0,0.3409196138381958
D0011,T0365,0,0.3659581542015075
D0002,T0075,1,0.8907656073570251
D0005,T0152,0,0.3624735176563263
D0016,T0206,0,0.3473477959632873
D0009,T0342,0,0.3549054563045501
D0012,T0156,0,0.3630803823471069
D0042,T0019,0,0.3336901664733886
D0045,T0384,0,0.367199957370758
D0026,T0132,0,0.3301565051078796
D0010,T0286,0,0.3706869781017303
D0026,T0344,0,0.3135360181331634
D0030,T0220,0,0.3531508147716522
D0031,T0212,0,0.409415453672409
D0017,T0435,0,0.3208397924900055
D0024,T0169,0,0.3641067147254944
D0031,T0371,0,0.4310110509395599
D0048,T0265,0,0.3314094841480255
D0029,T0393,0,0.388722151517868
D0026,T0281,0,0.3428862392902374
D0024,T0382,0,0.3809318840503692
D0047,T0330,0,0.3421029448509216
D0019,T0217,0,0.3362420499324798
D0062,T0184,0,0.3869199156761169
D0021,T0297,0,0.3540423810482025
D0014,T0392,0,0.3774052560329437
D0052,T0375,0,0.3662534058094024
D0047,T0116,0,0.3510052859783172
D0034,T0245,0,0.3209162950515747
D0049,T0197,0,0.3677072823047638
D0038,T0353,0,0.4118030667304992
D0040,T0215,0,0.3343234956264496
D0023,T0334,0,0.4095972776412964
D0062,T0252,0,0.4027983248233795
D0002,T0279,0,0.3428496420383453
D0002,T0291,0,0.3464200794696808
D0063,T0068,0,0.4028979539871216
D0057,T0034,0,0.4902624487876892
D0066,T0330,0,0.3657961785793304
D0022,T0004,1,0.8521610498428345
D0053,T0008,0,0.4784753024578094
D0065,T0263,0,0.3625426590442657
D0033,T0108,0,0.3690547347068786
D0015,T0116,0,0.3170050978660583
D0044,T0223,0,0.3914561867713928
D0005,T0067,1,0.6548037528991699
D0020,T0163,0,0.3489223718643188
D0007,T0095,0,0.3592689633369446
D0020,T0436,0,0.3812591731548309
D0035,T0094,0,0.3654583394527435
D0011,T0277,0,0.3543134033679962
D0051,T0064,0,0.3636083304882049
D0025,T0085,0,0.3517013788223266
D0038,T0307,0,0.347816914319992
D0011,T0051,0,0.3524985611438751
D0008,T0435,0,0.342922031879425
D0047,T0364,0,0.3847372531890869
D0029,T0351,0,0.3635112345218658
D0010,T0431,0,0.3293698728084564
D0050,T0042,0,0.3548578321933746
D0037,T0349,0,0.3709262311458587
D0016,T0106,0,0.3672983050346374
D0035,T0114,0,0.3415330052375793
D0031,T0332,1,0.978018879890442
D0050,T0103,0,0.3554466664791107
D0000,T0147,0,0.3727676570415497
D0034,T0415,0,0.3521633446216583
D0018,T0149,0,0.3697692453861236
D0058,T0368,1,0.3621156811714172
D0024,T0212,0,0.3519325852394104
D0067,T0307,0,0.3380091488361358
D0062,T0132,0,0.3600673377513885
D0058,T0105,0,0.5311004519462585
D0037,T0115,0,0.3564163446426391
D0066,T0118,0,0.3631932139396667
D0000,T0043,0,0.3671826720237732
D0050,T0053,0,0.3607069253921509
D0065,T0243,0,0.3796699345111847
D0018,T0237,0,0.3430966436862945
D0052,T0016,0,0.3902312815189361
D0054,T0356,0,0.3455207049846649
D0054,T0026,0,0.3350841104984283
D0027,T0199,0,0.3729844987392425
D0053,T0391,0,0.4048833549022674
D0053,T0043,0,0.3981598913669586
D0030,T0312,0,0.3235028982162475
D0063,T0345,0,0.3438578248023987
D0030,T0115,1,0.9796701669692992
D0064,T0156,0,0.3710717260837555
D0013,T0057,0,0.377683013677597
D0007,T0222,0,0.3743233382701874
D0008,T0304,0,0.3424622118473053
D0028,T0365,0,0.375493586063385
D0028,T0144,0,0.3737828433513641
D0019,T0345,0,0.3473218083381653
D0041,T0082,0,0.415065199136734
D0042,T0154,0,0.3830364346504211
D0008,T0403,0,0.3367822468280792
D0057,T0302,0,0.3559570610523224
D0012,T0367,0,0.3489007651805877
D0024,T0268,0,0.3604579567909241
D0010,T0287,0,0.3626274764537811
D0022,T0107,0,0.4145672917366028
D0067,T0093,0,0.3615065217018127
D0008,T0059,0,0.343534767627716
D0006,T0042,0,0.3539452254772186
D0007,T0116,0,0.3540723323822021
D0026,T0323,0,0.3250840902328491
D0033,T0198,0,0.3636648058891296
D0031,T0255,1,0.5202761292457581
D0058,T0212,0,0.4108300805091858
D0017,T0314,0,0.3106268644332886
D0029,T0257,0,0.3566116392612457
D0053,T0192,0,0.3882402777671814
D0028,T0378,0,0.3669368624687195
D0054,T0067,0,0.3387052118778229
D0047,T0426,0,0.3720346987247467
D0021,T0291,0,0.353717029094696
D0060,T0263,0,0.3533113002777099
D0005,T0235,0,0.3741738200187683
D0054,T0100,0,0.3593027591705322
D0066,T0366,0,0.3562926054000854
D0037,T0380,0,0.3609269261360168
D0036,T0433,0,0.3521768152713775
D0030,T0396,0,0.3769168853759765
D0007,T0008,0,0.4270529448986053
D0066,T0283,0,0.3608424663543701
D0049,T0377,0,0.3715508282184601
D0042,T0269,0,0.3778363466262817
D0029,T0259,0,0.3300479650497436
D0056,T0304,1,0.7927641272544861
D0053,T0120,0,0.371432214975357
D0023,T0231,0,0.3843095004558563
D0047,T0100,0,0.3947644233703613
D0055,T0266,0,0.3972378969192505
D0048,T0154,0,0.3807579576969147
D0022,T0268,0,0.3580002188682556
D0056,T0124,0,0.389654666185379
D0019,T0250,0,0.3885470032691955
D0056,T0247,0,0.3270400464534759
D0007,T0332,0,0.3597602546215057
D0016,T0303,0,0.375562459230423
D0048,T0402,0,0.3516462743282318
D0060,T0025,0,0.3764774203300476
D0066,T0075,0,0.3784953653812408
D0016,T0367,0,0.3284828960895538
D0028,T0390,0,0.3990283608436584
D0062,T0374,0,0.3761070668697357
D0065,T0325,0,0.33693328499794
D0050,T0267,0,0.3679752647876739
D0052,T0120,0,0.3455378115177154
D0048,T0365,0,0.3789955675601959
D0044,T0366,0,0.3521982431411743
D0055,T0144,0,0.3876116573810577
D0026,T0005,0,0.3366808891296386
D0038,T0238,1,0.9101456999778748
D0067,T0027,0,0.3517085313796997
D0022,T0055,0,0.3681433796882629
D0011,T0219,0,0.3665009438991546
D0065,T0103,0,0.3472890257835388
D0065,T0007,1,0.8882794976234436
D0036,T0440,0,0.3631699085235595
D0036,T0206,0,0.3755407333374023
D0027,T0190,0,0.348344087600708
D0056,T0093,0,0.4442425966262817
D0049,T0431,0,0.3605630099773407
D0016,T0414,0,0.3682697117328644
D0026,T0034,0,0.3605746030807495
D0002,T0439,0,0.41848024725914
D0022,T0083,0,0.3931634724140167
D0057,T0167,0,0.3877310454845428
D0036,T0365,0,0.3722294569015503
D0030,T0322,0,0.3944417238235473
D0044,T0158,0,0.4050577282905578
D0044,T0236,0,0.3696191310882568
D0057,T0082,0,0.3856256902217865
D0021,T0005,0,0.3813052773475647
D0010,T0268,0,0.3251816928386688
D0001,T0061,0,0.3467220962047577
D0026,T0338,0,0.3605765104293823
D0029,T0246,0,0.3202190697193146
D0023,T0026,0,0.3907161951065063
D0066,T0098,0,0.3882801532745361
D0048,T0038,0,0.3554809987545013
D0064,T0220,0,0.3895785510540008
D0021,T0080,0,0.3502619564533233
D0018,T0337,0,0.3597990870475769
D0065,T0030,0,0.3746863305568695
D0047,T0211,0,0.3731025755405426
D0021,T0220,0,0.3501029908657074
D0066,T0425,0,0.3659647703170776
D0050,T0248,0,0.3746622204780578
D0045,T0151,0,0.3762112855911255
D0045,T0435,0,0.341576337814331
D0010,T0030,0,0.3432531356811523
D0030,T0153,0,0.3616079688072204
D0035,T0036,0,0.3829869627952575
D0045,T0046,0,0.355071872472763
D0052,T0324,0,0.349750280380249
D0040,T0334,0,0.3204581439495086
D0041,T0094,0,0.3886979222297668
D0017,T0051,0,0.3421522080898285
D0032,T0380,0,0.366260826587677
D0003,T0277,0,0.3802137672901153
D0059,T0059,0,0.3871401846408844
D0035,T0058,0,0.3587720394134521
D0066,T0196,1,0.3965775668621063
D0035,T0089,0,0.3444419503211975
D0060,T0422,0,0.3717280328273773
D0010,T0329,0,0.3088852167129516
D0009,T0427,0,0.3570789694786072
D0067,T0039,0,0.3510980606079101
D0013,T0419,0,0.3513259887695312
D0002,T0149,0,0.3568904101848602
D0064,T0363,0,0.4268319308757782
D0019,T0241,0,0.374108612537384
D0011,T0266,0,0.3669074773788452
D0039,T0385,0,0.3706755042076111
D0029,T0072,0,0.3773529827594757
D0065,T0189,0,0.3498478829860687
D0051,T0168,0,0.3737779855728149
D0025,T0148,0,0.3524242043495178
D0010,T0324,0,0.3313992619514465
D0008,T0308,0,0.3160636126995086
D0038,T0205,0,0.4413557946681976
D0022,T0133,1,0.9591606259346008
D0021,T0110,0,0.3346423506736755
D0061,T0046,0,0.33850759267807
D0057,T0403,0,0.3785870671272278
D0046,T0203,0,0.4257920384407043
D0057,T0275,0,0.35675048828125
D0053,T0441,0,0.3795996308326721
D0052,T0421,0,0.3644924163818359
D0039,T0185,0,0.3573566675186157
D0024,T0271,0,0.3644701242446899
D0002,T0172,0,0.3397002816200256
D0027,T0134,0,0.365500271320343
D0022,T0009,1,0.8521610498428345
D0028,T0141,0,0.364414781332016
D0002,T0299,0,0.3510621786117553
D0049,T0361,0,0.3634977340698242
D0014,T0316,0,0.350240021944046
D0057,T0379,0,0.3992648124694824
D0010,T0259,0,0.3202501833438873
D0016,T0222,0,0.3521964251995086
D0003,T0021,0,0.346860408782959
D0041,T0018,0,0.3797848224639892
D0067,T0000,0,0.3684347867965698
D0061,T0082,0,0.3371415436267853
D0034,T0116,0,0.3410087823867798
D0000,T0263,0,0.4296957552433014
D0037,T0162,0,0.4991593360900879
D0059,T0212,0,0.3694466948509216
D0039,T0274,0,0.3509692251682281
D0022,T0165,1,0.9876484870910645
D0037,T0054,0,0.361072301864624
D0011,T0172,0,0.3646597564220428
D0038,T0005,0,0.3961812257766723
D0042,T0379,0,0.3625932037830353
D0060,T0262,0,0.5015981197357178
D0017,T0231,0,0.3464044034481048
D0020,T0358,0,0.3449645042419433
D0035,T0424,0,0.3508013486862182
D0057,T0141,0,0.3691148459911346
D0000,T0150,0,0.3403090536594391
D0007,T0135,0,0.3695326447486877
D0030,T0208,0,0.3603803217411041
D0028,T0391,0,0.3719465732574463
D0010,T0018,0,0.3164176940917969
D0050,T0014,0,0.3795132637023926
D0058,T0167,0,0.9051571488380432
D0063,T0033,0,0.3529614806175232
D0012,T0294,0,0.383732259273529
D0036,T0047,0,0.3738743960857391
D0011,T0005,0,0.3655093610286712
D0013,T0236,0,0.3553808331489563
D0027,T0261,0,0.3320387303829193
D0027,T0282,0,0.3530334830284118
D0060,T0393,0,0.3743050396442413
D0053,T0191,0,0.3757263720035553
D0046,T0307,0,0.9742015600204468
D0041,T0116,0,0.3620775640010834
D0013,T0000,0,0.381791204214096
D0040,T0030,0,0.3630973696708679
D0009,T0275,0,0.3539689183235168
D0026,T0405,0,0.3494334816932678
D0059,T0309,0,0.3961327970027923
D0031,T0064,0,0.4228491485118866
D0035,T0358,0,0.3391344845294952
D0031,T0085,0,0.403624027967453
D0029,T0046,0,0.3743163645267486
D0014,T0317,0,0.350240021944046
D0051,T0117,0,0.3312729001045227
D0059,T0096,0,0.3698670864105224
D0045,T0245,0,0.2992613315582275
D0033,T0143,0,0.3599135875701904
D0025,T0156,0,0.3765832483768463
D0028,T0142,0,0.3649263381958008
D0064,T0068,0,0.3662424087524414
D0016,T0169,0,0.3745785057544708
D0059,T0121,0,0.3379366993904114
D0027,T0203,0,0.9370474219322203
D0018,T0241,0,0.3550419807434082
D0054,T0399,0,0.3348803520202636
D0016,T0028,0,0.3753089606761932
D0017,T0279,0,0.3323037624359131
D0000,T0315,0,0.3425270020961761
D0046,T0025,0,0.3486529886722564
D0028,T0274,0,0.3559361696243286
D0004,T0147,0,0.3985515236854553
D0046,T0199,0,0.386091947555542
D0013,T0003,0,0.4019159376621246
D0051,T0050,0,0.3532784283161163
D0010,T0114,0,0.9095685482025146
D0032,T0439,0,0.3880877494812011
D0039,T0184,0,0.3536922037601471
D0058,T0413,0,0.856562077999115
D0028,T0008,0,0.4107899963855743
D0048,T0271,0,0.3889707326889038
D0054,T0379,0,0.342169314622879
D0026,T0255,0,0.3216777741909027
D0050,T0111,0,0.3377331793308258
D0004,T0349,0,0.3886620104312897
D0023,T0279,0,0.3666463792324066
D0006,T0161,0,0.362141877412796
D0012,T0374,0,0.3639120459556579
D0044,T0274,0,0.365505188703537
D0060,T0002,0,0.401725023984909
D0016,T0333,0,0.343606173992157
D0054,T0116,0,0.3323842883110046
D0000,T0290,0,0.3828040063381195
D0017,T0002,1,0.995717465877533
D0025,T0308,0,0.3341585993766784
D0051,T0041,0,0.3708592057228088
D0056,T0148,0,0.5845414400100708
D0053,T0183,0,0.3755005002021789
D0030,T0038,0,0.3783491849899292
D0005,T0004,0,0.391526311635971
D0050,T0118,0,0.3414718508720398
D0067,T0186,0,0.3192314505577087
D0045,T0373,0,0.3561984896659851
D0001,T0433,0,0.3393205404281616
D0042,T0124,0,0.3512724339962005
D0009,T0015,0,0.4014909863471985
D0058,T0275,0,0.3672260344028473
D0017,T0372,0,0.3382832705974579
D0001,T0378,0,0.3615595400333404
D0028,T0220,0,0.3443758189678192
D0020,T0200,0,0.3382271826267242
D0010,T0100,0,0.3551414012908935
D0024,T0180,0,0.3418076038360595
D0050,T0380,0,0.3614127337932586
D0035,T0372,0,0.3580939173698425
D0041,T0097,0,0.417883813381195
D0029,T0433,0,0.349639892578125
D0005,T0378,0,0.3778051733970642
D0027,T0093,0,0.3606288135051727
D0065,T0377,0,0.3572755455970764
D0028,T0428,0,0.3865333497524261
D0038,T0034,0,0.4795292317867279
D0035,T0414,0,0.3336797058582306
D0003,T0403,0,0.3780545890331268
D0052,T0005,0,0.4158401191234588
D0016,T0274,0,0.3645797967910766
D0060,T0221,0,0.3804975152015686
D0003,T0061,1,0.3484160304069519
D0027,T0342,0,0.3339398205280304
D0057,T0210,0,0.3963750004768371
D0040,T0331,0,0.3351722359657287
D0005,T0165,0,0.3534927368164062
D0025,T0399,0,0.3557393252849579
D0002,T0249,1,0.3541838526725769
D0034,T0270,0,0.3471100330352783
D0031,T0066,0,0.4516908824443817
D0011,T0122,0,0.3290285468101501
D0005,T0382,0,0.3708007633686065
D0037,T0193,0,0.3645238578319549
D0035,T0012,0,0.4583450853824615
D0053,T0180,1,0.3635508120059967
D0039,T0227,0,0.3425790965557098
D0005,T0090,0,0.3646993339061737
D0031,T0116,0,0.4258945286273956
D0030,T0189,0,0.3687001466751098
D0013,T0191,0,0.3619133830070495
D0024,T0306,0,0.3505279719829559
D0047,T0321,0,0.3481862545013428
D0058,T0310,0,0.318399429321289
D0035,T0024,0,0.3403683602809906
D0049,T0007,0,0.3644500374794006
D0061,T0262,0,0.343798965215683
D0042,T0035,0,0.3877137899398803
D0035,T0302,0,0.3485080301761627
D0015,T0073,0,0.3667998313903808
D0060,T0201,0,0.4056451618671417
D0043,T0235,0,0.3720730245113373
D0005,T0291,0,0.3747836947441101
D0063,T0351,0,0.3766052722930908
D0023,T0414,0,0.348488450050354
D0015,T0269,0,0.3638555407524109
D0060,T0430,0,0.5580437779426575
D0055,T0322,0,0.3689571321010589
D0054,T0176,0,0.3362786173820495
D0052,T0236,0,0.3664246499538421
D0047,T0107,0,0.5681055784225464
D0043,T0254,0,0.3382361829280853
D0039,T0354,0,0.31139075756073
D0000,T0167,0,0.362376868724823
D0022,T0283,0,0.3496065437793731
D0055,T0196,0,0.3601670861244201
D0053,T0402,0,0.3975315392017364
D0003,T0318,0,0.3608544766902923
D0057,T0018,0,0.3676785230636596
D0005,T0204,0,0.3487590849399566
D0037,T0216,0,0.3580643236637115
D0035,T0348,0,0.3176620304584503
D0023,T0409,0,0.3603622019290924
D0008,T0076,0,0.3476861119270324
D0023,T0264,0,0.3716381192207336
D0026,T0187,0,0.3366711735725403
D0033,T0405,0,0.3545615077018738
D0006,T0108,0,0.4033581912517547
D0042,T0098,0,0.3611991107463836
D0060,T0351,0,0.4127451777458191
D0053,T0430,1,0.4074818789958954
D0051,T0165,0,0.3749838769435882
D0007,T0409,0,0.3865858316421509
D0000,T0247,0,0.3084651231765747
D0041,T0155,0,0.3586229085922241
D0048,T0280,0,0.3560217320919037
D0055,T0067,0,0.3739300668239593
D0039,T0366,0,0.3431069254875183
D0001,T0008,0,0.3912061154842376
D0001,T0045,0,0.3158528208732605
D0043,T0311,0,0.3200770318508148
D0019,T0059,0,0.3818663656711578
D0064,T0083,0,0.3304578959941864
D0047,T0061,0,0.3798591792583465
D0030,T0274,0,0.377527505159378
D0037,T0229,0,0.3495500385761261
D0027,T0430,0,0.3315408825874328
D0056,T0073,0,0.4371805489063263
D0029,T0355,0,0.3746881186962127
D0023,T0186,0,0.3470295667648315
D0057,T0258,1,0.4137102663516998
D0061,T0406,0,0.3506212830543518
D0002,T0179,1,0.5404906868934631
D0049,T0169,0,0.3705028891563415
D0021,T0295,0,0.3525053560733795
D0002,T0230,0,0.3683973550796509
D0011,T0143,0,0.3633531630039215
D0052,T0051,0,0.3801292181015014
D0030,T0172,0,0.369525671005249
D0021,T0338,0,0.3790474832057953
D0012,T0075,0,0.3490094840526581
D0018,T0384,0,0.3564770519733429
D0006,T0349,0,0.3626229763031006
D0017,T0271,0,0.314575582742691
D0021,T0141,0,0.3528849184513092
D0034,T0186,0,0.3351324498653412
D0023,T0297,0,0.3538588881492615
D0033,T0348,0,0.3217434585094452
D0019,T0127,0,0.3536379635334015
D0067,T0192,0,0.3483860194683075
D0003,T0336,0,0.3923981189727783
D0057,T0203,0,0.9487528204917908
D0065,T0029,0,0.3631102740764618
D0058,T0246,0,0.2991825640201568
D0051,T0134,0,0.346362829208374
D0052,T0360,0,0.3549947440624237
D0060,T0323,0,0.3987284302711487
D0060,T0057,0,0.3997065722942352
D0036,T0412,0,0.3721300959587097
D0039,T0423,0,0.3450903594493866
D0042,T0221,0,0.3632565140724182
D0066,T0368,0,0.3538684248924255
D0024,T0102,0,0.3572376668453216
D0011,T0253,0,0.3349396586418152
D0052,T0383,0,0.3783120512962341
D0046,T0004,0,0.3835490047931671
D0020,T0309,0,0.3785963058471679
D0058,T0195,1,0.4375910460948944
D0027,T0440,0,0.3469439446926117
D0053,T0263,0,0.3507635295391083
D0007,T0103,0,0.3696061074733734
D0010,T0059,0,0.3271907866001129
D0059,T0395,0,0.37787926197052
D0043,T0040,0,0.3505772650241852
D0023,T0262,0,0.3729059100151062
D0033,T0345,0,0.3444997668266296
D0037,T0234,0,0.3662925660610199
D0013,T0268,0,0.3713641464710235
D0057,T0333,0,0.3815537095069885
D0063,T0100,0,0.3866502046585083
D0003,T0045,0,0.3450551927089691
D0029,T0297,0,0.4695495069026947
D0060,T0067,0,0.3902792036533355
D0002,T0222,0,0.3550591468811035
D0026,T0380,0,0.3353549540042877
D0009,T0048,0,0.3595011234283447
D0028,T0313,0,0.32707279920578
D0061,T0068,0,0.3549556136131286
D0001,T0278,0,0.3506272733211517
D0065,T0078,0,0.3700766265392303
D0059,T0054,0,0.3634361922740936
D0043,T0360,0,0.3416163027286529
D0018,T0042,0,0.3442789912223816
D0046,T0201,0,0.4257920384407043
D0020,T0359,0,0.400960773229599
D0011,T0339,0,0.4132037460803985
D0022,T0037,1,0.9639407992362976
D0002,T0202,0,0.9919474720954896
D0035,T0018,0,0.3416549563407898
D0022,T0198,0,0.3934786021709442
D0011,T0178,0,0.3595251739025116
D0017,T0092,0,0.3392793834209442
D0067,T0008,0,0.3724386692047119
D0020,T0260,0,0.3671829998493194
D0036,T0312,0,0.3416269719600677
D0050,T0177,0,0.3457096517086029
D0023,T0335,0,0.3571208119392395
D0018,T0180,0,0.3401663601398468
D0017,T0374,0,0.3222962319850921
D0051,T0167,0,0.3698558211326599
D0036,T0156,0,0.3703727424144745
D0039,T0260,0,0.3640018105506897
D0040,T0409,0,0.3746240437030792
D0036,T0152,0,0.3697516620159149
D0028,T0137,0,0.3583991825580597
D0004,T0377,0,0.3813237249851227
D0037,T0334,0,0.3524348735809326
D0063,T0265,0,0.352855384349823
D0037,T0089,0,0.3514962196350097
D0046,T0192,0,0.3582863807678222
D0030,T0061,0,0.3582450151443481
D0057,T0192,1,0.36337411403656
D0015,T0167,0,0.3727334141731262
D0002,T0427,0,0.3633644878864288
D0046,T0053,0,0.385082870721817
D0021,T0035,0,0.3699527680873871
D0008,T0072,0,0.3510757386684418
D0062,T0074,0,0.4023933112621307
D0035,T0223,0,0.3547128140926361
D0045,T0425,0,0.3604312837123871
D0009,T0397,0,0.3578390777111053
D0009,T0150,0,0.3374278247356415
D0036,T0095,0,0.3622256815433502
D0005,T0429,0,0.362715870141983
D0009,T0058,0,0.3665269315242767
D0035,T0362,0,0.3784686028957367
D0011,T0374,0,0.3615474998950958
D0064,T0441,0,0.3457739949226379
D0027,T0417,0,0.3283690214157104
D0054,T0251,0,0.3500723242759704
D0006,T0383,0,0.3516146838665008
D0001,T0159,1,0.9665457606315612
D0055,T0045,0,0.3096241354942322
D0025,T0215,0,0.3418784737586975
D0047,T0371,0,0.3940066993236542
D0058,T0035,0,0.7981235980987549
D0051,T0184,0,0.3448134958744049
D0062,T0024,0,0.3708775639533996
D0031,T0346,1,0.7032757997512817
D0012,T0401,0,0.3486766219139099
D0023,T0019,0,0.4098377823829651
D0042,T0164,0,0.3334246575832367
D0000,T0409,0,0.3571321964263916
D0048,T0152,0,0.3547223508358001
D0060,T0120,0,0.3738704919815063
D0035,T0124,0,0.3396203219890594
D0007,T0256,0,0.371735155582428
D0017,T0059,0,0.3318215310573578
D0009,T0174,0,0.3645060956478119
D0050,T0342,0,0.3523093461990356
D0065,T0089,0,0.350530058145523
D0052,T0318,0,0.3473002016544342
D0063,T0408,0,0.3490922451019287
D0012,T0252,0,0.362172394990921
D0041,T0173,0,0.4080610871315002
D0026,T0360,0,0.3208529353141784
D0033,T0379,0,0.3543180823326111
D0059,T0265,0,0.3288928270339966
D0049,T0234,0,0.3684911429882049
D0000,T0221,0,0.3756235837936401
D0031,T0112,0,0.4258945286273956
D0058,T0032,0,0.397998571395874
D0039,T0308,0,0.3288407027721405
D0016,T0423,0,0.3874923288822174
D0011,T0333,0,0.34278604388237
D0019,T0341,0,0.3367508053779602
D0011,T0353,0,0.3618917167186737
D0052,T0331,0,0.348290354013443
D0062,T0256,0,0.3682700395584106
D0000,T0380,0,0.3964316248893738
D0039,T0095,0,0.3328120708465576
D0001,T0207,0,0.9022277593612672
D0026,T0317,0,0.3211361765861511
D0016,T0151,0,0.3639388978481293
D0056,T0016,0,0.915417730808258
D0053,T0068,0,0.3671378791332245
D0004,T0054,0,0.3809520304203033
D0062,T0030,0,0.3784191608428955
D0030,T0068,0,0.3492904901504516
D0026,T0239,0,0.3447604179382324
D0047,T0370,0,0.4015653729438782
D0004,T0384,0,0.3746057450771332
D0055,T0147,0,0.3293921947479248
D0067,T0341,0,0.3152044415473938
D0001,T0165,0,0.3944320976734161
D0008,T0053,0,0.344051718711853
D0025,T0145,0,0.3603906333446502
D0013,T0181,0,0.3786446750164032
D0030,T0035,0,0.4009577929973602
D0029,T0201,0,0.5873541831970215
D0027,T0130,0,0.3191539049148559
D0057,T0323,0,0.3739426732063293
D0035,T0178,0,0.3395177125930786
D0061,T0134,0,0.3409542739391327
D0051,T0075,0,0.3670810461044311
D0027,T0056,0,0.354302167892456
D0061,T0399,0,0.3657092452049255
D0032,T0058,0,0.359797865152359
D0028,T0129,0,0.3721026480197906
D0059,T0193,0,0.367821455001831
D0007,T0327,0,0.3691135942935943
D0031,T0079,0,0.4742510318756103
D0014,T0204,0,0.4254736006259918
D0035,T0346,0,0.3415870070457458
D0009,T0274,0,0.3566720485687256
D0025,T0403,0,0.3613033294677734
D0019,T0009,0,0.3773307204246521
D0066,T0074,0,0.3634319901466369
D0031,T0011,0,0.3807487487792969
D0037,T0247,0,0.3198198974132538
D0057,T0268,0,0.3717101812362671
D0038,T0335,0,0.3832899928092956
D0019,T0337,0,0.3764952719211578
D0060,T0167,0,0.4213437139987945
D0062,T0126,0,0.3590609431266784
D0034,T0280,0,0.3578245341777801
D0037,T0129,0,0.3867129385471344
D0025,T0350,0,0.3365088999271393
D0042,T0438,0,0.3487809002399444
D0048,T0183,0,0.3529454469680786
D0011,T0424,0,0.3803107142448425
D0046,T0268,0,0.3446941971778869
D0023,T0339,0,0.4728953838348388
D0000,T0231,0,0.3767820000648498
D0007,T0178,0,0.3858897984027862
D0022,T0306,0,0.3397741019725799
D0035,T0214,0,0.368114173412323
D0014,T0140,1,0.9489741921424866
D0030,T0280,0,0.3718620836734772
D0018,T0067,0,0.3521625995635986
D0029,T0094,0,0.3847691416740417
D0029,T0370,0,0.3743149638175964
D0017,T0229,0,0.371317982673645
D0000,T0075,0,0.3685497045516968
D0032,T0033,0,0.3470481038093567
D0040,T0017,0,0.5302647948265076
D0002,T0224,0,0.3535409569740295
D0058,T0087,0,0.3856428861618042
D0013,T0229,0,0.3345810770988464
D0004,T0441,0,0.3598847389221191
D0018,T0134,0,0.3530693352222442
D0005,T0176,0,0.3723859190940857
D0001,T0306,0,0.33451908826828
D0015,T0026,0,0.3674306869506836
D0045,T0103,0,0.3997668325901031
D0033,T0207,0,0.3498420715332031
D0039,T0290,0,0.3517683744430542
D0052,T0277,0,0.3806836009025574
D0005,T0149,0,0.3663411140441894
D0003,T0273,0,0.3656518459320068
D0001,T0034,0,0.4015627801418304
D0032,T0004,0,0.4435354769229889
D0066,T0380,0,0.3748679161071777
D0025,T0128,0,0.3485867083072662
D0040,T0115,0,0.3301174640655517
D0009,T0070,0,0.3605655133724212
D0019,T0107,0,0.4061556756496429
D0053,T0176,0,0.3719359636306762
D0051,T0282,0,0.3749153614044189
D0054,T0001,0,0.381459891796112
D0000,T0259,0,0.3197563588619232
D0063,T0165,0,0.4143774807453155
D0025,T0261,0,0.3395379781723022
D0057,T0249,0,0.3660342097282409
D0017,T0142,0,0.354014903306961
D0026,T0169,0,0.3437398970127105
D0057,T0234,0,0.3892411291599273
D0008,T0001,0,0.3945983946323395
D0014,T0053,0,0.3624332249164581
D0040,T0036,0,0.4402134120464325
D0055,T0254,0,0.3524346947669983
D0051,T0320,0,0.3420004546642303
D0028,T0192,0,0.3865395486354828
D0021,T0384,0,0.3534302711486816
D0067,T0141,0,0.3625043034553528
D0006,T0049,0,0.3767236769199371
D0046,T0361,0,0.3470669388771057
D0067,T0295,0,0.3607686758041382
D0010,T0035,0,0.35426065325737
D0061,T0222,0,0.340611070394516
D0045,T0022,0,0.3219748437404632
D0042,T0134,0,0.3405294716358185
D0023,T0204,0,0.3526385426521301
D0043,T0230,0,0.3567210435867309
D0022,T0098,0,0.3784091770648956
D0039,T0321,0,0.3299845159053802
D0049,T0271,0,0.3638356029987335
D0054,T0140,0,0.3282676339149475
D0057,T0424,0,0.3566627502441406
D0049,T0278,0,0.3562583923339844
D0005,T0409,0,0.3732623755931854
D0007,T0410,0,0.4031760394573211
D0036,T0317,0,0.3416269719600677
D0031,T0118,0,0.4258945286273956
D0023,T0095,0,0.3927919566631317
D0041,T0304,0,0.3774068355560303
D0053,T0074,0,0.3809582889080047
D0004,T0028,0,0.3829064071178436
D0033,T0074,0,0.3727462291717529
D0033,T0424,0,0.3446824252605438
D0037,T0278,0,0.3610442280769348
D0017,T0041,0,0.3250088393688202
D0029,T0390,0,0.3981776535511017
D0011,T0236,0,0.3703569769859314
D0013,T0041,0,0.3616987466812134
D0056,T0210,0,0.9064367413520812
D0010,T0265,0,0.35521000623703
D0041,T0362,0,0.3709025681018829
D0035,T0222,0,0.3486877381801605
D0014,T0174,0,0.3627012372016907
D0033,T0224,0,0.3426006734371185
D0024,T0042,0,0.3593831062316894
D0009,T0119,0,0.3264789879322052
D0032,T0041,0,0.3464945256710052
D0038,T0421,0,0.3783339858055115
D0006,T0088,0,0.3494399487972259
D0066,T0354,0,0.3457601070404053
D0031,T0289,0,0.4000090062618255
D0067,T0305,0,0.3609250485897064
D0057,T0271,0,0.3605157136917114
D0018,T0255,0,0.3458358347415924
D0028,T0031,0,0.36288982629776
D0012,T0050,0,0.3590845763683319
D0017,T0184,0,0.3411030769348144
D0056,T0434,1,0.3878085017204284
D0034,T0013,0,0.3760125637054443
D0054,T0142,0,0.3527803421020508
D0021,T0392,0,0.356244295835495
D0011,T0144,0,0.3639320731163025
D0030,T0419,0,0.3426823616027832
D0045,T0239,0,0.345630943775177
D0012,T0384,0,0.3479758501052856
D0019,T0251,0,0.3914256691932678
D0006,T0212,0,0.3564669191837311
D0024,T0436,0,0.358892410993576
D0053,T0359,0,0.3787821829319
D0017,T0408,0,0.3390362858772278
D0044,T0381,0,0.3859093189239502
D0045,T0358,0,0.3845112323760986
D0042,T0310,1,0.997057557106018
D0021,T0366,0,0.3378920555114746
D0063,T0049,0,0.3902490437030792
D0009,T0010,0,0.4014909863471985
D0067,T0053,0,0.356949508190155
D0005,T0140,0,0.3283155858516693
D0027,T0392,0,0.3533082604408264
D0033,T0067,0,0.3398418724536896
D0025,T0057,0,0.3659231960773468
D0021,T0256,0,0.3429611623287201
D0059,T0079,0,0.3503980040550232
D0012,T0168,0,0.3495848178863525
D0042,T0335,0,0.3558346033096313
D0059,T0167,0,0.3899048566818237
D0038,T0075,0,0.4143260717391968
D0054,T0296,0,0.3493497967720032
D0009,T0025,0,0.3487916588783264
D0021,T0081,0,0.3348000347614288
D0006,T0350,0,0.3297151625156402
D0031,T0259,0,0.3697637319564819
D0057,T0263,0,0.3227126896381378
D0001,T0292,0,0.3508694469928741
D0048,T0363,0,0.3863720893859863
D0056,T0244,1,0.3685957491397857
D0014,T0295,0,0.3515363037586212
D0060,T0404,0,0.3823786079883575
D0014,T0329,0,0.3398153483867645
D0055,T0316,0,0.3175947070121765
D0052,T0025,0,0.334888219833374
D0022,T0117,0,0.3556204438209533
D0043,T0029,0,0.3672288358211517
D0010,T0365,0,0.3464907109737396
D0051,T0035,0,0.3804643154144287
D0016,T0438,0,0.3355923295021057
D0048,T0339,1,0.8390914797782898
D0033,T0358,0,0.3257189095020294
D0050,T0216,0,0.363246351480484
D0057,T0126,0,0.3776550889015198
D0059,T0089,0,0.3633809387683868
D0010,T0051,0,0.3410195112228393
D0064,T0022,0,0.324994146823883
D0020,T0031,0,0.3569130599498749
D0013,T0428,0,0.3604948818683624
D0013,T0418,0,0.338392823934555
D0051,T0392,0,0.3615827560424804
D0052,T0280,0,0.3625678122043609
D0063,T0370,0,0.3661800324916839
D0063,T0286,0,0.4018319249153137
D0003,T0254,0,0.355777770280838
D0060,T0010,0,0.401725023984909
D0004,T0143,0,0.412041962146759
D0021,T0337,0,0.3488674163818359
D0000,T0091,0,0.3883487582206726
D0062,T0099,0,0.38785320520401
D0000,T0188,0,0.3530432879924774
D0057,T0049,0,0.3649985194206238
D0032,T0153,0,0.3500892221927643
D0012,T0157,0,0.375476598739624
D0024,T0118,0,0.3337922394275665
D0039,T0143,0,0.3862702548503876
D0048,T0242,0,0.3678841590881347
D0000,T0321,0,0.3745338916778564
D0014,T0432,0,0.3361515998840332
D0010,T0320,0,0.3351873755455017
D0013,T0392,0,0.356643944978714
D0009,T0313,0,0.3164069354534149
D0047,T0306,0,0.351935476064682
D0032,T0228,0,0.3705224096775055
D0000,T0194,0,0.3786052763462066
D0006,T0178,0,0.3571006059646606
D0018,T0069,0,0.3574092388153076
D0041,T0320,0,0.3629117608070373
D0026,T0185,0,0.3460304737091064
D0005,T0306,0,0.3814864158630371
D0055,T0354,0,0.3143864274024963
D0059,T0169,0,0.3531754612922668
D0042,T0210,0,0.350473940372467
D0048,T0054,0,0.3677698075771332
D0050,T0041,0,0.355181485414505
D0037,T0060,0,0.3861872255802154
D0001,T0314,0,0.339803010225296
D0014,T0237,0,0.4022763073444366
D0041,T0401,0,0.3696713745594024
D0057,T0079,0,0.3739338517189026
D0037,T0207,1,0.984664022922516
D0003,T0421,0,0.3561033308506012
D0037,T0287,0,0.3730822801589966
D0041,T0184,0,0.3513746857643127
D0002,T0168,0,0.3508862257003784
D0040,T0123,0,0.3301174640655517
D0005,T0234,0,0.3812920749187469
D0058,T0077,0,0.96865314245224
D0062,T0211,0,0.364973247051239
D0039,T0129,0,0.3738955855369568
D0030,T0326,0,0.3376189172267914
D0061,T0190,0,0.3493354618549347
D0032,T0215,0,0.3471908271312713
D0049,T0170,0,0.3733715713024139
D0045,T0096,0,0.3929360508918762
D0039,T0000,0,0.3998079001903534
D0055,T0372,0,0.3711209297180176
D0014,T0275,0,0.3570555448532104
D0010,T0373,0,0.3275094926357269
D0033,T0168,0,0.3437551856040954
D0045,T0125,0,0.3526214361190796
D0046,T0405,0,0.3649804890155792
D0013,T0133,0,0.3603850901126861
D0010,T0310,0,0.3166559040546417
D0013,T0283,0,0.3573425710201263
D0054,T0428,0,0.3474621474742889
D0024,T0171,0,0.3764846324920654
D0022,T0031,0,0.3699318170547485
D0029,T0206,1,0.5873541831970215
D0059,T0209,0,0.3569787442684173
D0008,T0217,0,0.3417198956012726
D0030,T0106,0,0.3678354322910309
D0035,T0195,0,0.3630225360393524
D0064,T0095,0,0.3402037918567657
D0015,T0205,1,0.933233082294464
D0004,T0040,0,0.3685502111911773
D0055,T0436,0,0.3410411775112152
D0022,T0180,0,0.3696202337741852
D0037,T0097,0,0.3887822926044464
D0010,T0394,0,0.3517480194568634
D0041,T0383,0,0.3912385404109955
D0009,T0438,0,0.3449232876300812
D0024,T0303,0,0.3810656368732452
D0058,T0016,0,0.5989764332771301
D0019,T0289,0,0.3506368994712829
D0064,T0180,0,0.3323394954204559
D0023,T0346,0,0.4063174128532409
D0048,T0113,0,0.3498094081878662
D0021,T0292,0,0.3637235164642334
D0052,T0052,0,0.3812151551246643
D0006,T0285,0,0.3628293573856354
D0042,T0196,0,0.3541804552078247
D0045,T0068,0,0.3407976329326629
D0061,T0278,0,0.3379562497138977
D0033,T0351,0,0.3471907079219818
D0020,T0414,0,0.3485923111438751
D0027,T0416,0,0.3496743440628052
D0045,T0409,0,0.3570856750011444
D0034,T0348,0,0.3670637011528015
D0027,T0214,0,0.3701235949993133
D0008,T0348,0,0.3481881022453308
D0012,T0209,0,0.3560713529586792
D0033,T0264,0,0.3578462898731231
D0052,T0230,0,0.3714740574359894
D0035,T0333,0,0.3327407538890838
D0006,T0117,0,0.3721902370452881
D0011,T0321,0,0.3452009856700897
D0023,T0130,0,0.3678590059280395
D0015,T0149,0,0.3519518077373504
D0033,T0136,0,0.326598584651947
D0026,T0277,0,0.3397707045078277
D0067,T0145,0,0.3639675676822662
D0049,T0106,0,0.3872525095939636
D0030,T0095,0,0.3366578221321106
D0025,T0179,0,0.3583590984344482
D0026,T0207,0,0.3783807754516601
D0018,T0131,0,0.3561270833015442
D0017,T0326,0,0.3121228814125061
D0032,T0404,0,0.3335079550743103
D0049,T0156,0,0.3617898821830749
D0030,T0269,0,0.3526607751846313
D0018,T0049,0,0.3661496639251709
D0020,T0253,0,0.3405637741088867
D0036,T0252,0,0.3836030066013336
D0051,T0097,0,0.3835064768791199
D0056,T0327,0,0.7490288615226746
D0038,T0024,0,0.3574932515621185
D0014,T0062,0,0.3491405248641968
D0033,T0382,0,0.3466200232505798
D0063,T0346,0,0.3445088565349579
D0042,T0190,0,0.3421852886676788
D0041,T0206,0,0.3339381217956543
D0051,T0113,0,0.3312729001045227
D0027,T0076,0,0.3512738049030304
D0023,T0190,0,0.3531365096569061
D0040,T0066,0,0.3256227076053619
D0033,T0034,0,0.3954744637012481
D0036,T0241,0,0.3720340132713318
D0006,T0430,1,0.483585000038147
D0060,T0154,0,0.4046505689620971
D0034,T0160,0,0.3484033644199371
D0050,T0378,0,0.3582188487052917
D0012,T0151,0,0.3490153551101684
D0055,T0356,1,0.4072270691394806
D0000,T0017,0,0.3874277770519256
D0021,T0360,0,0.3328794538974762
D0031,T0015,0,0.3807487487792969
D0047,T0292,0,0.3748896718025207
D0048,T0327,0,0.3598443567752838
D0011,T0422,0,0.3359077870845794
D0031,T0039,0,0.4167806804180145
D0021,T0145,0,0.3609624803066253
D0023,T0390,0,0.3903349936008453
D0005,T0225,0,0.393858790397644
D0042,T0257,0,0.3693785071372986
D0042,T0013,0,0.3706913590431213
D0040,T0117,0,0.3301174640655517
D0020,T0292,0,0.3948492109775543
D0020,T0298,0,0.3505659997463226
D0003,T0167,0,0.3852932751178741
D0004,T0240,0,0.3782461881637573
D0050,T0226,0,0.3323283791542053
D0012,T0042,0,0.3472792208194732
D0018,T0348,0,0.3268807530403137
D0023,T0411,0,0.3624910414218902
D0058,T0198,0,0.4023843109607696
D0026,T0144,0,0.3543634712696075
D0023,T0258,0,0.3414680659770965
D0005,T0059,0,0.3856921792030334
D0049,T0225,0,0.3785796165466308
D0014,T0265,0,0.3332012891769409
D0060,T0415,0,0.4862012863159179
D0004,T0033,0,0.3725981116294861
D0039,T0044,0,0.3033900558948517
D0021,T0286,0,0.3714057207107544
D0019,T0049,0,0.3658692538738251
D0056,T0399,1,0.9892314076423644
D0021,T0003,0,0.3813052773475647
D0025,T0017,0,0.3448037505149841
D0059,T0341,0,0.3198995590209961
D0059,T0215,0,0.3589901030063629
D0050,T0196,0,0.3658236861228943
D0002,T0419,0,0.3698364198207855
D0059,T0339,0,0.3162681758403778
D0016,T0089,0,0.3484265506267547
D0067,T0018,0,0.3322990834712982
D0051,T0342,0,0.3896533846855163
D0006,T0082,0,0.3415044248104095
D0041,T0431,0,0.3689394891262054
D0020,T0272,0,0.3690587878227234
D0017,T0149,0,0.3411405086517334
D0005,T0336,0,0.3911742269992828
D0059,T0004,0,0.3613406419754028
D0034,T0393,0,0.3799994587898254
D0027,T0218,0,0.3717960715293884
D0061,T0045,0,0.3106173276901245
D0010,T0140,1,0.8563463687896729
D0004,T0427,0,0.3645025491714477
D0049,T0376,0,0.3715508282184601
D0003,T0377,0,0.3603139221668243
D0062,T0226,0,0.3383893370628357
D0002,T0406,0,0.3581269979476928
D0036,T0021,0,0.3551893532276153
D0064,T0261,0,0.3319054841995239
D0064,T0418,0,0.3253458440303802
D0059,T0110,0,0.4180949330329895
D0020,T0132,0,0.3566955327987671
D0044,T0359,0,0.3501173853874206
D0040,T0276,0,0.3352778851985931
D0033,T0294,0,0.3469046950340271
D0010,T0258,0,0.6616277694702148
D0028,T0326,0,0.359850525856018
D0029,T0278,0,0.353693425655365
D0039,T0239,0,0.346720427274704
D0036,T0303,0,0.3764207065105438
D0041,T0142,0,0.3790219724178314
D0021,T0046,0,0.3491160273551941
D0000,T0396,0,0.5568912625312805
D0061,T0140,0,0.3368395566940307
D0061,T0378,0,0.3518376350402832
D0025,T0125,0,0.3368023037910461
D0021,T0159,0,0.3455587923526764
D0041,T0267,0,0.3951762318611145
D0064,T0320,0,0.3295621871948242
D0009,T0132,0,0.343498021364212
D0031,T0018,0,0.4007340371608734
D0038,T0258,0,0.9622131586074828
D0038,T0243,0,0.4165170788764953
D0039,T0101,0,0.3654256165027618
D0027,T0259,0,0.3016780912876129
D0003,T0269,0,0.3603715598583221
D0039,T0106,0,0.3450838029384613
D0012,T0375,0,0.3684239089488983
D0014,T0211,0,0.3570474982261657
D0038,T0303,0,0.3597639799118042
D0036,T0225,0,0.416002094745636
D0047,T0108,1,0.6917988657951355
D0050,T0376,0,0.3604582846164703
D0066,T0030,0,0.3718663156032562
D0058,T0333,0,0.3969454765319824
D0066,T0116,0,0.3631932139396667
D0031,T0302,0,0.4669466614723205
D0057,T0223,0,0.3809332847595215
D0065,T0388,0,0.3786939978599548
D0048,T0016,0,0.3559474647045135
D0047,T0204,1,0.9693886041641236
D0001,T0040,0,0.3503117561340332
D0001,T0330,0,0.3383151590824127
D0036,T0222,0,0.3671106398105621
D0038,T0080,0,0.4146445691585541
D0045,T0016,0,0.388447105884552
D0056,T0136,0,0.3445761203765869
D0035,T0370,0,0.3550429046154022
D0035,T0013,1,0.4583450853824615
D0020,T0354,0,0.3985982835292816
D0061,T0334,0,0.3384297490119934
D0066,T0010,1,0.4270356595516205
D0037,T0249,0,0.3601274490356445
D0031,T0182,0,0.5585649013519287
D0038,T0116,1,0.9964205026626588
D0021,T0017,0,0.3296785354614258
D0005,T0022,0,0.3373611569404602
D0016,T0348,0,0.4433956742286682
D0031,T0366,0,0.4469996392726898
D0060,T0161,1,0.9762898087501526
D0042,T0065,0,0.3975595831871032
D0036,T0043,0,0.377575010061264
D0006,T0132,0,0.3735807836055755
D0048,T0153,0,0.3807579576969147
D0025,T0067,0,0.3569549322128296
D0008,T0045,0,0.323809266090393
D0060,T0423,0,0.3614986836910248
D0014,T0202,0,0.4254736006259918
D0056,T0381,1,0.4019003212451935
D0005,T0109,0,0.3965388536453247
D0036,T0426,0,0.3670644760131836
D0048,T0189,0,0.3662305772304535
D0023,T0119,0,0.3482677340507507
D0004,T0039,0,0.3714112341403961
D0022,T0047,0,0.3805687129497528
D0015,T0382,0,0.389548659324646
D0058,T0276,0,0.4021139144897461
D0013,T0402,0,0.3533374369144439
D0023,T0175,0,0.3586114048957824
D0060,T0092,0,0.3733263909816742
D0018,T0247,0,0.3088389933109283
D0062,T0246,0,0.3372218608856201
D0063,T0397,0,0.3653065264225006
D0026,T0377,0,0.3329510986804962
D0050,T0230,0,0.3618483245372772
D0063,T0153,0,0.3530988693237304
D0047,T0353,0,0.4190339148044586
D0046,T0220,0,0.3796304762363434
D0007,T0305,0,0.377274602651596
D0028,T0105,0,0.338879644870758
D0008,T0383,0,0.3450042903423309
D0038,T0266,0,0.3806408941745758
D0045,T0299,0,0.3518113493919372
D0017,T0086,0,0.3402968347072601
D0057,T0026,0,0.3715176284313202
D0007,T0120,0,0.3540723323822021
D0061,T0436,0,0.3360080122947693
D0055,T0104,0,0.3661185801029205
D0055,T0246,0,0.3140861690044403
D0044,T0348,0,0.3807910680770874
D0030,T0121,1,0.9796701669692992
D0021,T0430,0,0.3390806317329407
D0059,T0278,0,0.3482019305229187
D0046,T0065,0,0.3652807474136352
D0030,T0066,0,0.3589656949043274
D0056,T0263,0,0.4132437407970428
D0007,T0087,0,0.3840512037277221
D0008,T0221,0,0.3441857993602752
D0064,T0143,0,0.3793915212154388
D0043,T0000,0,0.3860012292861938
D0027,T0381,0,0.3535468280315399
D0018,T0286,0,0.3850358426570892
D0018,T0224,0,0.358012855052948
D0045,T0354,0,0.3247896730899811
D0020,T0348,0,0.4265904724597931
D0014,T0049,0,0.3892824947834015
D0024,T0294,0,0.376767098903656
D0008,T0080,0,0.3601910173892975
D0055,T0167,0,0.373949259519577
D0008,T0005,0,0.3945983946323395
D0052,T0159,0,0.3248582482337951
D0044,T0015,0,0.3763559460639953
D0003,T0417,0,0.3419560194015503
D0034,T0136,0,0.3426107168197632
D0026,T0010,0,0.3366808891296386
D0011,T0088,0,0.3575535714626312
D0021,T0288,0,0.3621870875358581
D0003,T0349,0,0.3836021721363067
D0038,T0427,0,0.6661974191665649
D0000,T0119,0,0.333506166934967
D0049,T0308,0,0.3543141782283783
D0057,T0084,1,0.9115630388259888
D0011,T0185,0,0.3503583669662475
D0009,T0141,0,0.3674181699752807
D0015,T0286,0,0.3657937943935394
D0053,T0054,0,0.3939356803894043
D0009,T0008,0,0.4014909863471985
D0055,T0049,0,0.3628848195075989
D0031,T0239,1,0.4112794697284698
D0067,T0135,0,0.3419143855571747
D0039,T0428,0,0.351375550031662
D0055,T0020,0,0.32663294672966
D0012,T0121,0,0.3308579325675964
D0019,T0306,0,0.3394155204296112
D0048,T0429,0,0.3387544453144073
D0012,T0089,0,0.3504902422428131
D0018,T0163,0,0.3716317117214203
D0007,T0048,0,0.3947608470916748
D0027,T0353,0,0.3663597106933594
D0066,T0018,0,0.3688722550868988
D0001,T0078,0,0.3739640116691589
D0000,T0385,0,0.3509223461151123
D0028,T0040,0,0.3616923689842224
D0028,T0218,0,0.4100147485733032
D0031,T0090,0,0.3998066782951355
D0047,T0194,0,0.4924951493740082
D0051,T0426,0,0.3673814237117767
D0042,T0048,0,0.3591539561748504
D0064,T0204,0,0.3416610956192016
D0027,T0301,0,0.3417233526706695
D0005,T0239,0,0.3627223968505859
D0047,T0393,0,0.3994289934635162
D0027,T0138,0,0.3293560743331909
D0019,T0212,0,0.3615777194499969
D0000,T0438,0,0.3558416366577148
D0029,T0261,0,0.3612658679485321
D0021,T0047,0,0.3429223001003265
D0000,T0168,0,0.350416749715805
D0028,T0419,0,0.355571299791336
D0014,T0212,0,0.3625622987747192
D0009,T0000,0,0.3761051893234253
D0050,T0194,0,0.3744017779827118
D0048,T0053,0,0.3644405305385589
D0049,T0320,0,0.3641490042209625
D0008,T0073,0,0.3479601442813873
D0062,T0095,0,0.3618903160095215
D0025,T0285,0,0.3666542470455169
D0010,T0276,0,0.3204221725463867
D0064,T0282,0,0.3780210018157959
D0019,T0381,0,0.3747034072875976
D0014,T0153,0,0.3513857722282409
D0001,T0239,0,0.3651484847068786
D0067,T0270,0,0.339402437210083
D0036,T0112,0,0.372126817703247
D0040,T0048,0,0.352148026227951
D0046,T0403,0,0.3828010857105255
D0052,T0221,0,0.3715382218360901
D0004,T0367,0,0.3615939617156982
D0021,T0158,0,0.3455587923526764
D0017,T0067,0,0.3425507843494415
D0033,T0155,0,0.343439906835556
D0054,T0434,0,0.3353529870510101
D0035,T0164,0,0.3532754778861999
D0013,T0194,0,0.3818672299385071
D0035,T0274,0,0.347042053937912
D0001,T0017,0,0.3412463665008545
D0066,T0110,0,0.3546675443649292
D0060,T0357,0,0.5222575664520264
D0055,T0141,0,0.3729670643806457
D0009,T0393,0,0.3731428384780884
D0015,T0139,0,0.3140908181667328
D0037,T0030,0,0.371325671672821
D0017,T0080,0,0.3281137943267822
D0024,T0164,0,0.3440889716148376
D0040,T0342,0,0.3283272683620453
D0027,T0339,0,0.3131460845470428
D0022,T0410,1,0.6682866215705872
D0043,T0422,0,0.358652651309967
D0002,T0317,0,0.3186476528644562
D0063,T0113,0,0.3428517878055572
D0050,T0346,0,0.3439170122146606
D0029,T0396,0,0.4145460128784179
D0052,T0405,0,0.3957376778125763
D0040,T0142,0,0.3599984347820282
D0006,T0010,0,0.536475658416748
D0051,T0257,0,0.3606584966182709
D0055,T0388,0,0.3722428679466247
D0004,T0210,0,0.393276184797287
D0050,T0374,0,0.3603141605854034
D0051,T0347,0,0.3647877275943756
D0018,T0214,1,0.36744225025177
D0021,T0406,0,0.3409805297851562
D0053,T0005,0,0.4784753024578094
D0038,T0400,0,0.4292332231998443
D0015,T0403,0,0.3553453683853149
D0015,T0123,0,0.3170050978660583
D0033,T0312,0,0.3177642226219177
D0026,T0058,0,0.3375632762908935
D0017,T0157,0,0.3574332594871521
D0004,T0172,0,0.3732595443725586
D0039,T0278,0,0.3481470048427582
D0005,T0318,0,0.3901256322860718
D0005,T0210,0,0.3683044016361236
D0019,T0005,0,0.3773307204246521
D0036,T0160,1,0.4406355321407318
D0009,T0128,0,0.3462978899478912
D0044,T0420,0,0.3545889854431152
D0059,T0228,0,0.371403157711029
D0066,T0249,0,0.3802055120468139
D0061,T0352,0,0.333281934261322
D0044,T0300,0,0.3871509432792663
D0012,T0132,0,0.3532707989215851
D0009,T0216,0,0.3545301854610443
D0002,T0191,0,0.3398223221302032
D0067,T0014,0,0.3724386692047119
D0023,T0162,0,0.3476259708404541
D0020,T0221,0,0.3781889677047729
D0047,T0349,0,0.4090319871902466
D0003,T0071,0,0.4122019410133362
D0066,T0126,0,0.3727205991744995
D0055,T0010,0,0.4479079246520996
D0047,T0077,0,0.4401883482933044
D0038,T0103,0,0.3594033122062683
D0052,T0235,0,0.3723939061164856
D0032,T0402,0,0.3503198623657226
D0046,T0433,0,0.3338633477687835
D0001,T0394,0,0.3464956879615783
D0025,T0047,0,0.3640776872634887
D0054,T0320,0,0.3308784961700439
D0032,T0200,1,0.9418083429336548
D0038,T0320,0,0.3616700768470764
D0067,T0245,0,0.2992326319217682
D0004,T0252,0,0.3929385840892792
D0018,T0362,0,0.379496306180954
D0036,T0154,0,0.3554470241069793
D0032,T0302,0,0.3581553995609283
D0055,T0114,0,0.3599625825881958
D0037,T0050,0,0.357018768787384
D0054,T0291,0,0.351578950881958
D0044,T0257,0,0.3611252903938293
D0057,T0051,0,0.3714222311973572
D0038,T0064,0,0.3948764204978943
D0035,T0073,0,0.3737085163593292
D0054,T0037,0,0.3497694432735443
D0020,T0174,1,0.4126341044902801
D0027,T0323,0,0.3313406109809875
D0000,T0133,0,0.3537418842315674
D0003,T0008,0,0.41853067278862
D0026,T0130,0,0.3165092170238495
D0065,T0097,0,0.3602236807346344
D0000,T0007,0,0.3720293939113617
D0010,T0285,0,0.360550045967102
D0027,T0090,0,0.3416452705860138
D0014,T0406,0,0.3617331087589264
D0041,T0314,0,0.3447419106960296
D0024,T0157,0,0.3528170585632324
D0043,T0409,0,0.3564888536930084
D0040,T0149,0,0.3310894072055816
D0067,T0051,0,0.3568904101848602
D0063,T0417,0,0.3771881759166717
D0010,T0295,0,0.3457453846931457
D0013,T0366,0,0.3529377579689026
D0011,T0319,0,0.3331775367259979
D0041,T0204,0,0.3339381217956543
D0053,T0038,1,0.3801942765712738
D0028,T0194,0,0.3935929834842682
D0028,T0364,0,0.3680815696716308
D0058,T0020,0,0.4411381781101227
D0009,T0107,0,0.4006716609001159
D0027,T0379,0,0.3513364493846893
D0040,T0315,0,0.2898929119110107
D0009,T0315,0,0.3164069354534149
D0046,T0354,0,0.3242552280426025
D0027,T0434,0,0.331155002117157
D0009,T0245,0,0.2907210886478424
D0025,T0207,0,0.3663614094257355
D0065,T0138,0,0.7799992561340332
D0050,T0022,0,0.329068511724472
D0043,T0076,0,0.3760470449924469
D0029,T0058,0,0.3890334367752075
D0056,T0172,1,0.9228677749633788
D0061,T0310,0,0.3365493416786194
D0012,T0323,0,0.3557229042053222
D0013,T0324,0,0.3595772087574005
D0053,T0435,0,0.36424320936203
D0067,T0312,0,0.3154680430889129
D0011,T0191,0,0.3524734377861023
D0009,T0090,0,0.3528810441493988
D0067,T0282,0,0.3614359200000763
D0041,T0212,0,0.3631100356578827
D0002,T0080,0,0.3632839918136596
D0034,T0407,0,0.3582502901554107
D0056,T0212,0,0.4157254695892334
D0054,T0260,0,0.3429701030254364
D0034,T0259,0,0.3359014391899109
D0053,T0227,0,0.3703438937664032
D0030,T0297,0,0.3542077839374542
D0017,T0239,0,0.3510084152221679
D0065,T0051,0,0.3616170287132263
D0058,T0149,1,0.8715951442718506
D0026,T0351,0,0.3311184346675873
D0046,T0163,0,0.3444550633430481
D0052,T0210,0,0.3822731673717499
D0051,T0017,0,0.3656796216964721
D0021,T0371,0,0.3559359610080719
D0052,T0172,0,0.3589638769626617
D0012,T0247,0,0.3250545859336853
D0004,T0405,0,0.3615490794181824
D0061,T0089,0,0.3418841063976288
D0032,T0104,0,0.3716065287590027
D0035,T0167,0,0.3708896040916443
D0067,T0086,0,0.3504280149936676
D0047,T0307,0,0.3440741002559662
D0026,T0365,0,0.3361930847167969
D0020,T0374,0,0.3978357911109924
D0052,T0430,0,0.355548083782196
D0011,T0186,0,0.3299839198589325
D0029,T0290,0,0.3829200565814972
D0058,T0128,0,0.3733132183551788
D0032,T0100,0,0.3705406785011291
D0061,T0133,0,0.3394399583339691
D0063,T0249,0,0.3542580306529999
D0029,T0190,0,0.3774357438087463
D0020,T0276,0,0.3639298677444458
D0007,T0344,0,0.3635243773460388
D0000,T0103,0,0.3454209268093109
D0018,T0257,0,0.3504451811313629
D0033,T0170,0,0.3419334888458252
D0013,T0427,0,0.3792724907398224
D0009,T0233,0,0.3716228306293487
D0019,T0288,0,0.3616470396518707
D0067,T0325,0,0.3410489559173584
D0043,T0062,0,0.3451367616653442
D0033,T0403,0,0.3553831875324249
D0001,T0386,0,0.3843991756439209
D0017,T0266,0,0.3457846343517303
D0028,T0362,0,0.3905811309814453
D0056,T0282,0,0.4375395476818084
D0011,T0349,0,0.3670872151851654
D0053,T0025,0,0.3714130818843841
D0050,T0228,0,0.3724287748336792
D0033,T0153,0,0.3403524458408355
D0067,T0153,0,0.3301562070846557
D0042,T0364,0,0.3682906031608581
D0056,T0325,0,0.4376479387283325
D0005,T0224,0,0.3686709702014923
D0055,T0281,0,0.3771660029888153
D0066,T0090,0,0.3580001592636108
D0050,T0351,0,0.3605048060417175
D0018,T0020,0,0.3161159455776214
D0039,T0161,0,0.3705239295959472
D0026,T0300,0,0.3517366945743561
D0019,T0278,0,0.3644348978996277
D0016,T0397,0,0.378279834985733
D0062,T0245,0,0.3372218608856201
D0038,T0013,0,0.3961812257766723
D0007,T0272,0,0.378435343503952
D0017,T0176,0,0.3220819532871246
D0063,T0333,0,0.349628210067749
D0013,T0038,0,0.3762117326259613
D0055,T0309,0,0.3175947070121765
D0039,T0400,0,0.3749350607395172
D0029,T0288,0,0.3838652670383453
D0063,T0000,0,0.3980469107627868
D0016,T0100,0,0.4134620428085327
D0019,T0249,0,0.3652369081974029
D0042,T0292,0,0.3946749567985534
D0038,T0030,0,0.3816816210746765
D0034,T0335,0,0.3687859773635864
D0056,T0397,0,0.4049213528633117
D0011,T0017,0,0.3634763360023498
D0027,T0179,0,0.3401419818401336
D0063,T0222,0,0.3501642644405365
D0009,T0224,0,0.3522022366523742
D0049,T0226,0,0.3321998119354248
D0045,T0374,0,0.3561984896659851
D0056,T0031,1,0.7763705253601074
D0066,T0299,0,0.3727619349956512
D0044,T0347,0,0.3597147464752197
D0049,T0220,0,0.3784531950950622
D0035,T0051,0,0.3584449291229248
D0029,T0248,1,0.8703896999359131
D0004,T0262,0,0.6314666271209717
D0032,T0025,0,0.3416002094745636
D0024,T0000,0,0.3805972933769226
D0023,T0255,0,0.3491488397121429
D0011,T0312,0,0.3248695135116577
D0048,T0291,0,0.4021864235401153
D0065,T0412,0,0.333475649356842
D0059,T0060,0,0.385015457868576
D0063,T0390,0,0.3664308786392212
D0015,T0274,0,0.3596607148647308
D0005,T0015,0,0.391526311635971
D0067,T0253,0,0.3322610557079315
D0014,T0060,0,0.3530815839767456
D0051,T0371,0,0.3737379014492035
D0048,T0206,0,0.3480285704135895
D0056,T0167,0,0.8635082840919495
D0037,T0326,0,0.3509351909160614
D0021,T0339,0,0.3119120895862579
D0060,T0322,0,0.4136123955249786
D0020,T0159,0,0.3489223718643188
D0007,T0234,0,0.4025977849960327
D0026,T0119,1,0.9863414168357848
D0050,T0045,0,0.3414669930934906
D0035,T0248,0,0.3765283226966858
D0029,T0158,1,0.4517937004566192
D0034,T0131,0,0.3655416071414947
D0042,T0432,0,0.3372146785259247
D0028,T0123,0,0.343945562839508
D0050,T0126,0,0.3624806404113769
D0009,T0065,0,0.3583402633666992
D0052,T0220,0,0.4070981442928314
D0066,T0221,0,0.367950439453125
D0020,T0092,0,0.3885716795921325
D0048,T0047,0,0.3537200391292572
D0039,T0151,0,0.3773115277290344
D0001,T0036,0,0.4142905473709106
D0034,T0089,0,0.3582934439182281
D0014,T0293,0,0.38072469830513
D0007,T0367,0,0.3624894917011261
D0013,T0208,0,0.3530172407627105
D0024,T0068,0,0.3684403896331787
D0057,T0107,1,0.7387129068374634
D0033,T0227,0,0.3297218680381775
D0020,T0033,0,0.3663035631179809
D0014,T0101,0,0.3775570690631866
D0050,T0100,0,0.37482351064682
D0063,T0239,0,0.3529545664787292
D0049,T0173,0,0.3641055226325989
D0033,T0290,0,0.3474988341331482
D0015,T0058,0,0.3746680021286011
D0014,T0424,0,0.3590550720691681
D0001,T0205,1,0.9022277593612672
D0002,T0086,0,0.3547329306602478
D0009,T0280,0,0.3456254303455353
D0030,T0178,0,0.3545113801956177
D0044,T0340,1,0.371304452419281
D0036,T0415,0,0.3609347343444824
D0056,T0278,0,0.4525869190692901
D0045,T0343,0,0.3378516137599945
D0014,T0092,0,0.3612632751464844
D0055,T0037,0,0.3769926726818084
D0048,T0264,0,0.3536746501922607
D0056,T0204,1,0.9831444025039672
D0002,T0125,0,0.3792794942855835
D0064,T0045,0,0.3178083002567291
D0052,T0233,0,0.3847933113574981
D0009,T0328,0,0.3256501257419586
D0033,T0413,0,0.3790584802627563
D0009,T0037,0,0.3567298650741577
D0009,T0123,0,0.3264789879322052
D0014,T0158,0,0.3377720415592193
D0054,T0441,0,0.3209318816661834
D0046,T0076,0,0.3772379159927368
D0007,T0132,0,0.3697885870933532
D0000,T0326,0,0.3665495216846466
D0044,T0146,0,0.379332959651947
D0055,T0150,0,0.3470937013626098
D0018,T0064,0,0.3763412833213806
D0019,T0191,0,0.3660633862018585
D0011,T0128,0,0.3512144088745117
D0030,T0027,0,0.3512911796569824
D0023,T0133,0,0.3591319322586059
D0015,T0033,0,0.3470834493637085
D0046,T0278,0,0.3530623614788055
D0044,T0437,0,0.3949720561504364
D0004,T0426,0,0.3818503022193908
D0010,T0325,0,0.3030840754508972
D0057,T0420,0,0.3556793630123138
D0036,T0257,0,0.3790829479694366
D0059,T0148,0,0.3555382490158081
D0025,T0358,0,0.3361068964004516
D0032,T0149,0,0.3476346135139465
D0026,T0408,0,0.3335443437099457
D0062,T0316,0,0.346238225698471
D0037,T0138,0,0.3467439115047455
D0048,T0019,0,0.3716167211532593
D0010,T0354,0,0.3087222576141357
D0045,T0279,0,0.3459744751453399
D0033,T0173,0,0.3489816188812256
D0035,T0206,0,0.6924721002578735
D0052,T0418,0,0.3428266048431396
D0025,T0103,0,0.3417432010173797
D0015,T0276,0,0.3503081798553467
D0021,T0033,0,0.33749720454216
D0012,T0393,0,0.3707366585731506
D0011,T0255,0,0.3347078263759613
D0059,T0119,0,0.3379366993904114
D0060,T0355,0,0.5222575664520264
D0040,T0022,0,0.3031767606735229
D0045,T0347,0,0.3478476703166961
D0046,T0083,0,0.3261434137821197
D0034,T0309,0,0.3280549049377441
D0058,T0349,0,0.4021194875240326
D0031,T0312,0,0.3858551979064941
D0006,T0096,0,0.3826451897621155
D0062,T0371,0,0.3816567063331604
D0039,T0253,0,0.3296132683753967
D0026,T0346,0,0.319341778755188
D0057,T0175,0,0.3872077465057373
D0002,T0122,0,0.351614385843277
D0012,T0300,0,0.373588889837265
D0022,T0237,1,0.4806244671344757
D0008,T0406,0,0.3411833345890045
D0067,T0176,0,0.3452774286270141
D0024,T0255,0,0.344853013753891
D0025,T0428,0,0.3375518023967743
D0025,T0187,0,0.3479059934616089
D0042,T0376,0,0.3589648902416229
D0029,T0054,0,0.3919321298599243
D0022,T0409,1,0.8784627914428711
D0031,T0033,0,0.3885609805583954
D0021,T0014,0,0.3813052773475647
D0041,T0072,0,0.3830093443393707
D0000,T0134,0,0.3438016474246979
D0065,T0344,0,0.3285140097141266
D0044,T0409,0,0.3669842481613159
D0020,T0275,0,0.3750325441360473
D0022,T0125,1,0.9795978665351868
D0007,T0257,0,0.3677283525466919
D0046,T0303,0,0.381834477186203
D0007,T0106,0,0.3815105557441711
D0038,T0137,0,0.3430826365947723
D0060,T0028,0,0.3918648362159729
D0059,T0271,0,0.3590697050094604
D0057,T0396,0,0.3567640781402588
D0031,T0275,0,0.4178670644760132
D0020,T0153,0,0.3778088986873626
D0066,T0293,0,0.3451566398143768
D0054,T0135,0,0.3608662486076355
D0061,T0424,0,0.3659477233886719
D0048,T0406,0,0.3624228537082672
D0065,T0212,0,0.3540201783180237
D0000,T0316,0,0.3425269722938537
D0000,T0146,0,0.3880613148212433
D0060,T0171,0,0.3960172235965729
D0036,T0098,0,0.3753057718276977
D0046,T0397,0,0.3488279581069946
D0026,T0163,0,0.3352150619029999
D0044,T0004,0,0.376355916261673
D0024,T0182,0,0.3488443493843078
D0052,T0346,0,0.3568856120109558
D0052,T0137,0,0.3624846339225769
D0014,T0010,1,0.3426235020160675
D0012,T0416,0,0.3763084709644317
D0021,T0419,0,0.3334065079689026
D0018,T0258,0,0.3545431196689605
D0037,T0436,0,0.3405323326587677
D0033,T0192,0,0.3504149615764618
D0021,T0109,0,0.3324483931064605
D0001,T0377,0,0.360551118850708
D0010,T0043,0,0.8340902328491211
D0040,T0392,0,0.3554381132125854
D0051,T0228,0,0.379603773355484
D0007,T0392,0,0.3925008475780487
D0023,T0431,0,0.3747499287128448
D0058,T0405,0,0.8117755651473999
D0049,T0371,0,0.3747391998767853
D0028,T0234,0,0.3911359310150146
D0063,T0431,0,0.3595584034919739
D0033,T0068,0,0.3398418724536896
D0016,T0205,0,0.3473477959632873
D0007,T0017,0,0.373565524816513
D0042,T0216,0,0.3432899117469787
D0023,T0240,0,0.3741247653961181
D0065,T0356,1,0.3491660058498382
D0003,T0246,0,0.461515337228775
D0040,T0332,0,0.3150253891944885
D0058,T0241,0,0.6427372694015503
D0064,T0340,0,0.3301982581615448
D0005,T0285,0,0.4136351943016052
D0021,T0244,0,0.3354136943817138
D0032,T0222,0,0.3496173024177551
D0024,T0232,0,0.3807023167610168
D0060,T0166,0,0.3792694509029388
D0005,T0295,0,0.4157526791095733
D0052,T0023,0,0.3403101861476898
D0053,T0147,0,0.3587324917316437
D0057,T0071,0,0.3893228471279144
D0032,T0220,0,0.3698044121265411
D0013,T0016,0,0.3807444870471954
D0062,T0106,0,0.3787440955638885
D0029,T0425,0,0.3827293813228607
D0066,T0262,0,0.3578694462776184
D0020,T0118,0,0.3501192927360534
D0057,T0150,0,0.363418698310852
D0048,T0374,0,0.3733818829059601
D0018,T0208,0,0.3511782586574554
D0031,T0369,0,0.4549144506454468
D0044,T0089,0,0.3640376925468445
D0023,T0317,0,0.3655656576156616
D0060,T0409,0,0.3853231370449066
D0052,T0333,0,0.357762336730957
D0002,T0127,0,0.397306889295578
D0050,T0401,0,0.3678002953529358
D0031,T0410,0,0.4068211317062378
D0033,T0248,0,0.3836582005023956
D0020,T0370,0,0.3989882469177246
D0002,T0150,0,0.3403935432434082
D0064,T0401,0,0.3546381592750549
D0005,T0060,0,0.3979613780975342
D0001,T0254,0,0.3461490571498871
D0025,T0224,0,0.3487287163734436
D0064,T0162,0,0.3308548033237457
D0008,T0168,0,0.3383441865444183
D0034,T0048,0,0.384661316871643
D0053,T0419,0,0.3802182078361511
D0003,T0125,0,0.3543637096881866
D0037,T0243,0,0.3761715292930603
D0023,T0338,0,0.3984903693199157
D0017,T0044,0,0.3247459828853607
D0006,T0138,0,0.3348642885684967
D0032,T0273,0,0.3504836857318878
D0007,T0211,0,0.3694812059402466
D0012,T0212,0,0.3570216000080108
D0013,T0440,0,0.3770509958267212
D0062,T0022,0,0.3381399810314178
D0016,T0370,0,0.371715247631073
D0022,T0168,0,0.3503251373767853
D0014,T0310,0,0.350240021944046
D0028,T0420,0,0.3381640017032623
D0017,T0313,0,0.3106268644332886
D0017,T0375,0,0.3254922032356262
D0025,T0024,0,0.3469603359699249
D0063,T0331,0,0.3450353443622589
D0057,T0172,0,0.4016599059104919
D0019,T0011,0,0.3773307204246521
D0028,T0131,0,0.375170350074768
D0035,T0140,0,0.3353590667247772
D0004,T0120,1,0.9975675344467164
D0056,T0214,1,0.8810154795646667
D0050,T0337,0,0.3831943273544311
D0026,T0008,0,0.3366808891296386
D0012,T0246,0,0.3250545561313629
D0061,T0362,0,0.3700486421585083
D0044,T0326,1,0.3542753458023071
D0026,T0401,0,0.3473723530769348
D0035,T0088,0,0.344832181930542
D0003,T0087,0,0.3765911161899566
D0056,T0088,0,0.3949862420558929
D0003,T0236,0,0.361068457365036
D0016,T0334,0,0.408763587474823
D0044,T0428,0,0.3930655419826507
D0010,T0264,0,0.3485282063484192
D0019,T0061,0,0.3527356386184692
D0033,T0218,0,0.3643680512905121
D0011,T0397,0,0.3581407368183136
D0066,T0097,0,0.3873955011367798
D0008,T0087,0,0.3504407405853271
D0020,T0039,0,0.359104573726654
D0021,T0350,0,0.3266071081161499
D0034,T0164,0,0.3484033644199371
D0045,T0404,0,0.3259525001049042
D0000,T0180,0,0.3402900397777557
D0052,T0391,0,0.3909245729446411
D0058,T0284,0,0.4186547100543976
D0047,T0303,0,0.3751420378684997
D0016,T0030,0,0.3709523975849151
D0060,T0336,0,0.4034928381443023
D0012,T0285,0,0.3733541667461395
D0001,T0027,0,0.3447003364562988
D0017,T0234,0,0.3646251857280731
D0016,T0267,0,0.3828799128532409
D0004,T0398,0,0.3874735236167907
D0002,T0143,0,0.3807191550731659
D0025,T0172,0,0.3543797135353088
D0062,T0305,0,0.4068836569786072
D0003,T0097,0,0.3810619115829468
D0043,T0159,0,0.3525438606739044
D0042,T0162,0,0.3334246575832367
D0030,T0109,0,0.3487492501735687
D0027,T0327,0,0.3213575780391693
D0045,T0362,0,0.3630241453647613
D0036,T0099,0,0.3850976228713989
D0020,T0028,0,0.3968515992164612
D0057,T0381,0,0.3860043883323669
D0018,T0299,0,0.3470476865768432
D0039,T0128,0,0.3755141794681549
D0002,T0308,0,0.3186476528644562
D0015,T0217,0,0.3860006332397461
D0038,T0191,0,0.3504725396633148
D0016,T0103,0,0.3666307330131531
D0034,T0162,0,0.3484033644199371
D0019,T0130,0,0.334490954875946
D0009,T0179,0,0.3621889054775238
D0005,T0349,0,0.3756101429462433
D0048,T0274,0,0.3585080504417419
D0037,T0415,0,0.3481854498386383
D0036,T0416,0,0.3709692060947418
D0044,T0253,0,0.360333502292633
D0008,T0198,0,0.353626936674118
D0024,T0274,0,0.3633133769035339
D0018,T0205,0,0.3715522289276123
D0047,T0119,0,0.3510052859783172
D0066,T0263,0,0.3358512222766876
D0031,T0363,0,0.4785368740558624
D0008,T0324,0,0.3586124777793884
D0034,T0385,0,0.3680593073368072
D0061,T0156,0,0.3595748543739319
D0016,T0316,0,0.3372942805290222
D0005,T0394,0,0.3587080240249634
D0050,T0311,0,0.3312452137470245
D0011,T0240,0,0.3697244524955749
D0048,T0348,0,0.4412526786327362
D0002,T0413,0,0.8345629572868347
D0030,T0360,0,0.3575058877468109
D0047,T0115,0,0.3510052859783172
D0001,T0193,0,0.374237447977066
D0039,T0046,0,0.3656778633594513
D0016,T0430,0,0.3704682290554046
D0061,T0369,0,0.3555300831794739
D0029,T0378,0,0.3782298266887665
D0034,T0210,0,0.3779296576976776
D0033,T0151,0,0.3381352722644806
D0053,T0241,0,0.382864385843277
D0029,T0203,0,0.5873541235923767
D0043,T0209,0,0.3571174144744873
D0010,T0439,1,0.919044315814972
D0024,T0092,0,0.3753607869148254
D0050,T0284,1,0.3864528238773346
D0046,T0023,0,0.3337852954864502
D0016,T0427,0,0.4116016626358032
D0042,T0192,0,0.3692776262760162
D0056,T0317,0,0.3622443974018097
D0063,T0257,0,0.3403503894805908
D0023,T0202,0,0.3526385426521301
D0030,T0262,0,0.6305688619613647
D0042,T0209,0,0.3741019964218139
D0009,T0081,0,0.3671194612979889
D0016,T0402,0,0.369040697813034
D0063,T0115,0,0.3428517878055572
D0052,T0440,0,0.3782258033752441
D0007,T0032,0,0.3847145438194275
D0020,T0228,0,0.3854366242885589
D0026,T0370,0,0.3404121100902557
D0034,T0003,0,0.3760125637054443
D0041,T0001,0,0.3702040016651153
D0042,T0038,0,0.356913685798645
D0000,T0029,0,0.3669554591178894
D0015,T0059,0,0.3749306201934814
D0060,T0163,1,0.9762898087501526
D0036,T0118,0,0.372126817703247
D0039,T0187,0,0.3467548191547394
D0013,T0278,0,0.3678180873394012
D0007,T0268,0,0.3769393861293793
D0027,T0397,0,0.3406725823879242
D0028,T0434,0,0.3465140163898468
D0020,T0232,0,0.3902393281459808
D0008,T0132,0,0.347270667552948
D0025,T0377,0,0.3616009354591369
D0030,T0209,0,0.3705368638038635
D0009,T0367,0,0.3404445946216583
D0023,T0289,0,0.3855950832366943
D0005,T0434,0,0.3492134511470794
D0027,T0423,0,0.3558286726474762
D0067,T0191,0,0.3538505136966705
D0004,T0101,0,0.3950387835502624
D0047,T0141,0,0.387734055519104
D0002,T0076,1,0.4877729415893554
D0002,T0100,0,0.3680470585823059
D0028,T0393,0,0.3814047276973724
D0064,T0008,0,0.3663356602191925
D0062,T0198,0,0.4016704559326172
D0055,T0011,0,0.4479079246520996
D0062,T0018,0,0.3576813638210296
D0055,T0391,0,0.3743240535259247
D0013,T0373,0,0.3699119985103607
D0059,T0124,0,0.3463849425315857
D0061,T0257,0,0.3438775539398193
D0059,T0333,0,0.3237098157405853
D0019,T0290,0,0.3619511723518371
D0058,T0342,0,0.3988072872161865
D0047,T0419,0,0.4179721772670746
D0013,T0098,0,0.3842116892337799
D0015,T0196,0,0.3992957174777984
D0038,T0031,0,0.4078977406024933
D0009,T0409,0,0.3686683773994446
D0059,T0441,0,0.3692977726459503
D0020,T0343,0,0.5801287293434143
D0062,T0040,0,0.3564053177833557
D0006,T0329,0,0.3401608169078827
D0007,T0108,0,0.4125176072120666
D0042,T0277,0,0.354753315448761
D0065,T0108,0,0.387134701013565
D0032,T0074,0,0.3688766658306122
D0020,T0393,0,0.3997441232204437
D0037,T0070,0,0.3652258515357971
D0002,T0375,0,0.3531229496002197
D0030,T0092,0,0.3673413395881653
D0020,T0136,0,0.349890798330307
D0028,T0183,0,0.3718137741088867
D0012,T0425,0,0.3572313487529754
D0013,T0134,0,0.3517712652683258
D0050,T0133,0,0.3622619807720184
D0019,T0078,0,0.3799330294132232
D0021,T0161,0,0.3455587923526764
D0063,T0281,0,0.3831806182861328
D0027,T0206,0,0.9370474219322203
D0035,T0071,0,0.36625936627388
D0023,T0343,0,0.4698159098625183
D0011,T0332,0,0.3504102230072021
D0009,T0079,0,0.3498155772686004
D0018,T0284,1,0.3915403485298157
D0034,T0352,0,0.3513423502445221
D0042,T0434,0,0.3552634418010711
D0056,T0358,1,0.4022339284420013
D0016,T0145,0,0.3777099549770355
D0018,T0326,0,0.3460269570350647
D0034,T0354,0,0.3274111747741699
D0039,T0117,0,0.3346966505050659
D0024,T0037,0,0.3610830008983612
D0051,T0217,0,0.3786484599113464
D0038,T0187,0,0.3908508121967315
D0026,T0019,0,0.3096802830696106
D0013,T0257,0,0.3533844351768493
D0003,T0103,0,0.3613147437572479
D0020,T0091,0,0.3887999653816223
D0015,T0242,0,0.3633942902088165
D0058,T0049,1,0.5264758467674255
D0027,T0347,0,0.3340786695480346
D0007,T0408,0,0.361100286245346
D0012,T0210,0,0.3511534929275512
D0044,T0157,0,0.3832131624221802
D0021,T0144,0,0.355253666639328
D0003,T0237,0,0.3561259508132934
D0056,T0011,1,0.9483366012573242
D0055,T0100,0,0.3705804944038391
D0030,T0042,0,0.3546129167079925
D0009,T0422,0,0.3402872383594513
D0030,T0335,0,0.386850893497467
D0045,T0173,0,0.3554476797580719
D0056,T0345,0,0.975024402141571
D0027,T0100,0,0.360569030046463
D0042,T0132,0,0.3343335390090942
D0035,T0059,0,0.3631642162799835
D0031,T0043,0,0.3903207182884216
D0062,T0113,0,0.3327257931232452
D0003,T0285,0,0.4221698641777038
D0019,T0112,0,0.3438756763935089
D0035,T0282,0,0.353982150554657
D0018,T0417,0,0.3373357653617859
D0017,T0215,0,0.3225126266479492
D0041,T0028,0,0.3772525489330292
D0025,T0002,0,0.3779673874378204
D0041,T0067,0,0.4069026112556457
D0032,T0400,0,0.3751316666603088
D0027,T0089,0,0.3411038219928741
D0037,T0414,0,0.3544881343841553
D0047,T0285,0,0.3994869589805603
D0041,T0210,0,0.3602833449840545
D0058,T0053,0,0.4926601946353912
D0003,T0188,0,0.3634138703346252
D0025,T0328,0,0.3449354171752929
D0041,T0075,0,0.3736172914505005
D0009,T0032,0,0.3577706813812256
D0053,T0258,0,0.3936016261577606
D0000,T0139,0,0.329410195350647
D0066,T0423,0,0.4200392067432403
D0024,T0206,0,0.3467119932174682
D0015,T0335,0,0.3475508093833923
D0016,T0436,0,0.4015473425388336
D0053,T0261,0,0.3779841661453247
D0052,T0310,0,0.343045711517334
D0005,T0044,0,0.3181343674659729
D0028,T0032,0,0.3686867952346802
D0057,T0099,0,0.3814180791378021
D0061,T0065,0,0.3544126749038696
D0017,T0113,0,0.3421773612499237
D0059,T0387,0,0.3611769676208496
D0066,T0314,0,0.3317244946956634
D0058,T0037,1,0.4327067136764526
D0036,T0315,0,0.3416269719600677
D0044,T0215,0,0.4028425812721252
D0007,T0324,0,0.3630081117153168
D0012,T0383,0,0.3585946559906006
D0063,T0166,0,0.3437530100345611
D0033,T0113,0,0.3318040370941162
D0026,T0232,0,0.3504250347614288
D0050,T0139,0,0.3328877985477447
D0033,T0051,0,0.3487893939018249
D0037,T0166,0,0.3645806908607483
D0010,T0404,0,0.3284905850887298
D0008,T0150,0,0.3323462605476379
D0058,T0052,0,0.3946519494056701
D0042,T0118,0,0.3324375450611114
D0023,T0065,0,0.3839018940925598
D0046,T0170,0,0.3467073738574981
D0005,T0080,0,0.3529686629772186
D0010,T0052,0,0.3470949232578277
D0012,T0174,0,0.3783092796802521
D0030,T0103,0,0.3504825532436371
D0047,T0358,1,0.9928523898124696
D0066,T0399,0,0.394771546125412
D0024,T0056,0,0.3720177114009857
D0061,T0427,0,0.3475993573665619
D0025,T0281,0,0.366832435131073
D0009,T0175,0,0.3535864651203155
D0061,T0353,0,0.3660576343536377
D0000,T0208,0,0.3925383687019348
D0067,T0061,0,0.3458598852157593
D0020,T0312,0,0.3785962462425232
D0033,T0361,0,0.3305190503597259
D0062,T0421,0,0.3775561153888702
D0005,T0395,0,0.3933847844600677
D0032,T0050,0,0.3523437976837158
D0005,T0377,0,0.3790040612220764
D0015,T0084,1,0.9484711289405824
D0025,T0031,0,0.3496494591236114
D0040,T0402,0,0.3401463627815246
D0036,T0307,0,0.3491173386573791
D0026,T0421,0,0.338691383600235
D0027,T0212,0,0.3441447019577026
D0050,T0400,0,0.3632493019104004
D0055,T0407,0,0.3543582260608673
D0030,T0055,0,0.370321661233902
D0032,T0373,0,0.3591714203357696
D0006,T0218,0,0.3981316387653351
D0015,T0158,0,0.4001450836658478
D0050,T0409,0,0.3665381371974945
D0033,T0063,0,0.3542181253433227
D0023,T0163,0,0.3476259410381317
D0028,T0085,0,0.3859549760818481
D0063,T0264,0,0.4332186281681061
D0047,T0310,0,0.3192411065101623
D0006,T0253,0,0.369183212518692
D0020,T0362,0,0.3999169468879699
D0006,T0050,0,0.3584973812103271
D0015,T0353,0,0.3727526068687439
D0054,T0314,0,0.3189383745193481
D0035,T0318,0,0.3182132840156555
D0005,T0141,0,0.3909509479999542
D0028,T0030,0,0.385532945394516
D0026,T0194,0,0.3501833975315094
D0029,T0283,0,0.3512242138385772
D0046,T0084,0,0.3656933605670929
D0003,T0425,0,0.399611622095108
D0005,T0089,0,0.3602702021598816
D0026,T0278,0,0.3264218270778656
D0013,T0029,0,0.368472546339035
D0042,T0415,0,0.328980952501297
D0017,T0237,0,0.4170221090316772
D0038,T0021,0,0.3484672009944916
D0060,T0026,0,0.3794009983539581
D0016,T0022,0,0.3280285596847534
D0038,T0158,0,0.3429707586765289
D0063,T0066,0,0.3769546151161194
D0003,T0314,0,0.3618530631065368
D0060,T0090,0,0.3733170330524444
D0027,T0350,0,0.3201272189617157
D0045,T0091,0,0.3503360748291015
D0005,T0282,0,0.3967606723308563
D0024,T0361,0,0.3870205581188202
D0012,T0013,0,0.3807030618190765
D0033,T0359,0,0.3410277664661407
D0026,T0371,0,0.3410687744617462
D0064,T0386,0,0.3880590796470642
D0029,T0013,0,0.7391237616539001
D0041,T0411,0,0.3590450286865234
