drug_id,target_id,label,prediction
D0000,T0000,0,0.1548032611608505
D0000,T0009,0,0.0007774429977871
D0000,T0011,0,0.0007774429977871
D0000,T0015,0,0.0007774429977871
D0000,T0019,0,0.0060628727078437
D0000,T0022,0,0.0074257850646972
D0000,T0025,0,0.0002021758991759
D0000,T0030,0,0.0005639451555907
D0000,T0033,0,0.0009284588159061
D0000,T0039,0,0.0010841246694326
D0000,T0042,0,0.0017579408595338
D0000,T0046,0,0.0011961119016632
D0000,T0055,0,0.0002477453963365
D0000,T0056,0,0.0002333293086849
D0000,T0057,0,4.0682665712665766e-05
D0000,T0070,0,0.0224917009472847
D0000,T0072,0,0.0222237035632133
D0000,T0073,0,0.0224625952541828
D0000,T0075,0,0.025432189926505
D0000,T0076,0,0.0210948381572961
D0000,T0077,0,0.0107340682297945
D0000,T0078,0,4.45882797066588e-05
D0000,T0079,1,0.0005907047889195
D0000,T0082,0,0.9878380298614502
D0000,T0090,0,0.0005075364024378
D0000,T0093,0,0.0292775332927703
D0000,T0101,0,7.102827657945454e-05
D0000,T0104,0,0.001909420476295
D0000,T0113,0,0.0068219415843486
D0000,T0116,0,0.0068219415843486
D0000,T0117,0,0.0068219415843486
D0000,T0126,0,0.00053845992079
D0000,T0131,0,0.0004569078737404
D0000,T0132,0,0.0004650264163501
D0000,T0140,0,0.0140811521559953
D0000,T0148,0,0.0003001921577379
D0000,T0155,0,0.0016978984931483
D0000,T0157,0,0.0088544031605124
D0000,T0172,0,0.0001878010079963
D0000,T0176,0,0.0074058109894394
D0000,T0181,0,0.00230542011559
D0000,T0185,0,0.0018202074570581
D0000,T0196,0,0.0019991477020084
D0000,T0199,0,0.0383648723363876
D0000,T0203,0,0.0122652314603328
D0000,T0209,0,0.0004052045405842
D0000,T0211,0,0.0002157213893951
D0000,T0218,0,0.0008706460357643
D0000,T0227,0,0.1040834411978721
D0000,T0244,0,0.0065800305455923
D0000,T0255,0,0.0007453443249687
D0000,T0268,0,0.0016080645145848
D0000,T0281,0,0.000107864572783
D0000,T0284,0,0.0425655655562877
D0000,T0285,0,0.0372975394129753
D0000,T0286,0,0.0214008260518312
D0000,T0287,0,0.0535768009722232
D0000,T0291,0,0.0233126301318407
D0000,T0296,0,0.0305696371942758
D0000,T0307,0,0.0015171718550845
D0000,T0311,0,0.0036972872912883
D0000,T0320,0,0.0052757528610527
D0000,T0321,0,0.0019704077858477
D0000,T0329,0,0.6065154671669006
D0000,T0333,0,0.0009309780434705
D0000,T0341,1,0.8516984581947327
D0000,T0354,0,0.044115699827671
D0000,T0358,0,0.0510180331766605
D0000,T0367,0,0.0032989587634801
D0000,T0370,0,0.0006022554007358
D0000,T0374,0,0.031496375799179
D0000,T0386,0,0.0430455915629863
D0000,T0388,0,7.707198528805748e-05
D0000,T0391,0,0.0074000293388962
D0000,T0395,0,0.0023644564207643
D0000,T0399,0,0.0024521658197045
D0000,T0402,0,0.0084757078438997
D0000,T0407,0,0.0084383664652705
D0000,T0409,0,0.0034240495879203
D0000,T0411,0,0.000639219128061
D0000,T0418,0,0.0029287612996995
D0000,T0422,0,0.0022120745852589
D0000,T0423,0,0.0003560911864042
D0000,T0427,0,0.0035243444144725
D0000,T0429,0,0.0785091668367385
D0000,T0433,0,0.0037966864183545
D0000,T0436,0,7.714190724072978e-05
D0000,T0440,0,0.0018558310111984
D0001,T0000,0,0.0017798538319766
D0001,T0009,0,0.0037086673546582
D0001,T0011,0,0.0037086673546582
D0001,T0015,0,0.0037086673546582
D0001,T0019,0,0.0003261126112192
D0001,T0022,0,0.0004853671707678
D0001,T0025,0,0.0005653136759065
D0001,T0030,0,0.0012030968209728
D0001,T0033,0,0.0005932284984737
D0001,T0039,0,0.0028230061288923
D0001,T0042,0,0.0098876627162098
D0001,T0046,0,0.0007672426872886
D0001,T0055,0,0.0007189825410023
D0001,T0056,0,0.0009948806837201
D0001,T0057,0,0.0009348409366793
D0001,T0070,0,0.001703696209006
D0001,T0072,0,0.0018243107479065
D0001,T0073,0,0.0107928672805428
D0001,T0075,0,0.0282809231430292
D0001,T0076,0,0.0026538809761404
D0001,T0077,0,0.0010241093114018
D0001,T0078,0,0.000221661190153
D0001,T0079,0,0.0015334580093622
D0001,T0082,0,0.029247373342514
D0001,T0090,0,0.0001531642046757
D0001,T0093,0,0.0050499401986598
D0001,T0101,0,0.0002194824337493
D0001,T0104,0,0.0037452888209372
D0001,T0113,0,0.0046958355233073
D0001,T0116,0,0.0046958355233073
D0001,T0117,0,0.0046958355233073
D0001,T0126,0,0.0006156208692118
D0001,T0131,0,0.0003126781375613
D0001,T0132,0,0.0004746565246023
D0001,T0140,0,0.0028826717752963
D0001,T0148,0,0.0021986283827573
D0001,T0155,0,0.0008419744553975
D0001,T0157,0,0.2408182173967361
D0001,T0172,0,0.0007737425039522
D0001,T0176,0,0.002878681756556
D0001,T0181,0,0.0009557118755765
D0001,T0185,0,0.0002851430617738
D0001,T0196,0,0.0152564635500311
D0001,T0199,0,0.0064670923165977
D0001,T0203,0,0.993084192276001
D0001,T0209,0,0.0027564358897507
D0001,T0211,0,0.0003744697314687
D0001,T0218,0,0.0060049616731703
D0001,T0227,0,0.0142924031242728
D0001,T0244,0,0.0145183764398098
D0001,T0255,0,0.0002754004090093
D0001,T0268,0,0.0001366403303109
D0001,T0281,0,0.0009635758469812
D0001,T0284,0,0.0022495503071695
D0001,T0285,0,0.0031905262731015
D0001,T0286,0,0.0009802324930205
D0001,T0287,0,0.0023506896104663
D0001,T0291,0,0.0195689182728528
D0001,T0296,0,0.0022603664547204
D0001,T0307,0,0.000134524772875
D0001,T0311,0,0.0003483207256067
D0001,T0320,0,0.0003300629905425
D0001,T0321,0,0.0005422066897153
D0001,T0329,0,0.0034628869034349
D0001,T0333,0,0.00023296897416
D0001,T0341,0,0.0015335571952164
D0001,T0354,0,0.001453339587897
D0001,T0358,1,0.9915796518325806
D0001,T0367,0,0.0004624192952178
D0001,T0370,0,0.0005064659635536
D0001,T0374,0,0.0016075179446488
D0001,T0386,0,0.0532218366861343
D0001,T0388,0,0.0002968062181025
D0001,T0391,0,0.0004856844607274
D0001,T0395,0,0.0101779792457818
D0001,T0399,0,0.0125899976119399
D0001,T0402,0,0.010667884722352
D0001,T0407,0,0.0003600718628149
D0001,T0409,0,0.0351140014827251
D0001,T0411,0,0.0001534390030428
D0001,T0418,0,0.3980040252208709
D0001,T0422,0,0.0018601677147671
D0001,T0423,0,0.0019135425100103
D0001,T0427,0,0.0122639667242765
D0001,T0429,0,0.0025709364563226
D0001,T0433,0,0.0003414220991544
D0001,T0436,0,0.0020482789259403
D0001,T0440,0,0.0011356160975992
D0002,T0000,0,0.317567378282547
D0002,T0009,1,0.9459720849990844
D0002,T0011,1,0.9459720849990844
D0002,T0015,1,0.9459720849990844
D0002,T0019,0,0.0136238206177949
D0002,T0022,0,0.0126988617703318
D0002,T0025,0,0.0043870117515325
D0002,T0030,0,0.4990701675415039
D0002,T0033,0,0.0043106130324304
D0002,T0039,0,0.2247712761163711
D0002,T0042,0,0.2457457035779953
D0002,T0046,0,0.8038288354873657
D0002,T0055,0,0.0080610569566488
D0002,T0056,0,0.0107528306543827
D0002,T0057,0,0.0091680027544498
D0002,T0070,1,0.1775558143854141
D0002,T0072,0,0.0151931652799248
D0002,T0073,1,0.0384287610650062
D0002,T0075,1,0.8653871417045593
D0002,T0076,1,0.0092334700748324
D0002,T0077,0,0.0254523418843746
D0002,T0078,0,0.0085461121052503
D0002,T0079,0,0.0164339188486337
D0002,T0082,0,0.0055835437960922
D0002,T0090,0,0.0012297040084376
D0002,T0093,0,0.0368045605719089
D0002,T0101,0,0.0040246159769594
D0002,T0104,0,0.0194744076579809
D0002,T0113,0,0.0516607016324996
D0002,T0116,0,0.0516607016324996
D0002,T0117,0,0.0516607016324996
D0002,T0126,0,0.0494976677000522
D0002,T0131,0,0.0201534628868103
D0002,T0132,1,0.067467100918293
D0002,T0140,0,0.0664899721741676
D0002,T0148,0,0.0471885204315185
D0002,T0155,0,0.0565479695796966
D0002,T0157,0,0.2577036321163177
D0002,T0172,0,0.0019062362844124
D0002,T0176,0,0.4812596142292022
D0002,T0181,0,0.2053748965263366
D0002,T0185,0,0.0811231061816215
D0002,T0196,0,0.8117885589599609
D0002,T0199,0,0.0066603892482817
D0002,T0203,0,0.9913070797920228
D0002,T0209,0,0.0030782206449657
D0002,T0211,0,0.0157665032893419
D0002,T0218,1,0.7625402808189392
D0002,T0227,0,0.1183683797717094
D0002,T0244,0,0.2062415927648544
D0002,T0255,0,0.2290173768997192
D0002,T0268,0,0.0031701670959591
D0002,T0281,0,0.1291806101799011
D0002,T0284,0,0.005865313578397
D0002,T0285,0,0.007615543436259
D0002,T0286,1,0.0055134636349976
D0002,T0287,1,0.0170380715280771
D0002,T0291,0,0.0118104936555027
D0002,T0296,0,0.6259994506835938
D0002,T0307,0,0.0030469775665551
D0002,T0311,0,0.0021154026035219
D0002,T0320,0,0.0030149065423756
D0002,T0321,0,0.0037331387866288
D0002,T0329,0,0.0054497346282005
D0002,T0333,0,0.0126442816108465
D0002,T0341,0,0.0043032867833971
D0002,T0354,0,0.0311191584914922
D0002,T0358,1,0.9935356378555298
D0002,T0367,0,0.0081034321337938
D0002,T0370,0,0.0106581160798668
D0002,T0374,0,0.0068245138972997
D0002,T0386,1,0.6145772933959961
D0002,T0388,0,0.0804515182971954
D0002,T0391,0,0.0160277411341667
D0002,T0395,0,0.7272730469703674
D0002,T0399,0,0.3653765916824341
D0002,T0402,0,0.8926949501037598
D0002,T0407,0,0.0263595003634691
D0002,T0409,1,0.9091945290565492
D0002,T0411,0,0.0062269549816846
D0002,T0418,0,0.9424431324005128
D0002,T0422,0,0.029103709384799
D0002,T0423,0,0.0351017005741596
D0002,T0427,0,0.3821455240249634
D0002,T0429,0,0.289202868938446
D0002,T0433,0,0.0023450092412531
D0002,T0436,0,0.07084821164608
D0002,T0440,1,0.3837897777557373
D0003,T0000,0,0.0012286935234442
D0003,T0009,0,0.0155731318518519
D0003,T0011,0,0.0155731318518519
D0003,T0015,0,0.0155731318518519
D0003,T0019,0,0.0003119955945294
D0003,T0022,0,0.0001595048670424
D0003,T0025,0,0.0003955883730668
D0003,T0030,0,9.132654668064788e-05
D0003,T0033,0,1.8112796169589277e-05
D0003,T0039,0,0.0004679603734984
D0003,T0042,0,0.0004063162195961
D0003,T0046,0,0.0003517065779305
D0003,T0055,0,3.59450132236816e-05
D0003,T0056,0,2.097347351082135e-05
D0003,T0057,0,2.650122951308731e-05
D0003,T0070,1,0.979496955871582
D0003,T0072,1,0.8085405230522156
D0003,T0073,0,0.1639063507318496
D0003,T0075,0,0.0294027253985404
D0003,T0076,1,0.0645671486854553
D0003,T0077,0,0.0011668024817481
D0003,T0078,0,1.5631647329428233e-05
D0003,T0079,0,0.0007760574226267
D0003,T0082,0,0.0018689477583393
D0003,T0090,0,0.01016107480973
D0003,T0093,0,0.3260128498077392
D0003,T0101,0,0.0003552326816134
D0003,T0104,0,0.0029998940881341
D0003,T0113,0,0.0019663572311401
D0003,T0116,0,0.0019663572311401
D0003,T0117,0,0.0019663572311401
D0003,T0126,0,0.000793823681306
D0003,T0131,0,7.756384002277628e-05
D0003,T0132,0,0.0001431099663022
D0003,T0140,0,0.0031505029182881
D0003,T0148,0,6.751030741725117e-05
D0003,T0155,0,0.0005164952599443
D0003,T0157,0,0.0097323767840862
D0003,T0172,0,4.267041367711499e-05
D0003,T0176,0,0.1291488260030746
D0003,T0181,0,0.0092701632529497
D0003,T0185,0,0.0040045036002993
D0003,T0196,0,0.0039606504142284
D0003,T0199,0,0.0824779942631721
D0003,T0203,0,0.004126826301217
D0003,T0209,0,0.0002892499323934
D0003,T0211,0,0.0006915908888913
D0003,T0218,0,0.0002814331674017
D0003,T0227,0,0.0006752788322046
D0003,T0244,0,0.0203317981213331
D0003,T0255,0,0.0001327427453361
D0003,T0268,0,8.62029628478922e-05
D0003,T0281,0,6.522212061099708e-05
D0003,T0284,0,0.0764903873205185
D0003,T0285,0,0.0402728617191314
D0003,T0286,0,0.035709660500288
D0003,T0287,0,0.1024134531617164
D0003,T0291,0,0.0038883772213011
D0003,T0296,1,0.9795098900794984
D0003,T0307,0,5.123947630636394e-05
D0003,T0311,0,9.535651770420372e-05
D0003,T0320,0,0.0001020581185002
D0003,T0321,0,5.408463766798377e-05
D0003,T0329,0,1.892307227535639e-05
D0003,T0333,0,0.0001827018131734
D0003,T0341,0,8.134421659633517e-05
D0003,T0354,0,0.0007612529443576
D0003,T0358,0,0.0265836846083402
D0003,T0367,0,5.6797583965817466e-05
D0003,T0370,0,0.0113553693518042
D0003,T0374,0,0.0072678984142839
D0003,T0386,0,0.0137907657772302
D0003,T0388,0,4.64946569991298e-05
D0003,T0391,0,0.6126112937927246
D0003,T0395,0,0.0075108297169208
D0003,T0399,0,0.0111559433862566
D0003,T0402,0,0.0383012890815734
D0003,T0407,0,0.0011599581921473
D0003,T0409,0,0.0009624651283957
D0003,T0411,0,6.68213251628913e-05
D0003,T0418,0,0.0024450412020087
D0003,T0422,0,0.0087991189211606
D0003,T0423,0,0.0001057192057487
D0003,T0427,0,0.0063320505432784
D0003,T0429,0,0.0009185090311802
D0003,T0433,0,0.0005995061364956
D0003,T0436,0,0.0002709525288082
D0003,T0440,0,0.0004962717066518
D0004,T0000,0,0.0006720293313264
D0004,T0009,0,0.0020855066832154
D0004,T0011,0,0.0020855066832154
D0004,T0015,0,0.0020855066832154
D0004,T0019,0,0.0007750209188088
D0004,T0022,0,0.0006406283355318
D0004,T0025,0,0.0001879848132375
D0004,T0030,0,0.0021753346081823
D0004,T0033,0,0.0002897591621149
D0004,T0039,0,0.0032593279611319
D0004,T0042,0,0.0243021175265312
D0004,T0046,0,0.0011320221237838
D0004,T0055,0,0.0001659654953982
D0004,T0056,0,0.00024837924866
D0004,T0057,0,0.0004427463281899
D0004,T0070,0,0.0001930800062837
D0004,T0072,0,0.0001751872769091
D0004,T0073,0,0.0003155343583784
D0004,T0075,0,0.0025420500896871
D0004,T0076,0,0.0002783412637654
D0004,T0077,0,0.0007135974010452
D0004,T0078,0,0.0002113671798724
D0004,T0079,0,0.0002347183035453
D0004,T0082,0,0.000203804593184
D0004,T0090,0,7.858606113586575e-05
D0004,T0093,0,0.0004624256689567
D0004,T0101,0,0.0001449336850782
D0004,T0104,0,0.0008016399806365
D0004,T0113,1,0.9917007088661194
D0004,T0116,1,0.9917007088661194
D0004,T0117,1,0.9917007088661194
D0004,T0126,0,0.0006739438395015
D0004,T0131,0,0.0009673310560174
D0004,T0132,0,0.0020239420700818
D0004,T0140,1,0.8151843547821045
D0004,T0148,0,0.0035662022419273
D0004,T0155,0,0.0011621883604675
D0004,T0157,0,0.0360061153769493
D0004,T0172,0,0.0002029196184594
D0004,T0176,0,0.0002387999847996
D0004,T0181,0,0.003023297060281
D0004,T0185,0,0.0006154404836706
D0004,T0196,0,0.0015682807425037
D0004,T0199,0,0.0008545100572519
D0004,T0203,0,0.0263122376054525
D0004,T0209,0,6.626065442105755e-05
D0004,T0211,0,0.0001890152198029
D0004,T0218,0,0.0012670875294134
D0004,T0227,0,0.0062351077795028
D0004,T0244,0,0.0037484287749975
D0004,T0255,0,0.0008230182575061
D0004,T0268,0,5.58271785848774e-05
D0004,T0281,0,0.0008507821476086
D0004,T0284,0,0.0001098492284654
D0004,T0285,0,9.81264456640929e-05
D0004,T0286,0,0.000154648150783
D0004,T0287,0,9.851234062807634e-05
D0004,T0291,0,0.0003387027536518
D0004,T0296,0,0.0005549933412112
D0004,T0307,0,0.000950586865656
D0004,T0311,0,0.0012690954608842
D0004,T0320,0,0.0019256841624155
D0004,T0321,0,0.0002286999952048
D0004,T0329,0,5.034429341321811e-05
D0004,T0333,0,0.0001019103001453
D0004,T0341,0,9.549966489430516e-05
D0004,T0354,0,0.0010543669341132
D0004,T0358,0,0.0412738658487796
D0004,T0367,0,0.0002811467566061
D0004,T0370,0,8.078878454398364e-05
D0004,T0374,0,0.0012985349167138
D0004,T0386,0,0.0122160073369741
D0004,T0388,0,0.0027321889065206
D0004,T0391,0,0.0001028053302434
D0004,T0395,0,0.0027994543779641
D0004,T0399,0,0.011485144495964
D0004,T0402,0,0.0009988567326217
D0004,T0407,0,0.0031703084241598
D0004,T0409,0,0.0042896294035017
D0004,T0411,0,6.135366129456088e-05
D0004,T0418,0,0.0283477120101451
D0004,T0422,0,0.0005945388693362
D0004,T0423,0,0.0005832648603245
D0004,T0427,0,0.0033671115525066
D0004,T0429,0,0.0046979840844869
D0004,T0433,0,9.740765381138772e-05
D0004,T0436,0,0.0003076829307246
D0004,T0440,0,0.0278174523264169
D0005,T0000,0,0.0011392723536118
D0005,T0009,0,0.0032468892168253
D0005,T0011,0,0.0032468892168253
D0005,T0015,0,0.0032468892168253
D0005,T0019,0,0.0014382161898538
D0005,T0022,0,0.0018662881338968
D0005,T0025,0,0.0003466097987256
D0005,T0030,0,0.0012998366728425
D0005,T0033,0,0.0004871909623034
D0005,T0039,0,0.0013021760387346
D0005,T0042,0,0.0065488060936331
D0005,T0046,0,0.0005692532286047
D0005,T0055,0,0.0003527962835505
D0005,T0056,0,0.0002740284835454
D0005,T0057,0,0.0002748862316366
D0005,T0070,1,0.4746280312538147
D0005,T0072,1,0.4854112863540649
D0005,T0073,0,0.0616531185805797
D0005,T0075,0,0.038787692785263
D0005,T0076,1,0.0148017052561044
D0005,T0077,0,0.000902643543668
D0005,T0078,0,9.000395220937207e-05
D0005,T0079,0,0.0005150886718183
D0005,T0082,0,0.0018196728779003
D0005,T0090,0,0.0007364533958025
D0005,T0093,0,0.046336468309164
D0005,T0101,0,0.0001537336647743
D0005,T0104,0,0.0004099864163435
D0005,T0113,0,0.0041244560852646
D0005,T0116,0,0.0041244560852646
D0005,T0117,0,0.0041244560852646
D0005,T0126,0,0.0005268056411296
D0005,T0131,0,0.000225917683565
D0005,T0132,0,0.0003370972408447
D0005,T0140,0,0.0074004465714097
D0005,T0148,0,0.0004539280780591
D0005,T0155,0,0.0023329141549766
D0005,T0157,0,0.0062548364512622
D0005,T0172,0,0.0004229311598464
D0005,T0176,0,0.0177020877599716
D0005,T0181,0,0.0005907667218707
D0005,T0185,0,0.0005607660859823
D0005,T0196,0,0.0005634610424749
D0005,T0199,0,0.0487817525863647
D0005,T0203,0,0.0051832548342645
D0005,T0209,0,0.0017734800931066
D0005,T0211,0,0.000256106024608
D0005,T0218,0,0.0005966599564999
D0005,T0227,0,0.009494686499238
D0005,T0244,0,0.0058858408592641
D0005,T0255,0,0.0005526190507225
D0005,T0268,0,0.0023938491940498
D0005,T0281,0,0.0004609684983734
D0005,T0284,0,0.0347608625888824
D0005,T0285,0,0.0246110558509826
D0005,T0286,0,0.0094081927090883
D0005,T0287,0,0.034187976270914
D0005,T0291,0,0.0025152170564979
D0005,T0296,0,0.1229563578963279
D0005,T0307,0,0.0297845862805843
D0005,T0311,0,0.0556600913405418
D0005,T0320,0,0.1196959614753723
D0005,T0321,0,0.0004460140480659
D0005,T0329,0,0.0018794549396261
D0005,T0333,0,0.0013611373724415
D0005,T0341,0,0.0020859988871961
D0005,T0354,0,0.0055759605020284
D0005,T0358,0,0.0148314461112022
D0005,T0367,0,0.0001590152678545
D0005,T0370,0,0.0033616244327276
D0005,T0374,0,0.0071362755261361
D0005,T0386,0,0.0306466072797775
D0005,T0388,0,0.0009325600112788
D0005,T0391,0,0.012789218686521
D0005,T0395,0,0.0011495283106341
D0005,T0399,0,0.0024015526287257
D0005,T0402,0,0.0036089131608605
D0005,T0407,0,0.0062168836593627
D0005,T0409,0,0.0017584639135748
D0005,T0411,0,0.0001302029122598
D0005,T0418,0,0.0047753402031958
D0005,T0422,0,0.0015637269243597
D0005,T0423,0,0.000308600399876
D0005,T0427,0,0.0016625005519017
D0005,T0429,0,0.0065899430774152
D0005,T0433,0,0.0004262925940565
D0005,T0436,0,0.0004389754321891
D0005,T0440,0,0.0118426531553268
D0006,T0000,0,0.0004325094050727
D0006,T0009,0,0.0711861625313758
D0006,T0011,1,0.0711861625313758
D0006,T0015,0,0.0711861625313758
D0006,T0019,0,0.0006395801901817
D0006,T0022,0,0.0003287766303401
D0006,T0025,0,0.00039890705375
D0006,T0030,0,0.0003148900577798
D0006,T0033,0,0.0001001453347271
D0006,T0039,0,0.007026198785752
D0006,T0042,0,0.0015324259875342
D0006,T0046,0,0.0025017573498189
D0006,T0055,0,0.000141056094435
D0006,T0056,0,6.796707020839676e-05
D0006,T0057,0,0.0001748970244079
D0006,T0070,0,0.000615861848928
D0006,T0072,0,0.0004428926040418
D0006,T0073,0,0.0006665155524387
D0006,T0075,0,0.0106823779642581
D0006,T0076,0,0.0005195026751607
D0006,T0077,0,0.0016651238547638
D0006,T0078,0,0.0001105603514588
D0006,T0079,0,0.0010103966342285
D0006,T0082,0,0.0001246010797331
D0006,T0090,0,0.0004902516375295
D0006,T0093,0,0.0008478132658638
D0006,T0101,0,0.0001871324784588
D0006,T0104,0,0.0147631615400314
D0006,T0113,0,0.0132384588941931
D0006,T0116,0,0.0132384588941931
D0006,T0117,0,0.0132384588941931
D0006,T0126,0,0.0033561587333679
D0006,T0131,0,0.0016814683331176
D0006,T0132,0,0.0023549878969788
D0006,T0140,0,0.014850877225399
D0006,T0148,0,0.0020492442417889
D0006,T0155,0,0.0018463289598003
D0006,T0157,1,0.2492980509996414
D0006,T0172,0,9.2874703113921e-05
D0006,T0176,0,0.0020659489091485
D0006,T0181,0,0.0185081474483013
D0006,T0185,0,0.0651666820049285
D0006,T0196,0,0.1264293938875198
D0006,T0199,0,0.0004327234346419
D0006,T0203,0,0.9697086215019226
D0006,T0209,0,0.0003317754599265
D0006,T0211,0,0.0007388564408756
D0006,T0218,0,0.0073621207848191
D0006,T0227,0,0.0039673279970884
D0006,T0244,0,0.0691649317741394
D0006,T0255,0,0.0007585185812786
D0006,T0268,0,0.00031907853554
D0006,T0281,0,0.0009633578010834
D0006,T0284,0,0.0008156026015058
D0006,T0285,0,0.0009104849305003
D0006,T0286,0,0.0010992948664352
D0006,T0287,0,0.0026756525039672
D0006,T0291,0,0.0015990516403689
D0006,T0296,0,0.0009499074658378
D0006,T0307,0,0.0002160085277864
D0006,T0311,0,0.0003591979329939
D0006,T0320,0,0.0003271320892963
D0006,T0321,0,0.0002380071673542
D0006,T0329,0,0.0001758253638399
D0006,T0333,0,0.0002406711137155
D0006,T0341,0,0.0001758231810526
D0006,T0354,0,0.0018838808173313
D0006,T0358,0,0.720940887928009
D0006,T0367,0,0.0001188325040857
D0006,T0370,0,0.0002897116646636
D0006,T0374,0,0.0004204725846648
D0006,T0386,0,0.9325383901596068
D0006,T0388,0,0.0004107762943021
D0006,T0391,0,0.0005076820962131
D0006,T0395,0,0.2697716951370239
D0006,T0399,0,0.0211374089121818
D0006,T0402,0,0.0009263512329198
D0006,T0407,0,0.0037448476068675
D0006,T0409,0,0.0946545079350471
D0006,T0411,0,0.000330842740368
D0006,T0418,0,0.0706369578838348
D0006,T0422,0,0.0004691573558375
D0006,T0423,0,0.0008107353351078
D0006,T0427,0,0.059349175542593
D0006,T0429,0,0.0040052132681012
D0006,T0433,0,0.0001071924489224
D0006,T0436,0,0.0014608504716306
D0006,T0440,0,0.0028138607740402
D0007,T0000,0,0.016323160380125
D0007,T0009,0,0.0130729563534259
D0007,T0011,0,0.0130729563534259
D0007,T0015,0,0.0130729563534259
D0007,T0019,0,0.0063394587486982
D0007,T0022,0,0.0022410994861274
D0007,T0025,0,0.0003962047048844
D0007,T0030,0,0.2213963121175766
D0007,T0033,0,0.002703608945012
D0007,T0039,0,0.017668854445219
D0007,T0042,0,0.0175559651106596
D0007,T0046,0,0.0154277896508574
D0007,T0055,0,0.0005613754619844
D0007,T0056,0,0.0084822140634059
D0007,T0057,0,0.039688479155302
D0007,T0070,0,0.0010530625004321
D0007,T0072,0,0.0365809574723243
D0007,T0073,0,0.0027885534800589
D0007,T0075,0,0.0943541899323463
D0007,T0076,0,0.0023850854486227
D0007,T0077,0,0.0101155322045087
D0007,T0078,0,0.0014006296405568
D0007,T0079,0,0.0008477712399326
D0007,T0082,0,0.0027053875382989
D0007,T0090,0,0.000170029423316
D0007,T0093,0,0.0024348509032279
D0007,T0101,0,0.0059653399512171
D0007,T0104,0,0.0055385730229318
D0007,T0113,0,0.0063295429572463
D0007,T0116,0,0.0063295429572463
D0007,T0117,0,0.0063295429572463
D0007,T0126,0,0.0035278443247079
D0007,T0131,0,0.0023491356987506
D0007,T0132,0,0.0030441903509199
D0007,T0140,0,0.0069995252415537
D0007,T0148,0,0.0306205675005912
D0007,T0155,0,0.0041047660633921
D0007,T0157,0,0.0338962189853191
D0007,T0172,0,0.0003938420559279
D0007,T0176,0,0.0007590312743559
D0007,T0181,0,0.2110224366188049
D0007,T0185,0,0.0033730533905327
D0007,T0196,0,0.032749243080616
D0007,T0199,0,0.005630278494209
D0007,T0203,0,0.0395224206149578
D0007,T0209,0,0.0001893003645818
D0007,T0211,0,0.0033553168177604
D0007,T0218,0,0.0162105876952409
D0007,T0227,0,0.0952642932534217
D0007,T0244,0,0.0119182495400309
D0007,T0255,0,0.0132796606048941
D0007,T0268,0,0.0003702280519064
D0007,T0281,0,0.0630796700716018
D0007,T0284,0,0.0006468595238402
D0007,T0285,0,0.0010979583021253
D0007,T0286,0,0.0001420451735612
D0007,T0287,0,0.0001880346389953
D0007,T0291,0,0.0303426999598741
D0007,T0296,0,0.0036204727366566
D0007,T0307,0,0.0108965700492262
D0007,T0311,0,0.0063155582174658
D0007,T0320,0,0.0113003943115472
D0007,T0321,0,0.0017468375153839
D0007,T0329,0,0.0009382193093188
D0007,T0333,0,0.0002207022771472
D0007,T0341,0,0.0029700496233999
D0007,T0354,0,0.0011104663135483
D0007,T0358,0,0.4258276224136352
D0007,T0367,0,0.0022001466713845
D0007,T0370,1,0.0122320940718054
D0007,T0374,0,0.0121627375483512
D0007,T0386,0,0.0190468337386846
D0007,T0388,0,0.2295659035444259
D0007,T0391,0,0.0002508589241188
D0007,T0395,0,0.2841110825538635
D0007,T0399,0,0.0894310474395752
D0007,T0402,0,0.2864649891853332
D0007,T0407,0,0.0123140253126621
D0007,T0409,0,0.0148860430344939
D0007,T0411,0,0.0001217618191731
D0007,T0418,0,0.0231588091701269
D0007,T0422,0,0.0055485144257545
D0007,T0423,0,0.0032099476084113
D0007,T0427,0,0.1521897166967392
D0007,T0429,0,0.6001653075218201
D0007,T0433,0,0.0012306097196415
D0007,T0436,0,0.0023945770226418
D0007,T0440,0,0.0113094607368111
D0008,T0000,0,0.0005360778304748
D0008,T0009,0,0.0003884238249156
D0008,T0011,0,0.0003884238249156
D0008,T0015,0,0.0003884238249156
D0008,T0019,0,0.000442411575932
D0008,T0022,0,0.000431192718679
D0008,T0025,0,2.690148903639056e-05
D0008,T0030,0,0.0005059884861111
D0008,T0033,0,3.838586781057529e-05
D0008,T0039,0,0.000332883093506
D0008,T0042,0,0.0005541866412386
D0008,T0046,0,0.0001874787849374
D0008,T0055,0,2.823911199811846e-05
D0008,T0056,0,2.272913479828276e-05
D0008,T0057,0,6.176329043228179e-05
D0008,T0070,0,0.0021509758662432
D0008,T0072,0,0.001464880653657
D0008,T0073,0,0.0031746395397931
D0008,T0075,0,0.0038675114046782
D0008,T0076,0,0.0006745767896063
D0008,T0077,0,0.0002940067788586
D0008,T0078,0,1.3721509276365396e-05
D0008,T0079,0,0.0003435139660723
D0008,T0082,0,0.000316614343319
D0008,T0090,0,6.223022501217201e-05
D0008,T0093,0,0.0022907983511686
D0008,T0101,0,0.0001044889650074
D0008,T0104,0,0.0002550937060732
D0008,T0113,0,0.0005539289559237
D0008,T0116,0,0.0005539289559237
D0008,T0117,0,0.0005539289559237
D0008,T0126,0,3.7860896554775536e-05
D0008,T0131,0,3.106767690042034e-05
D0008,T0132,0,5.662301191478036e-05
D0008,T0140,0,0.0008050953038036
D0008,T0148,0,0.0001512080925749
D0008,T0155,0,0.0002439816744299
D0008,T0157,0,0.0018108978401869
D0008,T0172,0,4.8340756620746106e-05
D0008,T0176,0,0.0013907420216128
D0008,T0181,0,0.0010468673426657
D0008,T0185,0,0.0004657914396375
D0008,T0196,0,0.0006004339084029
D0008,T0199,0,0.0034314510412514
D0008,T0203,0,0.0018011556239798
D0008,T0209,0,0.0002621510939206
D0008,T0211,0,0.0001431091368431
D0008,T0218,0,0.0001498099736636
D0008,T0227,0,0.0003002946614287
D0008,T0244,0,0.0005182244349271
D0008,T0255,0,0.0001860997435869
D0008,T0268,0,0.000140235046274
D0008,T0281,0,3.7881411117268726e-05
D0008,T0284,0,0.0018669021083042
D0008,T0285,0,0.0015933787217363
D0008,T0286,0,0.0010014747967943
D0008,T0287,0,0.0023076774086803
D0008,T0291,0,0.0005656206049025
D0008,T0296,0,0.0017586932517588
D0008,T0307,0,0.0029543738346546
D0008,T0311,0,0.0062609151937067
D0008,T0320,0,0.0040508098900318
D0008,T0321,0,0.000287955859676
D0008,T0329,0,4.905475361738354e-05
D0008,T0333,0,0.0001096919950214
D0008,T0341,0,0.0009275568299926
D0008,T0354,0,0.0009639858617447
D0008,T0358,0,0.0041433465667068
D0008,T0367,0,5.598691495833919e-05
D0008,T0370,0,0.0002495570806786
D0008,T0374,0,0.0005545222084037
D0008,T0386,0,0.0048805377446115
D0008,T0388,0,3.290720997028984e-05
D0008,T0391,0,0.0002233957056887
D0008,T0395,0,0.0007117263157851
D0008,T0399,0,0.0011009759036824
D0008,T0402,0,0.0008228052756749
D0008,T0407,0,0.0016930574784055
D0008,T0409,0,0.0005681577022187
D0008,T0411,0,2.4006401872611605e-05
D0008,T0418,0,0.0007818227168172
D0008,T0422,0,0.0003294499765615
D0008,T0423,0,5.577519550570287e-05
D0008,T0427,0,0.0009967525256797
D0008,T0429,0,0.0021217451430857
D0008,T0433,0,8.54100871947594e-05
D0008,T0436,0,0.0001801698381314
D0008,T0440,0,0.0004553237522486
D0009,T0000,0,0.0007439541514031
D0009,T0009,0,0.0019304694142192
D0009,T0011,0,0.0019304694142192
D0009,T0015,0,0.0019304694142192
D0009,T0019,0,0.0006856491090729
D0009,T0022,0,0.0004641212581191
D0009,T0025,0,0.0003400593996047
D0009,T0030,0,0.0001953689497895
D0009,T0033,0,5.187795250094496e-05
D0009,T0039,0,0.0024698476772755
D0009,T0042,0,0.0092136478051543
D0009,T0046,0,0.0012743099359795
D0009,T0055,0,8.615118713350967e-05
D0009,T0056,0,5.718110332963988e-05
D0009,T0057,0,0.0001076389380614
D0009,T0070,0,0.0052995136938989
D0009,T0072,0,0.0003339957329444
D0009,T0073,0,0.0008360081701539
D0009,T0075,0,0.0042091771028935
D0009,T0076,0,0.0001492151932325
D0009,T0077,0,0.0012675540056079
D0009,T0078,0,0.0002990971843246
D0009,T0079,0,0.0015073481481522
D0009,T0082,0,0.0002675029681995
D0009,T0090,0,0.0003222088271286
D0009,T0093,0,0.0023244214244186
D0009,T0101,0,3.516327706165612e-05
D0009,T0104,0,0.0004218888643663
D0009,T0113,0,0.0074909194372594
D0009,T0116,0,0.0074909194372594
D0009,T0117,0,0.0074909194372594
D0009,T0126,0,0.0012752509210258
D0009,T0131,0,0.0004617693775799
D0009,T0132,0,0.0008323506335727
D0009,T0140,0,0.0077225635759532
D0009,T0148,0,0.0004329037328716
D0009,T0155,0,0.0013013657880946
D0009,T0157,0,0.0588313564658165
D0009,T0172,0,4.511798397288658e-05
D0009,T0176,0,0.0026274258270859
D0009,T0181,0,0.000914602773264
D0009,T0185,0,0.0006040186854079
D0009,T0196,0,0.1195489764213562
D0009,T0199,0,0.0011305769439786
D0009,T0203,0,0.9762862920761108
D0009,T0209,0,9.065453195944428e-05
D0009,T0211,0,0.0002122187433997
D0009,T0218,0,0.0013735558604821
D0009,T0227,0,0.0035591521300375
D0009,T0244,0,0.0073390114121139
D0009,T0255,0,0.0003936147841159
D0009,T0268,0,5.6869776017265394e-05
D0009,T0281,0,0.0004170678148511
D0009,T0284,0,0.0027280086651444
D0009,T0285,0,0.0016017671441659
D0009,T0286,0,0.0012394487857818
D0009,T0287,0,0.0022028742823749
D0009,T0291,0,0.0002819104120135
D0009,T0296,0,0.0002994090318679
D0009,T0307,0,0.0007109816069714
D0009,T0311,0,0.0014184545725584
D0009,T0320,0,0.0012374069774523
D0009,T0321,0,0.0001248190528713
D0009,T0329,0,0.0052314805798232
D0009,T0333,0,8.090511983027682e-05
D0009,T0341,0,0.0021107250358909
D0009,T0354,0,0.004314218647778
D0009,T0358,0,0.9021742343902588
D0009,T0367,0,0.0001049113925546
D0009,T0370,0,0.00013838900486
D0009,T0374,0,0.0016926513053476
D0009,T0386,0,0.242751270532608
D0009,T0388,0,0.0001636169035919
D0009,T0391,0,0.0001119119915529
D0009,T0395,0,0.0098392963409423
D0009,T0399,0,0.0164745710790157
D0009,T0402,0,0.0014192165108397
D0009,T0407,0,0.0063948826864361
D0009,T0409,0,0.011978224851191
D0009,T0411,0,0.0003081408503931
D0009,T0418,0,0.1219891309738159
D0009,T0422,0,0.0012238182825967
D0009,T0423,0,0.0005644597695209
D0009,T0427,0,0.0035961815156042
D0009,T0429,0,0.0027312785387039
D0009,T0433,0,0.0001802404731279
D0009,T0436,0,0.0003335126966703
D0009,T0440,0,0.0029047136195003
D0010,T0000,0,0.3529458343982696
D0010,T0009,1,0.9944243431091307
D0010,T0011,1,0.9944243431091307
D0010,T0015,1,0.9944243431091307
D0010,T0019,0,0.0036267221439629
D0010,T0022,0,0.0047781486064195
D0010,T0025,0,0.0008766024839133
D0010,T0030,0,0.0507400892674922
D0010,T0033,0,0.0012569753453135
D0010,T0039,1,0.9731684327125548
D0010,T0042,0,0.0818135887384414
D0010,T0046,0,0.986641526222229
D0010,T0055,0,0.0006042317836545
D0010,T0056,0,0.0003000914584845
D0010,T0057,0,0.0001650435733608
D0010,T0070,0,0.0005563457380048
D0010,T0072,0,0.0005386606208048
D0010,T0073,0,0.0003165923408232
D0010,T0075,0,0.0167401675134897
D0010,T0076,0,9.79491014732048e-05
D0010,T0077,0,0.0024824091233313
D0010,T0078,0,0.0007951841689646
D0010,T0079,0,0.0012337539810687
D0010,T0082,0,0.0014569562627002
D0010,T0090,0,5.672905172104947e-05
D0010,T0093,0,0.0003914390399586
D0010,T0101,0,0.0003084974305238
D0010,T0104,0,0.0026668517384678
D0010,T0113,1,0.835460901260376
D0010,T0116,1,0.835460901260376
D0010,T0117,0,0.835460901260376
D0010,T0126,1,0.8759048581123352
D0010,T0131,0,0.9261573553085328
D0010,T0132,1,0.8788312673568726
D0010,T0140,1,0.4210999011993408
D0010,T0148,0,0.2475533634424209
D0010,T0155,0,0.0022812106180936
D0010,T0157,0,0.0266372021287679
D0010,T0172,0,0.000347174674971
D0010,T0176,0,0.0010040494380518
D0010,T0181,0,0.0084198974072933
D0010,T0185,0,0.0001723750319797
D0010,T0196,0,0.010788251645863
D0010,T0199,0,0.00089987157844
D0010,T0203,0,0.2022443860769271
D0010,T0209,0,9.984231292037292e-05
D0010,T0211,0,0.0006788600585423
D0010,T0218,1,0.9899980425834656
D0010,T0227,1,0.8102363348007202
D0010,T0244,0,0.0312656089663505
D0010,T0255,0,0.9732125997543336
D0010,T0268,0,0.0001590110186953
D0010,T0281,0,0.0413395948708057
D0010,T0284,0,0.0003792543720919
D0010,T0285,0,0.0003992840938735
D0010,T0286,0,0.0002532794896978
D0010,T0287,0,0.0003441396693233
D0010,T0291,0,0.0004632403724826
D0010,T0296,0,0.0019453797722235
D0010,T0307,0,0.0004850621917285
D0010,T0311,0,0.0005289213731884
D0010,T0320,0,0.0004036485333926
D0010,T0321,0,0.0007876408053562
D0010,T0329,0,6.327449955279008e-05
D0010,T0333,0,0.0009396202513016
D0010,T0341,0,0.0005299212643876
D0010,T0354,0,0.0057734628207981
D0010,T0358,0,0.2832797765731811
D0010,T0367,0,0.0035950795281678
D0010,T0370,0,0.000401457917178
D0010,T0374,0,0.0024555425625294
D0010,T0386,1,0.9540221691131592
D0010,T0388,0,0.0543482340872287
D0010,T0391,0,9.504241461399944e-05
D0010,T0395,0,0.004390051588416
D0010,T0399,0,0.3732738792896271
D0010,T0402,0,0.0338343307375907
D0010,T0407,0,0.0121090356260538
D0010,T0409,0,0.0627661347389221
D0010,T0411,0,0.0004241464484948
D0010,T0418,0,0.8730486631393433
D0010,T0422,0,0.0005490158800967
D0010,T0423,0,0.8500798940658569
D0010,T0427,0,0.0611743181943893
D0010,T0429,0,0.0064129205420613
D0010,T0433,0,0.000614128250163
D0010,T0436,0,0.0016885485965758
D0010,T0440,0,0.3240219056606293
D0011,T0000,0,0.0008346174145117
D0011,T0009,0,0.0040556415915489
D0011,T0011,0,0.0040556415915489
D0011,T0015,0,0.0040556415915489
D0011,T0019,0,0.0046642459928989
D0011,T0022,0,0.0010444968938827
D0011,T0025,0,0.0001089181969291
D0011,T0030,0,0.0013254231307655
D0011,T0033,0,0.0005412519094534
D0011,T0039,0,0.0024658378679305
D0011,T0042,0,0.0026412068400532
D0011,T0046,0,0.0011299368925392
D0011,T0055,0,0.0003972062841057
D0011,T0056,0,0.0004393080307636
D0011,T0057,0,0.0006179384654387
D0011,T0070,0,0.0026983106508851
D0011,T0072,0,0.0016678808024153
D0011,T0073,0,0.005074209999293
D0011,T0075,0,0.0362042374908924
D0011,T0076,0,0.0090584270656108
D0011,T0077,0,0.0006549094105139
D0011,T0078,0,0.0001481520303059
D0011,T0079,0,0.0002814535982906
D0011,T0082,0,0.0040242839604616
D0011,T0090,0,0.0002294215955771
D0011,T0093,0,0.0026065215934067
D0011,T0101,0,0.0001124041882576
D0011,T0104,0,0.0007141242967918
D0011,T0113,0,0.0031527320388704
D0011,T0116,0,0.0031527320388704
D0011,T0117,0,0.0031527320388704
D0011,T0126,0,0.0003005636390298
D0011,T0131,0,0.0003006206243298
D0011,T0132,0,0.0007016423041932
D0011,T0140,0,0.0046885753981769
D0011,T0148,0,0.0015460331924259
D0011,T0155,0,0.0069208163768053
D0011,T0157,1,0.0505807772278785
D0011,T0172,0,0.0001365690841339
D0011,T0176,0,0.0044365166686475
D0011,T0181,0,0.0058865491300821
D0011,T0185,0,0.0033893371000885
D0011,T0196,0,0.0037250409368425
D0011,T0199,0,0.0038438108749687
D0011,T0203,0,0.0900652632117271
D0011,T0209,0,0.0002589117502793
D0011,T0211,0,0.0009383310680277
D0011,T0218,0,0.001038153306581
D0011,T0227,0,0.038349088281393
D0011,T0244,0,0.0029924588743597
D0011,T0255,0,0.0016756344120949
D0011,T0268,0,0.0014867562567815
D0011,T0281,0,0.0003566149971447
D0011,T0284,0,0.0057983109727501
D0011,T0285,0,0.0043419473804533
D0011,T0286,0,0.0025281491689383
D0011,T0287,0,0.00491389259696
D0011,T0291,0,0.0015580523759126
D0011,T0296,0,0.0249085184186697
D0011,T0307,0,0.0031972299329936
D0011,T0311,0,0.0041930032894015
D0011,T0320,0,0.0061475648544728
D0011,T0321,0,0.0005847633583471
D0011,T0329,0,6.697584467474371e-05
D0011,T0333,0,0.0010334438411518
D0011,T0341,0,0.0004941913648508
D0011,T0354,0,0.0046866973862051
D0011,T0358,0,0.0150978416204452
D0011,T0367,0,0.0008910244214348
D0011,T0370,0,0.0002511688217055
D0011,T0374,0,0.0002817795320879
D0011,T0386,0,0.0313843563199043
D0011,T0388,0,0.0002226599608547
D0011,T0391,0,0.0015652463771402
D0011,T0395,0,0.0027368962764739
D0011,T0399,0,0.0062049105763435
D0011,T0402,0,0.0131570640951395
D0011,T0407,0,0.0170476417988538
D0011,T0409,0,0.0042414017952978
D0011,T0411,0,9.76847586571239e-05
D0011,T0418,0,0.0033695946913212
D0011,T0422,0,0.0008264926145784
D0011,T0423,0,0.0002724658988881
D0011,T0427,0,0.0255924239754676
D0011,T0429,0,0.0485179349780082
D0011,T0433,0,2.3922984837554395e-05
D0011,T0436,0,0.0004131114983465
D0011,T0440,0,0.0048415502533316
D0012,T0000,0,0.0002693499554879
D0012,T0009,0,0.0011059147072955
D0012,T0011,0,0.0011059147072955
D0012,T0015,0,0.0011059147072955
D0012,T0019,0,0.0009332662448287
D0012,T0022,0,0.0012044109171256
D0012,T0025,0,0.0002295885642524
D0012,T0030,0,0.000207767370739
D0012,T0033,0,0.0001653095823712
D0012,T0039,0,0.0004410990222822
D0012,T0042,0,0.0004651405615732
D0012,T0046,0,0.0002753770386334
D0012,T0055,0,0.0002668798260856
D0012,T0056,0,0.0001419683976564
D0012,T0057,0,0.0003338992537464
D0012,T0070,0,0.0048357280902564
D0012,T0072,0,0.0019929392728954
D0012,T0073,0,0.0048702079802751
D0012,T0075,0,0.0114656183868646
D0012,T0076,0,0.0028444943018257
D0012,T0077,0,0.0002707689127419
D0012,T0078,0,5.412755854194984e-05
D0012,T0079,0,0.0006849982892163
D0012,T0082,0,0.001137787126936
D0012,T0090,0,0.0002649032976478
D0012,T0093,0,0.003451892407611
D0012,T0101,0,4.702856676885858e-05
D0012,T0104,0,0.0001665595336817
D0012,T0113,0,0.0018858256516978
D0012,T0116,0,0.0018858256516978
D0012,T0117,0,0.0018858256516978
D0012,T0126,0,0.0001828304230002
D0012,T0131,0,0.0001109435033868
D0012,T0132,0,0.0002123790618497
D0012,T0140,0,0.0029340756591409
D0012,T0148,0,0.0003609561827033
D0012,T0155,0,0.0003634924942161
D0012,T0157,0,0.0126645378768444
D0012,T0172,0,9.461730951443316e-05
D0012,T0176,0,0.0059384871274232
D0012,T0181,0,0.000853318022564
D0012,T0185,0,0.0002474253124091
D0012,T0196,0,0.0020200363360345
D0012,T0199,0,0.0029914546757936
D0012,T0203,0,0.027545740827918
D0012,T0209,0,0.0012364472495391
D0012,T0211,0,0.0001297458366025
D0012,T0218,0,0.0009610187844373
D0012,T0227,0,0.0061427885666489
D0012,T0244,0,0.0012423079460859
D0012,T0255,0,0.0001650805497774
D0012,T0268,0,0.0004368130175862
D0012,T0281,0,0.0001904507371364
D0012,T0284,0,0.0021197632886469
D0012,T0285,0,0.0025926469825208
D0012,T0286,0,0.0013692985521629
D0012,T0287,0,0.0034852833487093
D0012,T0291,0,0.003090645186603
D0012,T0296,0,0.0034455228596925
D0012,T0307,0,0.0003601112985052
D0012,T0311,0,0.0010686604073271
D0012,T0320,0,0.0008376720361411
D0012,T0321,0,0.0006103671621531
D0012,T0329,0,0.0018446549074724
D0012,T0333,0,0.000483454670757
D0012,T0341,0,0.0016539592761546
D0012,T0354,0,0.005482330918312
D0012,T0358,0,0.0166890937834978
D0012,T0367,0,0.0002714769216254
D0012,T0370,0,0.0001957220956683
D0012,T0374,0,0.0002675427240319
D0012,T0386,0,0.0081393811851739
D0012,T0388,0,0.0001268893975066
D0012,T0391,0,0.0002368009154452
D0012,T0395,0,0.001280341646634
D0012,T0399,0,0.002100265584886
D0012,T0402,0,0.0012351118493825
D0012,T0407,0,0.0045654028654098
D0012,T0409,0,0.0029802592471241
D0012,T0411,0,0.0001665428426349
D0012,T0418,0,0.0023863678798079
D0012,T0422,0,0.000383931415854
D0012,T0423,0,0.0001188689930131
D0012,T0427,0,0.0013479244662448
D0012,T0429,0,0.0031018343288451
D0012,T0433,0,0.0001556517818244
D0012,T0436,0,0.0003628132690209
D0012,T0440,0,0.0018035706598311
D0013,T0000,0,4.446692037163302e-05
D0013,T0009,0,0.000221257461817
D0013,T0011,0,0.000221257461817
D0013,T0015,0,0.000221257461817
D0013,T0019,0,0.0001032229265547
D0013,T0022,0,0.000154690031195
D0013,T0025,0,1.5065395928104408e-05
D0013,T0030,0,6.869556818855926e-05
D0013,T0033,0,1.4726210793014616e-05
D0013,T0039,0,0.000172298940015
D0013,T0042,0,0.0011252305703237
D0013,T0046,0,0.0001077245688065
D0013,T0055,0,2.130814027623273e-05
D0013,T0056,0,2.692353336897213e-05
D0013,T0057,0,1.09262791738729e-05
D0013,T0070,0,2.6600484488881196e-05
D0013,T0072,0,1.528155007690657e-05
D0013,T0073,0,1.4377347724803258e-05
D0013,T0075,0,0.0001199390317196
D0013,T0076,0,1.9431352484389208e-05
D0013,T0077,0,5.65220216230955e-05
D0013,T0078,0,1.1976766472798772e-05
D0013,T0079,0,1.4965089576435275e-05
D0013,T0082,0,1.3080308235657869e-05
D0013,T0090,0,7.223715783766238e-06
D0013,T0093,0,1.4136832760414109e-05
D0013,T0101,0,2.3206479454529472e-05
D0013,T0104,0,7.669228943996131e-05
D0013,T0113,0,0.0030184730421751
D0013,T0116,0,0.0030184730421751
D0013,T0117,0,0.0030184730421751
D0013,T0126,0,5.122119910083711e-05
D0013,T0131,0,4.292955054552294e-05
D0013,T0132,0,6.64822364342399e-05
D0013,T0140,0,0.0015292714815586
D0013,T0148,0,4.259340857970528e-05
D0013,T0155,0,5.715760562452488e-05
D0013,T0157,0,0.0025254173669964
D0013,T0172,0,1.3950540051155258e-05
D0013,T0176,0,4.5826447603758425e-05
D0013,T0181,0,7.929871935630217e-05
D0013,T0185,0,4.6486235078191385e-05
D0013,T0196,0,0.0001713692909106
D0013,T0199,0,1.7392923837178387e-05
D0013,T0203,0,0.0013922897633165
D0013,T0209,0,1.1326648746035062e-05
D0013,T0211,0,1.3399129784374963e-05
D0013,T0218,0,0.0001500457146903
D0013,T0227,0,0.0002160915464628
D0013,T0244,0,0.0003663916140794
D0013,T0255,0,4.869725671596825e-05
D0013,T0268,0,1.2836836503993254e-05
D0013,T0281,0,0.0001247300533577
D0013,T0284,0,1.7409220163244754e-05
D0013,T0285,0,2.2851107132737525e-05
D0013,T0286,0,2.181114905397408e-05
D0013,T0287,0,2.51860710704932e-05
D0013,T0291,0,1.88859885383863e-05
D0013,T0296,0,4.035988604300656e-05
D0013,T0307,0,6.752646731911227e-05
D0013,T0311,0,0.0002034915960393
D0013,T0320,0,0.0002031639451161
D0013,T0321,0,3.253854447393678e-05
D0013,T0329,0,1.7216345440829173e-05
D0013,T0333,0,1.0881958587560804e-05
D0013,T0341,0,2.841383320628665e-05
D0013,T0354,0,0.0002979945275001
D0013,T0358,0,0.0079555232077836
D0013,T0367,0,2.1505959011847157e-05
D0013,T0370,0,1.7709257008391432e-05
D0013,T0374,0,2.2193567929207347e-05
D0013,T0386,0,0.0004130541638005
D0013,T0388,0,0.0003184528031852
D0013,T0391,0,1.6543046513106674e-05
D0013,T0395,0,0.0002537600230425
D0013,T0399,0,0.0009408313198946
D0013,T0402,0,6.423649028874934e-05
D0013,T0407,0,0.0002348550915485
D0013,T0409,0,0.0001588711311342
D0013,T0411,0,9.951479114533868e-06
D0013,T0418,0,0.0008699842728674
D0013,T0422,0,2.8833157557528463e-05
D0013,T0423,0,0.0001087234195438
D0013,T0427,0,0.0002067009627353
D0013,T0429,0,0.0001274510868825
D0013,T0433,0,8.862559297995176e-06
D0013,T0436,0,5.578945274464786e-05
D0013,T0440,0,0.0005822692182846
D0014,T0000,0,0.0008175650145858
D0014,T0009,0,0.0113987093791365
D0014,T0011,0,0.0113987093791365
D0014,T0015,0,0.0113987093791365
D0014,T0019,0,0.0026711367536336
D0014,T0022,0,0.0010075153550133
D0014,T0025,0,0.0001381973997922
D0014,T0030,0,0.0014423769898712
D0014,T0033,0,0.0002589646028354
D0014,T0039,0,0.0071664419956505
D0014,T0042,0,0.0727958753705024
D0014,T0046,0,0.0041585969738662
D0014,T0055,0,0.0003181805659551
D0014,T0056,0,0.0005222830804996
D0014,T0057,0,0.0003407425247132
D0014,T0070,0,0.0009027846972458
D0014,T0072,0,0.000517098174896
D0014,T0073,0,0.0008810985018499
D0014,T0075,0,0.0037310959305614
D0014,T0076,0,0.0004764420446008
D0014,T0077,0,0.0004901974461972
D0014,T0078,0,0.0006220408249646
D0014,T0079,0,0.000192863648408
D0014,T0082,0,0.000473490654258
D0014,T0090,0,5.0829061365220696e-05
D0014,T0093,0,0.0005723428330384
D0014,T0101,0,0.0002098584955092
D0014,T0104,0,0.001259729033336
D0014,T0113,1,0.9799792766571044
D0014,T0116,1,0.9799792766571044
D0014,T0117,1,0.9799792766571044
D0014,T0126,0,0.0037943457718938
D0014,T0131,0,0.0062027350068092
D0014,T0132,0,0.0062635298818349
D0014,T0140,1,0.7025437951087952
D0014,T0148,0,0.0027809925377368
D0014,T0155,0,0.0024249891284853
D0014,T0157,0,0.1140734702348709
D0014,T0172,0,0.0001406008668709
D0014,T0176,0,0.0007868332322686
D0014,T0181,0,0.0029034891631454
D0014,T0185,0,0.0012955168494954
D0014,T0196,0,0.0026844621170312
D0014,T0199,0,0.0009107599616982
D0014,T0203,0,0.2023030817508697
D0014,T0209,0,9.908005449688062e-05
D0014,T0211,0,0.0001593024062458
D0014,T0218,0,0.0085361339151859
D0014,T0227,0,0.0086264414712786
D0014,T0244,0,0.0132160726934671
D0014,T0255,0,0.0019215067150071
D0014,T0268,0,0.0001164348068414
D0014,T0281,0,0.0012188148684799
D0014,T0284,0,0.000377125077648
D0014,T0285,0,0.000389340246329
D0014,T0286,0,0.0003869327774737
D0014,T0287,0,0.0005846947897225
D0014,T0291,0,0.0003696241474244
D0014,T0296,0,0.0009962046751752
D0014,T0307,0,0.0017628436908125
D0014,T0311,0,0.0033541673328727
D0014,T0320,0,0.0063123241998255
D0014,T0321,0,0.0004849392280448
D0014,T0329,0,0.0001406520896125
D0014,T0333,0,8.921268454287201e-05
D0014,T0341,0,0.0002038430538959
D0014,T0354,0,0.0037178087513893
D0014,T0358,0,0.205988734960556
D0014,T0367,0,0.0007481153006665
D0014,T0370,0,0.0001383076159982
D0014,T0374,0,0.0003604224766604
D0014,T0386,0,0.0502018555998802
D0014,T0388,0,0.0042466730810701
D0014,T0391,0,0.000232107413467
D0014,T0395,0,0.004360485356301
D0014,T0399,0,0.0214428585022687
D0014,T0402,0,0.0010810425737872
D0014,T0407,0,0.0096695264801383
D0014,T0409,0,0.0069971629418432
D0014,T0411,0,7.038892363198102e-05
D0014,T0418,0,0.3348249495029449
D0014,T0422,0,0.0002910349576268
D0014,T0423,0,0.0009077390423044
D0014,T0427,0,0.0060566896572709
D0014,T0429,0,0.0020816491451114
D0014,T0433,0,6.09577946306672e-05
D0014,T0436,0,0.0006936136633157
D0014,T0440,0,0.0735005959868431
D0015,T0000,0,0.0056139561347663
D0015,T0009,0,0.0909419208765029
D0015,T0011,0,0.0909419208765029
D0015,T0015,0,0.0909419208765029
D0015,T0019,0,0.0031287115998566
D0015,T0022,0,0.0013788234209641
D0015,T0025,0,0.0001546691055409
D0015,T0030,0,0.0051144622266292
D0015,T0033,0,0.0013237232342362
D0015,T0039,0,0.0060467482544481
D0015,T0042,0,0.011985670775175
D0015,T0046,0,0.0064625069499015
D0015,T0055,0,0.0013548395363613
D0015,T0056,0,0.00278873112984
D0015,T0057,0,0.0031501392368227
D0015,T0070,0,0.0007283827872015
D0015,T0072,0,0.001889360602945
D0015,T0073,0,0.005260051228106
D0015,T0075,0,0.1448411047458648
D0015,T0076,0,0.0043579270131886
D0015,T0077,0,0.0011375069152563
D0015,T0078,0,0.0016612546751275
D0015,T0079,0,0.000330691691488
D0015,T0082,0,0.002420277101919
D0015,T0090,0,0.0001072398736141
D0015,T0093,0,0.001600238145329
D0015,T0101,0,0.0003392964135855
D0015,T0104,0,0.000317277299473
D0015,T0113,0,0.0041947402060031
D0015,T0116,0,0.0041947402060031
D0015,T0117,0,0.0041947402060031
D0015,T0126,0,0.0013880961341783
D0015,T0131,0,0.0007663789438083
D0015,T0132,0,0.0015055836411193
D0015,T0140,0,0.0060974266380071
D0015,T0148,0,0.0162588339298963
D0015,T0155,0,0.0658630356192588
D0015,T0157,1,0.4752111732959747
D0015,T0172,0,0.0001162384651252
D0015,T0176,0,0.0194412656128406
D0015,T0181,0,0.0168314073234796
D0015,T0185,0,0.0079220728948712
D0015,T0196,0,0.032010294497013
D0015,T0199,0,0.0025499819312244
D0015,T0203,0,0.9468582272529602
D0015,T0209,0,0.0005575980758294
D0015,T0211,0,0.0005003897822462
D0015,T0218,0,0.0027921053115278
D0015,T0227,0,0.1474550366401672
D0015,T0244,0,0.0013524306705221
D0015,T0255,0,0.0054463911801576
D0015,T0268,0,0.0010907660471275
D0015,T0281,0,0.0158200096338987
D0015,T0284,0,0.0026811885181814
D0015,T0285,0,0.0038867173716425
D0015,T0286,0,0.0004948545829392
D0015,T0287,0,0.0011312933638691
D0015,T0291,0,0.0172835979610681
D0015,T0296,0,0.0046266140416264
D0015,T0307,0,0.0031710830517113
D0015,T0311,0,0.0054051075130701
D0015,T0320,0,0.0045351646840572
D0015,T0321,0,0.0007446563686244
D0015,T0329,0,0.0002383543906034
D0015,T0333,0,0.0013066036626696
D0015,T0341,0,0.0052350163459777
D0015,T0354,0,0.004791097715497
D0015,T0358,0,0.8669768571853638
D0015,T0367,0,0.0011369414860382
D0015,T0370,0,0.0004808554076589
D0015,T0374,0,0.0003987238160334
D0015,T0386,1,0.6564038395881653
D0015,T0388,0,0.0106622399762272
D0015,T0391,0,0.0003148047835566
D0015,T0395,0,0.01295449398458
D0015,T0399,0,0.026190847158432
D0015,T0402,0,0.0277238618582487
D0015,T0407,0,0.0170061103999614
D0015,T0409,0,0.0321396701037883
D0015,T0411,0,0.0001583569246577
D0015,T0418,0,0.241575226187706
D0015,T0422,0,0.000576879188884
D0015,T0423,0,0.0007919913623481
D0015,T0427,0,0.0549374632537364
D0015,T0429,0,0.2576819360256195
D0015,T0433,0,5.553031951421872e-05
D0015,T0436,0,0.0008254270069301
D0015,T0440,0,0.0162641275674104
D0016,T0000,0,0.0026708676014095
D0016,T0009,0,0.0154127171263098
D0016,T0011,1,0.0154127171263098
D0016,T0015,0,0.0154127171263098
D0016,T0019,0,0.0148070454597473
D0016,T0022,0,0.000755975197535
D0016,T0025,0,0.0001947152632055
D0016,T0030,0,0.0672173872590065
D0016,T0033,0,0.0038422155193984
D0016,T0039,0,0.0267716348171234
D0016,T0042,0,0.0658999979496002
D0016,T0046,0,0.0076949885115027
D0016,T0055,0,0.0002946013119071
D0016,T0056,0,0.000986233819276
D0016,T0057,0,0.0084486827254295
D0016,T0070,0,0.015646843239665
D0016,T0072,0,0.0042461329139769
D0016,T0073,0,0.0031672825571149
D0016,T0075,0,0.0278840381652116
D0016,T0076,0,0.0086615001782774
D0016,T0077,0,0.0028211406897753
D0016,T0078,0,0.0004154115740675
D0016,T0079,0,0.0002650386886671
D0016,T0082,0,0.0034612664021551
D0016,T0090,0,0.0014554599765688
D0016,T0093,0,0.0025267545133829
D0016,T0101,0,0.0008435115450993
D0016,T0104,0,0.0082346526905894
D0016,T0113,0,0.0057551395148038
D0016,T0116,0,0.0057551395148038
D0016,T0117,0,0.0057551395148038
D0016,T0126,0,0.0027332676108926
D0016,T0131,0,0.0022787179332226
D0016,T0132,0,0.0051538352854549
D0016,T0140,0,0.0169863756746053
D0016,T0148,0,0.0058758771046996
D0016,T0155,0,0.1533180922269821
D0016,T0157,0,0.0240541622042655
D0016,T0172,0,0.000744933146052
D0016,T0176,0,0.003602028125897
D0016,T0181,0,0.0507242046296596
D0016,T0185,0,0.0264703370630741
D0016,T0196,0,0.0095550343394279
D0016,T0199,0,0.0020507620647549
D0016,T0203,0,0.0030631562694907
D0016,T0209,0,0.0002575505059212
D0016,T0211,0,0.0087153706699609
D0016,T0218,0,0.0190068706870079
D0016,T0227,0,0.0127248354256153
D0016,T0244,1,0.067399688065052
D0016,T0255,0,0.0171009711921215
D0016,T0268,0,0.0232022628188133
D0016,T0281,0,0.0129060130566358
D0016,T0284,0,0.0027939979918301
D0016,T0285,0,0.0026735947467386
D0016,T0286,0,0.0023430353030562
D0016,T0287,0,0.0043547339737415
D0016,T0291,0,0.0003561128978617
D0016,T0296,0,0.031248964369297
D0016,T0307,0,0.0079846289008855
D0016,T0311,0,0.0154469534754753
D0016,T0320,0,0.051601093262434
D0016,T0321,0,0.0013368757208809
D0016,T0329,0,0.0011000030208379
D0016,T0333,0,0.0008274831925518
D0016,T0341,0,0.001424326444976
D0016,T0354,0,0.0116151999682188
D0016,T0358,0,0.0363329723477363
D0016,T0367,0,0.0023795086890459
D0016,T0370,0,0.004488218575716
D0016,T0374,0,0.00078950781608
D0016,T0386,1,0.0043878243304789
D0016,T0388,0,0.0194602832198143
D0016,T0391,0,0.0241058059036731
D0016,T0395,0,0.0105689279735088
D0016,T0399,0,0.0322648435831069
D0016,T0402,0,0.2905316352844238
D0016,T0407,0,0.0075668538920581
D0016,T0409,0,0.0241896696388721
D0016,T0411,0,0.0001588126760907
D0016,T0418,0,0.0041989884339272
D0016,T0422,0,0.0032317258883267
D0016,T0423,0,0.0014920817920938
D0016,T0427,0,0.0760709345340728
D0016,T0429,0,0.0506396368145942
D0016,T0433,0,8.02943977760151e-05
D0016,T0436,0,0.0029761455953121
D0016,T0440,0,0.0666708722710609
D0017,T0000,0,0.6143784523010254
D0017,T0009,1,0.9869584441184998
D0017,T0011,0,0.9869584441184998
D0017,T0015,1,0.9869584441184998
D0017,T0019,0,0.0112072676420211
D0017,T0022,0,0.019565712660551
D0017,T0025,0,0.0006687874556519
D0017,T0030,0,0.5030027627944946
D0017,T0033,0,0.0009379127295687
D0017,T0039,1,0.982692003250122
D0017,T0042,0,0.0146073829382658
D0017,T0046,1,0.9957455992698668
D0017,T0055,0,0.0003153166326228
D0017,T0056,0,0.000246896961471
D0017,T0057,0,0.0003835498355329
D0017,T0070,0,0.000217515596887
D0017,T0072,0,0.0127913020551204
D0017,T0073,0,0.0004556700296234
D0017,T0075,0,0.0191636960953474
D0017,T0076,0,0.0007920578354969
D0017,T0077,0,0.0046666511334478
D0017,T0078,0,0.0014810163993388
D0017,T0079,0,0.0014710873365402
D0017,T0082,0,0.0004479051276575
D0017,T0090,0,0.0004366219218354
D0017,T0093,0,0.0012422985164448
D0017,T0101,0,0.0032147737219929
D0017,T0104,0,0.0125163113698363
D0017,T0113,0,0.0140151921659708
D0017,T0116,0,0.0140151921659708
D0017,T0117,0,0.0140151921659708
D0017,T0126,1,0.9563279151916504
D0017,T0131,0,0.989237368106842
D0017,T0132,1,0.9580392837524414
D0017,T0140,0,0.0240604225546121
D0017,T0148,0,0.2377910763025283
D0017,T0155,0,0.0032336877193301
D0017,T0157,0,0.0254014376550912
D0017,T0172,0,0.0003595981106627
D0017,T0176,0,0.0005416294443421
D0017,T0181,0,0.0710802972316742
D0017,T0185,0,0.0020260196179151
D0017,T0196,0,0.0494628176093101
D0017,T0199,0,0.0006578040774911
D0017,T0203,1,0.9932424426078796
D0017,T0209,0,0.000254562619375
D0017,T0211,0,0.0179782528430223
D0017,T0218,1,0.9921219348907472
D0017,T0227,0,0.0137460753321647
D0017,T0244,0,0.086689680814743
D0017,T0255,0,0.9892616271972656
D0017,T0268,0,0.0017463963013142
D0017,T0281,0,0.2276126742362976
D0017,T0284,1,0.000251004617894
D0017,T0285,0,0.0001915231405291
D0017,T0286,0,0.000307832553517
D0017,T0287,0,0.0005396627238951
D0017,T0291,0,4.1861530917230994e-05
D0017,T0296,0,0.0060000768862664
D0017,T0307,0,0.001352094579488
D0017,T0311,0,0.0009759691311046
D0017,T0320,0,0.002091774251312
D0017,T0321,0,0.0031508069951087
D0017,T0329,0,9.705180855235084e-05
D0017,T0333,0,0.0009025037870742
D0017,T0341,0,0.0001584557030582
D0017,T0354,0,0.0083187716081738
D0017,T0358,0,0.1954120546579361
D0017,T0367,0,0.0029227547347545
D0017,T0370,0,0.0014659571461379
D0017,T0374,0,0.0008022843394428
D0017,T0386,0,0.218839406967163
D0017,T0388,0,0.2974892854690552
D0017,T0391,0,0.0029138582758605
D0017,T0395,0,0.1942530125379562
D0017,T0399,0,0.8321126103401184
D0017,T0402,0,0.029445081949234
D0017,T0407,0,0.010749883018434
D0017,T0409,0,0.1195555999875068
D0017,T0411,0,0.0002739736228249
D0017,T0418,0,0.914865016937256
D0017,T0422,0,0.0009754782659001
D0017,T0423,1,0.9907509684562684
D0017,T0427,0,0.0283822696655988
D0017,T0429,0,0.0213657394051551
D0017,T0433,0,0.0006620771600864
D0017,T0436,0,0.0098007190972566
D0017,T0440,0,0.1216395497322082
D0018,T0000,0,0.0012744622072204
D0018,T0009,0,0.0029873703606426
D0018,T0011,0,0.0029873703606426
D0018,T0015,0,0.0029873703606426
D0018,T0019,0,0.002994317561388
D0018,T0022,0,0.0020301376935094
D0018,T0025,0,0.0002644636551849
D0018,T0030,0,0.001680584042333
D0018,T0033,0,0.0005668951780535
D0018,T0039,0,0.0020944909192621
D0018,T0042,0,0.023426504805684
D0018,T0046,0,0.0026004866231232
D0018,T0055,0,0.0008926547016017
D0018,T0056,0,0.0012168370885774
D0018,T0057,0,0.0003203550586476
D0018,T0070,0,0.001936244778335
D0018,T0072,0,0.0042560151778161
D0018,T0073,0,0.0315212085843086
D0018,T0075,0,0.0325953289866447
D0018,T0076,0,0.0029756508301943
D0018,T0077,0,0.0005103576113469
D0018,T0078,0,0.0001607532176421
D0018,T0079,0,0.0009942752076312
D0018,T0082,0,0.001348266378045
D0018,T0090,0,5.746486567659304e-05
D0018,T0093,0,0.0066586192697286
D0018,T0101,0,0.0001917992631206
D0018,T0104,0,0.0007281680009327
D0018,T0113,0,0.0049949367530643
D0018,T0116,0,0.0049949367530643
D0018,T0117,0,0.0049949367530643
D0018,T0126,0,0.0018418052932247
D0018,T0131,0,0.0009659855859354
D0018,T0132,0,0.0013345216866582
D0018,T0140,0,0.0061279712244868
D0018,T0148,0,0.000701680779457
D0018,T0155,0,0.0028727054595947
D0018,T0157,0,0.0780963450670242
D0018,T0172,0,0.0002739522024057
D0018,T0176,0,0.00223258882761
D0018,T0181,0,0.0010168537264689
D0018,T0185,0,0.0020716662984341
D0018,T0196,0,0.0027756683994084
D0018,T0199,0,0.0170176178216934
D0018,T0203,0,0.8210118412971497
D0018,T0209,0,0.0003548116073943
D0018,T0211,0,0.0002371712471358
D0018,T0218,0,0.0021204422228038
D0018,T0227,0,0.0349029749631881
D0018,T0244,0,0.0067175491712987
D0018,T0255,0,0.0006528364610858
D0018,T0268,0,0.0006034481921233
D0018,T0281,0,0.0005497408565133
D0018,T0284,1,0.0047611002810299
D0018,T0285,1,0.0065772193484008
D0018,T0286,0,0.0012286911951377
D0018,T0287,1,0.003006144426763
D0018,T0291,0,0.0021695243194699
D0018,T0296,0,0.0053586275316774
D0018,T0307,0,0.0007499768980778
D0018,T0311,0,0.0016083270311355
D0018,T0320,0,0.0020590757485479
D0018,T0321,0,0.0010418206220492
D0018,T0329,0,0.0046746777370572
D0018,T0333,0,0.0004483840020839
D0018,T0341,0,0.0020406935364007
D0018,T0354,0,0.0039856927469372
D0018,T0358,0,0.2014553695917129
D0018,T0367,0,0.0005174336838535
D0018,T0370,0,0.0002529430785216
D0018,T0374,0,0.0010948092676699
D0018,T0386,0,0.0519557073712348
D0018,T0388,0,0.0006473649409599
D0018,T0391,0,0.000673393253237
D0018,T0395,0,0.00316560594365
D0018,T0399,0,0.0112647358328104
D0018,T0402,0,0.0063906856812536
D0018,T0407,0,0.0093221627175807
D0018,T0409,1,0.0061688106507062
D0018,T0411,0,9.514924022369088e-05
D0018,T0418,0,0.1880770027637481
D0018,T0422,0,0.000522575166542
D0018,T0423,0,0.0007167048752307
D0018,T0427,0,0.0076894592493772
D0018,T0429,0,0.0123834880068898
D0018,T0433,0,0.0003263184626121
D0018,T0436,0,0.0005045977886766
D0018,T0440,0,0.0101200360804796
D0019,T0000,0,0.0013602807885035
D0019,T0009,0,0.0051453611813485
D0019,T0011,0,0.0051453611813485
D0019,T0015,0,0.0051453611813485
D0019,T0019,0,9.38468801905401e-05
D0019,T0022,0,0.0002043809945462
D0019,T0025,0,5.2148629038129e-05
D0019,T0030,0,0.0001046998149831
D0019,T0033,0,1.2211165085318498e-05
D0019,T0039,0,0.0003876398259308
D0019,T0042,0,0.0005149664357304
D0019,T0046,0,0.0002482866402715
D0019,T0055,0,1.8756521967588924e-05
D0019,T0056,0,1.475965927966172e-05
D0019,T0057,0,1.0463535545568448e-05
D0019,T0070,0,0.0002451276814099
D0019,T0072,0,0.0001016611495288
D0019,T0073,0,3.993815334979445e-05
D0019,T0075,0,0.0001581634569447
D0019,T0076,0,1.2619190783880184e-05
D0019,T0077,0,0.0030168320517987
D0019,T0078,0,4.195288784103468e-05
D0019,T0079,0,4.4625205191550776e-05
D0019,T0082,0,6.988316454226151e-05
D0019,T0090,0,4.3984571675537154e-05
D0019,T0093,0,4.2453142668819055e-05
D0019,T0101,0,3.2461961382068694e-05
D0019,T0104,0,0.0003722927358467
D0019,T0113,0,0.0043181842193007
D0019,T0116,0,0.0043181842193007
D0019,T0117,0,0.0043181842193007
D0019,T0126,0,0.0003514565469231
D0019,T0131,0,7.225606532301754e-05
D0019,T0132,0,7.628492312505841e-05
D0019,T0140,0,0.002582079032436
D0019,T0148,0,5.164383765077218e-05
D0019,T0155,0,4.6527387894457206e-05
D0019,T0157,0,0.0018098104046657
D0019,T0172,0,2.049314571195282e-05
D0019,T0176,0,0.0001726696500554
D0019,T0181,0,0.0002712544228415
D0019,T0185,0,1.941203481692355e-05
D0019,T0196,0,0.0398530140519142
D0019,T0199,0,4.137282303418033e-05
D0019,T0203,0,0.889169454574585
D0019,T0209,0,4.9850357754621655e-05
D0019,T0211,0,8.28429801913444e-06
D0019,T0218,0,0.0002721180208027
D0019,T0227,0,0.0005148322088643
D0019,T0244,0,0.0033470769412815
D0019,T0255,0,4.607288065017201e-05
D0019,T0268,0,1.7971036868402734e-05
D0019,T0281,0,3.5607623431133106e-05
D0019,T0284,0,4.782586984219961e-05
D0019,T0285,0,7.335690315812826e-05
D0019,T0286,0,4.06687795475591e-05
D0019,T0287,0,4.600649845087901e-05
D0019,T0291,0,0.0010679216356948
D0019,T0296,0,0.0001388700475217
D0019,T0307,0,7.515111065004021e-05
D0019,T0311,0,0.0001823509519454
D0019,T0320,0,0.000170035084011
D0019,T0321,0,5.5242515372810885e-05
D0019,T0329,0,0.0005399559740908
D0019,T0333,0,1.7535638107801788e-05
D0019,T0341,0,0.0002922029525507
D0019,T0354,0,0.0008277311571873
D0019,T0358,1,0.9793890118598938
D0019,T0367,0,2.608336035336833e-05
D0019,T0370,0,8.743168291402981e-05
D0019,T0374,0,0.0008987996843643
D0019,T0386,0,0.0079079009592533
D0019,T0388,0,2.7169751774636097e-05
D0019,T0391,0,0.0001756686688167
D0019,T0395,0,0.0052999737672507
D0019,T0399,0,0.0014648910146206
D0019,T0402,0,0.0001593583147041
D0019,T0407,0,0.0001938485074788
D0019,T0409,0,0.0009455641265958
D0019,T0411,0,3.994805956608616e-05
D0019,T0418,0,0.0042500463314354
D0019,T0422,0,4.780858944286592e-05
D0019,T0423,0,0.0013977396301925
D0019,T0427,0,0.0005212165997363
D0019,T0429,0,0.0001241917198058
D0019,T0433,0,3.504643973428756e-05
D0019,T0436,0,0.0001258925767615
D0019,T0440,0,0.0004043363442178
D0020,T0000,0,0.0004114458570256
D0020,T0009,0,0.0011355094611644
D0020,T0011,0,0.0011355094611644
D0020,T0015,0,0.0011355094611644
D0020,T0019,0,0.0008797155460342
D0020,T0022,0,0.0015390531625598
D0020,T0025,0,0.0025843740440905
D0020,T0030,0,0.0005263481289148
D0020,T0033,0,0.0005551954382099
D0020,T0039,0,0.0003674266627058
D0020,T0042,0,0.0001609326718607
D0020,T0046,0,0.0005913822096772
D0020,T0055,0,0.0002480398979969
D0020,T0056,0,0.0001270220673177
D0020,T0057,0,0.0001139919841079
D0020,T0070,0,0.1006738469004631
D0020,T0072,0,0.0959764495491981
D0020,T0073,0,0.0077683278359472
D0020,T0075,0,0.0043234336189925
D0020,T0076,0,0.0047800946049392
D0020,T0077,0,0.004730730317533
D0020,T0078,0,0.0001619261020096
D0020,T0079,0,0.0012474926188588
D0020,T0082,0,0.0036740500945597
D0020,T0090,0,0.0016231008339673
D0020,T0093,0,0.0352388694882392
D0020,T0101,0,0.000351462571416
D0020,T0104,0,0.0006893241079524
D0020,T0113,0,0.0021904557943344
D0020,T0116,0,0.0021904557943344
D0020,T0117,0,0.0021904557943344
D0020,T0126,0,0.0004866414237767
D0020,T0131,0,0.0001515649200882
D0020,T0132,0,0.000129012405523
D0020,T0140,0,0.003300768090412
D0020,T0148,0,0.0002436334762023
D0020,T0155,0,0.0001274276291951
D0020,T0157,0,0.0003588495019357
D0020,T0172,0,0.0010355872800573
D0020,T0176,0,0.0042933169752359
D0020,T0181,0,0.0004991340683773
D0020,T0185,0,0.0005546418833546
D0020,T0196,0,0.0012788170715793
D0020,T0199,0,0.0079694595187902
D0020,T0203,0,0.0010115596232935
D0020,T0209,0,0.0072240480221807
D0020,T0211,0,6.781608681194484e-05
D0020,T0218,0,0.0004978546639904
D0020,T0227,0,0.0006439890712499
D0020,T0244,0,0.0013498765183612
D0020,T0255,0,0.0002661868929862
D0020,T0268,0,0.0003869941865559
D0020,T0281,0,0.0003799881378654
D0020,T0284,0,0.0101639814674854
D0020,T0285,0,0.0134165044873952
D0020,T0286,0,0.009568921290338
D0020,T0287,0,0.0411779321730136
D0020,T0291,0,0.0007812596159055
D0020,T0296,0,0.0481268279254436
D0020,T0307,0,0.0014952209312468
D0020,T0311,0,0.0016081891953945
D0020,T0320,0,0.0024893924128264
D0020,T0321,0,0.0002497858658898
D0020,T0329,0,0.0406708903610706
D0020,T0333,0,0.002306374721229
D0020,T0341,0,0.0261610075831413
D0020,T0354,0,0.0044239275157451
D0020,T0358,0,0.0022969050332903
D0020,T0367,0,0.0006987625965848
D0020,T0370,0,0.0052730510942637
D0020,T0374,0,0.0417813919484615
D0020,T0386,0,0.001684620976448
D0020,T0388,0,0.0003347276069689
D0020,T0391,0,0.0094668213278055
D0020,T0395,0,0.0012054450344294
D0020,T0399,0,0.0006289830198511
D0020,T0402,0,0.0040173423476517
D0020,T0407,0,0.0002969123597722
D0020,T0409,0,0.0003910832165274
D0020,T0411,0,0.0007210287149064
D0020,T0418,0,0.0006884839967824
D0020,T0422,0,0.0034965567756444
D0020,T0423,0,0.000290935364319
D0020,T0427,0,0.0006306556751951
D0020,T0429,0,0.0119898207485675
D0020,T0433,0,0.0004268221964593
D0020,T0436,0,0.0005902801640331
D0020,T0440,0,0.0015792836202308
D0021,T0000,0,0.0001565863349242
D0021,T0009,0,0.0157791469246149
D0021,T0011,0,0.0157791469246149
D0021,T0015,0,0.0157791469246149
D0021,T0019,0,0.0016185768181458
D0021,T0022,0,0.0009911654051393
D0021,T0025,0,0.0001826432853704
D0021,T0030,0,0.0009989119134843
D0021,T0033,0,0.0002024598652496
D0021,T0039,0,0.0059637622907757
D0021,T0042,0,0.0094701927155256
D0021,T0046,0,0.0040650898590683
D0021,T0055,0,0.0002937504032161
D0021,T0056,0,0.0002255801809951
D0021,T0057,0,0.0002184767072321
D0021,T0070,0,0.0011046970030292
D0021,T0072,0,0.0008997824625112
D0021,T0073,0,0.0022530783899128
D0021,T0075,0,0.043786883354187
D0021,T0076,0,0.0011874308111146
D0021,T0077,0,0.000255798571743
D0021,T0078,0,0.0001401980262016
D0021,T0079,0,0.0003621770592872
D0021,T0082,0,0.000472877145512
D0021,T0090,0,9.87640378298238e-05
D0021,T0093,0,0.0013615982607007
D0021,T0101,0,0.0001338716538157
D0021,T0104,0,0.0006534747662954
D0021,T0113,1,0.9688849449157716
D0021,T0116,1,0.9688849449157716
D0021,T0117,1,0.9688849449157716
D0021,T0126,0,0.0019757666159421
D0021,T0131,0,0.0012958500301465
D0021,T0132,0,0.0025353487581014
D0021,T0140,0,0.7002831697463989
D0021,T0148,0,0.0011296473676338
D0021,T0155,0,0.0023537222295999
D0021,T0157,0,0.0168537069112062
D0021,T0172,0,7.499160710722208e-05
D0021,T0176,0,0.0038273425307124
D0021,T0181,0,0.0032298814039677
D0021,T0185,0,0.0010388041846454
D0021,T0196,0,0.0024360478855669
D0021,T0199,0,0.0020420155487954
D0021,T0203,0,0.0581523217260837
D0021,T0209,0,0.000210856902413
D0021,T0211,0,0.0001789180532796
D0021,T0218,0,0.0042809089645743
D0021,T0227,0,0.0596796236932277
D0021,T0244,0,0.0075128455646336
D0021,T0255,0,0.0013229001779109
D0021,T0268,0,6.714856863254681e-05
D0021,T0281,0,0.0073153395205736
D0021,T0284,0,0.0014435834018513
D0021,T0285,0,0.001309830811806
D0021,T0286,0,0.0006072822143323
D0021,T0287,0,0.0018056594999507
D0021,T0291,0,0.0010838416637852
D0021,T0296,0,0.0011865908745676
D0021,T0307,0,0.0008523193537257
D0021,T0311,0,0.001114260405302
D0021,T0320,0,0.0009839428821578
D0021,T0321,0,0.0003225619439035
D0021,T0329,0,0.0002705743245314
D0021,T0333,0,0.0003751895565073
D0021,T0341,0,0.0011076793307438
D0021,T0354,0,0.0044396393932402
D0021,T0358,0,0.0310888811945915
D0021,T0367,0,0.0004315971746109
D0021,T0370,0,0.000105816834548
D0021,T0374,0,0.0003524913627188
D0021,T0386,1,0.7861430644989014
D0021,T0388,0,0.0084337471053004
D0021,T0391,0,0.0001306368212681
D0021,T0395,0,0.0048572765663266
D0021,T0399,0,0.0122635457664728
D0021,T0402,0,0.0030163598712533
D0021,T0407,0,0.007975504733622
D0021,T0409,0,0.0079483529552817
D0021,T0411,0,0.0001546496350783
D0021,T0418,0,0.0313997492194175
D0021,T0422,0,0.000677446310874
D0021,T0423,0,0.0008119788835756
D0021,T0427,0,0.0116743380203843
D0021,T0429,0,0.0045181792229413
D0021,T0433,0,0.0001365979987895
D0021,T0436,0,0.0007598671363666
D0021,T0440,0,0.023287521675229
D0022,T0000,0,0.0092361401766538
D0022,T0009,1,0.2342507690191269
D0022,T0011,1,0.2342507690191269
D0022,T0015,0,0.2342507690191269
D0022,T0019,0,0.0224852915853261
D0022,T0022,0,0.0061486694030463
D0022,T0025,0,0.0004953832249157
D0022,T0030,0,0.0165140219032764
D0022,T0033,0,0.0013624135171994
D0022,T0039,1,0.972088098526001
D0022,T0042,0,0.9806578159332277
D0022,T0046,1,0.9629119634628296
D0022,T0055,0,0.0003868101630359
D0022,T0056,0,0.0005777279729954
D0022,T0057,0,0.0001430662960046
D0022,T0070,1,0.0031892645638436
D0022,T0072,0,0.0019875594880431
D0022,T0073,0,0.0014045394491404
D0022,T0075,0,0.0115267531946301
D0022,T0076,0,0.0168471168726682
D0022,T0077,0,0.0003107067605014
D0022,T0078,0,0.0017734564607962
D0022,T0079,0,0.0029090205207467
D0022,T0082,0,0.0008295651059597
D0022,T0090,0,0.0002134247042704
D0022,T0093,0,0.0005685607320629
D0022,T0101,0,9.0992652985733e-05
D0022,T0104,1,0.0635137930512428
D0022,T0113,0,0.0549831166863441
D0022,T0116,0,0.0549831166863441
D0022,T0117,0,0.0549831166863441
D0022,T0126,1,0.9241628050804138
D0022,T0131,1,0.9565098881721495
D0022,T0132,1,0.8293918967247009
D0022,T0140,0,0.0441966615617275
D0022,T0148,0,0.0077786473557353
D0022,T0155,0,0.9555329084396362
D0022,T0157,1,0.9879540205001832
D0022,T0172,0,0.0002096720709232
D0022,T0176,0,0.0045723035000264
D0022,T0181,0,0.0013651273911818
D0022,T0185,0,0.8692960739135742
D0022,T0196,0,0.9252317547798156
D0022,T0199,0,0.0003349535982124
D0022,T0203,1,0.9956067204475404
D0022,T0209,0,0.0003286143473815
D0022,T0211,0,0.0082750916481018
D0022,T0218,1,0.934499442577362
D0022,T0227,0,0.1214365810155868
D0022,T0244,1,0.9956901669502258
D0022,T0255,0,0.7965095639228821
D0022,T0268,0,0.0005109682679176
D0022,T0281,0,0.0026122103445231
D0022,T0284,0,0.0007245142478495
D0022,T0285,0,0.0009801912819966
D0022,T0286,0,0.0008168774656951
D0022,T0287,0,0.0008848613360896
D0022,T0291,0,0.0006558000459335
D0022,T0296,0,0.0018886206671595
D0022,T0307,0,0.0022531514987349
D0022,T0311,0,0.0022998750209808
D0022,T0320,0,0.0027262554503977
D0022,T0321,0,0.0031739273108541
D0022,T0329,0,0.0005804299144074
D0022,T0333,0,0.0006310636526905
D0022,T0341,0,0.0033625895157456
D0022,T0354,0,0.0219363160431385
D0022,T0358,1,0.998057186603546
D0022,T0367,0,0.0026656952686607
D0022,T0370,0,0.0002712469140533
D0022,T0374,0,0.0001408532698405
D0022,T0386,1,0.820401668548584
D0022,T0388,0,0.0017185637261718
D0022,T0391,0,0.0004715084505733
D0022,T0395,0,0.0014772528083994
D0022,T0399,0,0.977882444858551
D0022,T0402,0,0.2503096163272857
D0022,T0407,0,0.0439539328217506
D0022,T0409,1,0.9946570992469788
D0022,T0411,0,0.0004087758716195
D0022,T0418,1,0.9894843697547911
D0022,T0422,0,0.0014039563247933
D0022,T0423,0,0.0548077970743179
D0022,T0427,0,0.3357303440570831
D0022,T0429,0,0.0154616292566061
D0022,T0433,0,0.0002660239697434
D0022,T0436,0,0.0015220808563753
D0022,T0440,0,0.5606153011322021
D0023,T0000,0,0.0001260551071027
D0023,T0009,0,0.0001444684021407
D0023,T0011,0,0.0001444684021407
D0023,T0015,0,0.0001444684021407
D0023,T0019,0,0.0022140962537378
D0023,T0022,0,0.0009764842689037
D0023,T0025,0,0.0003671311424113
D0023,T0030,0,0.00034498720197
D0023,T0033,0,0.0005809596041217
D0023,T0039,0,0.0002148434869013
D0023,T0042,0,0.0011472901096567
D0023,T0046,0,0.000188620047993
D0023,T0055,0,8.973904914455488e-05
D0023,T0056,0,9.066196798812598e-05
D0023,T0057,0,0.0001082223825505
D0023,T0070,0,0.0020928583107888
D0023,T0072,0,0.0010018403409048
D0023,T0073,0,0.002411437453702
D0023,T0075,0,0.0012727038701996
D0023,T0076,0,0.0012134666321799
D0023,T0077,0,0.0001913630403578
D0023,T0078,0,8.050416363403201e-05
D0023,T0079,0,0.0007945834659039
D0023,T0082,0,0.0001869837287813
D0023,T0090,0,0.000649037247058
D0023,T0093,0,0.0023067805450409
D0023,T0101,0,0.000107970656245
D0023,T0104,0,0.0004227320896461
D0023,T0113,0,0.0015442741569131
D0023,T0116,0,0.0015442741569131
D0023,T0117,0,0.0015442741569131
D0023,T0126,0,0.0001370103418594
D0023,T0131,0,0.0001133788318838
D0023,T0132,0,0.0001163484703283
D0023,T0140,0,0.0026765333022922
D0023,T0148,0,0.0001718865823931
D0023,T0155,0,0.0001996855280594
D0023,T0157,0,0.0007940778159536
D0023,T0172,0,0.0002543168375268
D0023,T0176,0,0.0009490954689681
D0023,T0181,0,0.0001942016533575
D0023,T0185,0,0.0004906312096863
D0023,T0196,0,0.000339164835168
D0023,T0199,0,0.0019243072019889
D0023,T0203,0,0.0003430462675169
D0023,T0209,0,0.0008131887298077
D0023,T0211,0,0.0002551608486101
D0023,T0218,0,0.00024582495098
D0023,T0227,0,0.0002101576392306
D0023,T0244,0,0.0007437719032168
D0023,T0255,0,0.0002781574439723
D0023,T0268,0,0.0005677819717675
D0023,T0281,0,0.0001897378679132
D0023,T0284,0,0.0023616652470082
D0023,T0285,0,0.0029104202985763
D0023,T0286,0,0.0016230575274676
D0023,T0287,0,0.003328836755827
D0023,T0291,0,0.0004756107809953
D0023,T0296,0,0.0035788959357887
D0023,T0307,0,0.0001794808922568
D0023,T0311,0,0.0001618580135982
D0023,T0320,0,0.0002062204293906
D0023,T0321,0,0.0001604839781066
D0023,T0329,0,0.001289710169658
D0023,T0333,0,0.0003237206256017
D0023,T0341,0,0.0004908515256829
D0023,T0354,1,0.0080053564161062
D0023,T0358,0,0.0009407232864759
D0023,T0367,0,0.0007042469223961
D0023,T0370,0,0.0005348763661459
D0023,T0374,0,0.0007705453899689
D0023,T0386,0,0.0002667775843292
D0023,T0388,0,0.0002465088618919
D0023,T0391,0,0.0027390590403229
D0023,T0395,0,0.0003060410963371
D0023,T0399,0,0.0009343699784949
D0023,T0402,0,0.000492526392918
D0023,T0407,0,0.0011121813440695
D0023,T0409,0,0.0002821795642375
D0023,T0411,0,0.0002579879655968
D0023,T0418,0,0.0004238174587953
D0023,T0422,0,0.0005036686779931
D0023,T0423,0,0.0001079409194062
D0023,T0427,0,0.0002874500642064
D0023,T0429,0,0.0013598474906757
D0023,T0433,0,0.0005931988125666
D0023,T0436,0,0.0002594615798443
D0023,T0440,0,0.0006880605942569
D0024,T0000,0,0.0178885795176029
D0024,T0009,0,0.0003108955279458
D0024,T0011,0,0.0003108955279458
D0024,T0015,0,0.0003108955279458
D0024,T0019,0,0.0005277892341837
D0024,T0022,0,0.0054730186238884
D0024,T0025,1,0.0012216821778565
D0024,T0030,0,0.0012463245075196
D0024,T0033,0,0.0016717878170311
D0024,T0039,0,0.0005623139441013
D0024,T0042,0,0.001179373357445
D0024,T0046,0,0.0002906423178501
D0024,T0055,0,0.0006529512465931
D0024,T0056,0,0.0007696423563174
D0024,T0057,0,0.000480899674585
D0024,T0070,0,0.0754442885518074
D0024,T0072,0,0.1567151844501495
D0024,T0073,0,0.0097783515229821
D0024,T0075,0,0.0072136665694415
D0024,T0076,0,0.0137993684038519
D0024,T0077,0,0.0011991759529337
D0024,T0078,0,0.0001163172928499
D0024,T0079,0,0.0136416209861636
D0024,T0082,0,0.4135028421878814
D0024,T0090,0,0.0021472002845257
D0024,T0093,0,0.0448169708251953
D0024,T0101,0,6.434579699998721e-05
D0024,T0104,0,0.0010885362280532
D0024,T0113,0,0.0008280668407678
D0024,T0116,0,0.0008280668407678
D0024,T0117,0,0.0008280668407678
D0024,T0126,0,0.000242012378294
D0024,T0131,0,0.0001163834094768
D0024,T0132,0,0.0001750984374666
D0024,T0140,0,0.0014095038641244
D0024,T0148,0,0.0001234068186022
D0024,T0155,0,0.0005716744344681
D0024,T0157,0,0.001985298236832
D0024,T0172,0,0.00488399900496
D0024,T0176,0,0.0065336786210536
D0024,T0181,0,0.0002569006173871
D0024,T0185,0,0.0012862442526966
D0024,T0196,0,0.0016076235333457
D0024,T0199,0,0.0450556352734565
D0024,T0203,0,0.0010458590695634
D0024,T0209,0,0.1840796321630478
D0024,T0211,0,0.000332460651407
D0024,T0218,0,0.0003554189752321
D0024,T0227,0,0.01025967951864
D0024,T0244,0,0.0032204219605773
D0024,T0255,0,0.0001559013180667
D0024,T0268,0,0.0061340061947703
D0024,T0281,0,3.724509224412032e-05
D0024,T0284,0,0.0112811736762523
D0024,T0285,0,0.0158083960413932
D0024,T0286,0,0.003739875042811
D0024,T0287,0,0.0054415967315435
D0024,T0291,1,0.3033392131328583
D0024,T0296,0,0.1005879789590835
D0024,T0307,0,0.0013605690328404
D0024,T0311,0,0.0023799536284059
D0024,T0320,0,0.0021850243210792
D0024,T0321,0,0.0019936782773584
D0024,T0329,1,0.9744053483009338
D0024,T0333,0,0.0384882502257823
D0024,T0341,1,0.8392725586891174
D0024,T0354,0,0.014846658334136
D0024,T0358,0,0.0040386281907558
D0024,T0367,0,0.0034728550817817
D0024,T0370,0,0.0022501945495605
D0024,T0374,0,0.0030342715326696
D0024,T0386,0,0.0030884100124239
D0024,T0388,0,2.38278771576006e-05
D0024,T0391,0,0.0216913633048534
D0024,T0395,0,0.0011868451256304
D0024,T0399,0,0.0019394664559513
D0024,T0402,0,0.022184869274497
D0024,T0407,0,0.0009517006110399
D0024,T0409,0,0.0005207294598221
D0024,T0411,0,0.0001069450663635
D0024,T0418,0,0.0008321983623318
D0024,T0422,0,0.0044244276359677
D0024,T0423,0,0.0001381976617267
D0024,T0427,0,0.0021801309194415
D0024,T0429,0,0.0069749662652611
D0024,T0433,0,0.0024004310835152
D0024,T0436,0,0.0009204867528751
D0024,T0440,0,0.0005473081255331
D0025,T0000,0,0.0007022035424597
D0025,T0009,0,0.0051030344329774
D0025,T0011,0,0.0051030344329774
D0025,T0015,0,0.0051030344329774
D0025,T0019,0,0.0039012900087982
D0025,T0022,0,0.0080125471577048
D0025,T0025,0,7.067248225212097e-05
D0025,T0030,0,0.0071065821684896
D0025,T0033,0,0.0007188619929365
D0025,T0039,0,0.0021889221388846
D0025,T0042,0,0.0017734430730342
D0025,T0046,0,0.0017929570749402
D0025,T0055,0,0.0026774650905281
D0025,T0056,0,0.0015556033467873
D0025,T0057,0,0.0006062692846171
D0025,T0070,0,0.0035855849273502
D0025,T0072,0,0.0120013607665896
D0025,T0073,0,0.011036722920835
D0025,T0075,0,0.0498781651258468
D0025,T0076,0,0.007792018353939
D0025,T0077,0,0.0005689705722033
D0025,T0078,0,0.0001647922763368
D0025,T0079,0,0.0002366361586609
D0025,T0082,0,0.0008676589350216
D0025,T0090,0,7.134304905775934e-05
D0025,T0093,0,0.0099022984504699
D0025,T0101,0,0.0004418181779328
D0025,T0104,0,0.0004921429790556
D0025,T0113,0,0.0038304727058857
D0025,T0116,0,0.0038304727058857
D0025,T0117,0,0.0038304727058857
D0025,T0126,0,0.0005958183319307
D0025,T0131,0,0.0005479488754644
D0025,T0132,0,0.0010647202143445
D0025,T0140,0,0.005450019147247
D0025,T0148,0,0.0008189166546799
D0025,T0155,0,0.0017188173951581
D0025,T0157,0,0.0042904112488031
D0025,T0172,0,0.0001084732284653
D0025,T0176,0,0.0050212498754262
D0025,T0181,0,0.0073470645584166
D0025,T0185,0,0.0012254337780177
D0025,T0196,0,0.0016772496746852
D0025,T0199,0,0.0051024607382714
D0025,T0203,0,0.0065037151798605
D0025,T0209,0,0.0003339995164424
D0025,T0211,0,0.0008486016886308
D0025,T0218,0,0.0022404331248253
D0025,T0227,0,0.0220131203532218
D0025,T0244,0,0.003530923044309
D0025,T0255,0,0.0011598555138334
D0025,T0268,0,0.0069823251105844
D0025,T0281,0,0.0036535626277327
D0025,T0284,0,0.004538785200566
D0025,T0285,0,0.0067906035110354
D0025,T0286,0,0.0015261546941474
D0025,T0287,0,0.008220937103033
D0025,T0291,0,0.0024141736794263
D0025,T0296,0,0.0153242098167538
D0025,T0307,0,0.0096236569806933
D0025,T0311,0,0.0056646815501153
D0025,T0320,0,0.0154528720304369
D0025,T0321,0,0.0038839159533381
D0025,T0329,0,0.0004615075013134
D0025,T0333,0,0.0011855434859171
D0025,T0341,0,0.0031015302520245
D0025,T0354,0,0.0041920356452465
D0025,T0358,0,0.0191158577799797
D0025,T0367,0,0.0006976088625378
D0025,T0370,0,0.0010447585955262
D0025,T0374,0,0.0003136777377221
D0025,T0386,0,0.0087650371715426
D0025,T0388,0,0.0048617804422974
D0025,T0391,0,0.0006186600658111
D0025,T0395,0,0.0047408486716449
D0025,T0399,0,0.0024401356931775
D0025,T0402,0,0.0394700989127159
D0025,T0407,0,0.0116147613152861
D0025,T0409,0,0.0025397925637662
D0025,T0411,0,0.00043067758088
D0025,T0418,0,0.0018520285375416
D0025,T0422,0,0.0006273942999541
D0025,T0423,0,0.0004701644647866
D0025,T0427,0,0.0094151906669139
D0025,T0429,0,0.04195386916399
D0025,T0433,0,0.0005444513517431
D0025,T0436,0,0.0004715210525318
D0025,T0440,0,0.0050193751230835
D0026,T0000,0,0.0008740857010707
D0026,T0009,0,0.0098061170428991
D0026,T0011,0,0.0098061170428991
D0026,T0015,0,0.0098061170428991
D0026,T0019,0,0.0073298322968184
D0026,T0022,0,0.0017310467083007
D0026,T0025,0,0.0001677298132563
D0026,T0030,0,0.0026142373681068
D0026,T0033,0,0.0009123181225731
D0026,T0039,0,0.0103365881368517
D0026,T0042,0,0.0572774559259414
D0026,T0046,0,0.006114606745541
D0026,T0055,0,0.0003200607898179
D0026,T0056,0,0.0007691053324379
D0026,T0057,0,0.0005266979569569
D0026,T0070,0,0.001049364102073
D0026,T0072,0,0.0013115984620526
D0026,T0073,0,0.0017392749432474
D0026,T0075,0,0.0060547264292836
D0026,T0076,0,0.0015257848426699
D0026,T0077,0,0.0005051632178947
D0026,T0078,0,0.0007561654201708
D0026,T0079,0,0.000277038430795
D0026,T0082,0,0.0015760702081024
D0026,T0090,0,9.94019937934354e-05
D0026,T0093,0,0.0009869043715298
D0026,T0101,0,0.0001849872933235
D0026,T0104,0,0.0014682351611554
D0026,T0113,1,0.8781989216804504
D0026,T0116,1,0.8781989216804504
D0026,T0117,1,0.8781989216804504
D0026,T0126,0,0.0057181725278496
D0026,T0131,0,0.0093269692733883
D0026,T0132,0,0.0104424990713596
D0026,T0140,0,0.1278289705514907
D0026,T0148,0,0.0046546305529773
D0026,T0155,0,0.0050092856399714
D0026,T0157,0,0.0486072525382041
D0026,T0172,0,0.0002465544384904
D0026,T0176,0,0.0011780766071751
D0026,T0181,0,0.0058374139480292
D0026,T0185,0,0.0016146124107763
D0026,T0196,0,0.0021505306940525
D0026,T0199,0,0.0012915430124849
D0026,T0203,0,0.0393679849803447
D0026,T0209,0,0.0002165000769309
D0026,T0211,0,0.0003824658051598
D0026,T0218,0,0.0094867935404181
D0026,T0227,0,0.0238093025982379
D0026,T0244,0,0.01596125587821
D0026,T0255,0,0.0055363825522363
D0026,T0268,0,0.0003871344379149
D0026,T0281,0,0.0029624328017234
D0026,T0284,0,0.0013004692737013
D0026,T0285,0,0.0014147135661914
D0026,T0286,0,0.0007610570755787
D0026,T0287,0,0.0013773180544376
D0026,T0291,0,0.0004499141941778
D0026,T0296,0,0.0017257722793146
D0026,T0307,0,0.0315778590738773
D0026,T0311,0,0.1075358465313911
D0026,T0320,0,0.1121977567672729
D0026,T0321,0,0.0009432588121853
D0026,T0329,0,0.00044847393292
D0026,T0333,0,0.0001942596427397
D0026,T0341,0,0.0005187871283851
D0026,T0354,0,0.0058198738843202
D0026,T0358,0,0.1181687116622924
D0026,T0367,0,0.0013882529456168
D0026,T0370,0,0.0002658703306224
D0026,T0374,0,0.0003017710114363
D0026,T0386,0,0.0613402798771858
D0026,T0388,0,0.0102992551401257
D0026,T0391,0,0.0005254864227026
D0026,T0395,0,0.0028811781667172
D0026,T0399,0,0.0147647149860858
D0026,T0402,0,0.002638176549226
D0026,T0407,0,0.0279095955193042
D0026,T0409,0,0.0108867073431611
D0026,T0411,0,8.179287397069857e-05
D0026,T0418,0,0.0666104406118393
D0026,T0422,0,0.0005179372383281
D0026,T0423,0,0.0010857525048777
D0026,T0427,0,0.0105795646086335
D0026,T0429,0,0.0088327610865235
D0026,T0433,0,8.687974332133308e-05
D0026,T0436,0,0.0005440592067316
D0026,T0440,0,0.0531723573803901
D0027,T0000,0,0.0079234717413783
D0027,T0009,1,0.4842918515205383
D0027,T0011,0,0.4842918515205383
D0027,T0015,1,0.4842918515205383
D0027,T0019,0,0.0004479307390283
D0027,T0022,0,0.0001357925648335
D0027,T0025,0,1.5197894754237495e-05
D0027,T0030,0,0.0134691940620541
D0027,T0033,0,1.4955571714381222e-05
D0027,T0039,0,0.0082411896437406
D0027,T0042,0,0.0039555667899549
D0027,T0046,0,0.0324539579451084
D0027,T0055,0,3.323875353089534e-05
D0027,T0056,0,3.517789809848182e-05
D0027,T0057,0,0.0001187989619211
D0027,T0070,0,0.0002101426071021
D0027,T0072,0,4.275317769497633e-05
D0027,T0073,0,0.0001833506685215
D0027,T0075,0,0.0015991413965821
D0027,T0076,0,2.3060742023517378e-05
D0027,T0077,0,0.000244564609602
D0027,T0078,0,0.0002466423611622
D0027,T0079,0,3.718546577147208e-05
D0027,T0082,0,7.971995728439651e-06
D0027,T0090,0,1.6183983461814933e-05
D0027,T0093,0,5.7189066865248606e-05
D0027,T0101,0,0.0001472763542551
D0027,T0104,0,0.0001208264729939
D0027,T0113,0,0.0134684536606073
D0027,T0116,0,0.0134684536606073
D0027,T0117,0,0.0134684536606073
D0027,T0126,0,0.0061852266080677
D0027,T0131,0,0.002840603236109
D0027,T0132,0,0.0047030481509864
D0027,T0140,0,0.0146675137802958
D0027,T0148,0,0.0002870165626518
D0027,T0155,0,0.0011959449620917
D0027,T0157,0,0.0259902365505695
D0027,T0172,0,1.1779273336287588e-05
D0027,T0176,0,6.656248297076672e-05
D0027,T0181,0,0.0016457173041999
D0027,T0185,0,0.0001810401590773
D0027,T0196,0,0.0101451836526393
D0027,T0199,0,6.902132008690387e-05
D0027,T0203,0,0.9920507073402404
D0027,T0209,0,8.207148312067147e-06
D0027,T0211,0,0.0003246044798288
D0027,T0218,0,0.0174614619463682
D0027,T0227,0,0.0005591766675934
D0027,T0244,0,0.009492615237832
D0027,T0255,0,0.0032754226122051
D0027,T0268,0,2.994698843394872e-05
D0027,T0281,0,0.0011945582227781
D0027,T0284,0,2.938528632512316e-05
D0027,T0285,0,3.861533696181141e-05
D0027,T0286,0,2.353874151594937e-05
D0027,T0287,0,7.371819083346054e-05
D0027,T0291,0,8.112359864753671e-06
D0027,T0296,0,0.0006765172583982
D0027,T0307,0,0.0002522725844755
D0027,T0311,0,0.0002360340586164
D0027,T0320,0,0.0002436000213492
D0027,T0321,0,6.663005478912964e-05
D0027,T0329,0,2.7328553187544458e-05
D0027,T0333,0,1.5147122212511022e-05
D0027,T0341,0,6.205777754075825e-05
D0027,T0354,0,0.0004360653401818
D0027,T0358,0,0.5443583130836487
D0027,T0367,0,3.175324309268035e-05
D0027,T0370,0,0.0001355378481093
D0027,T0374,0,2.422183024464175e-05
D0027,T0386,0,0.0232316926121711
D0027,T0388,0,0.0007015667506493
D0027,T0391,0,0.0001121154782595
D0027,T0395,0,0.0051614441908895
D0027,T0399,0,0.0146510601043701
D0027,T0402,0,0.0066034207120537
D0027,T0407,0,0.000848748080898
D0027,T0409,0,0.0371757037937641
D0027,T0411,0,2.117456642736215e-05
D0027,T0418,0,0.6567132472991943
D0027,T0422,0,4.458968760445714e-05
D0027,T0423,0,0.0008299418259412
D0027,T0427,0,0.0008393891621381
D0027,T0429,0,0.0002253454149467
D0027,T0433,0,8.375509423785843e-06
D0027,T0436,0,0.0005018136580474
D0027,T0440,0,0.014929193072021
D0028,T0000,0,0.002462537260726
D0028,T0009,0,0.115489013493061
D0028,T0011,0,0.115489013493061
D0028,T0015,0,0.115489013493061
D0028,T0019,0,0.0002815689658746
D0028,T0022,0,0.0003937739238608
D0028,T0025,0,5.34731698280666e-05
D0028,T0030,0,0.0004475167079363
D0028,T0033,0,5.82800930715166e-05
D0028,T0039,1,0.0067835003137588
D0028,T0042,0,0.0310810822993516
D0028,T0046,0,0.009294961579144
D0028,T0055,0,0.0050409589894115
D0028,T0056,0,0.0009533690754324
D0028,T0057,0,5.608053106698208e-05
D0028,T0070,0,0.0087619181722402
D0028,T0072,0,0.0020891570020467
D0028,T0073,0,0.000663922575768
D0028,T0075,0,0.0022397181019186
D0028,T0076,0,0.0001129988013417
D0028,T0077,1,0.0002543600276112
D0028,T0078,0,0.0006048468640074
D0028,T0079,0,9.942132601281628e-05
D0028,T0082,0,8.265503856819123e-05
D0028,T0090,0,4.749748404719867e-05
D0028,T0093,0,0.0016899179900065
D0028,T0101,0,3.4324188163736835e-05
D0028,T0104,0,9.751247853273526e-05
D0028,T0113,0,0.0071897259913384
D0028,T0116,0,0.0071897259913384
D0028,T0117,0,0.0071897259913384
D0028,T0126,0,0.0017087227897718
D0028,T0131,0,0.0003974629216827
D0028,T0132,0,0.0006279186345636
D0028,T0140,0,0.0050513297319412
D0028,T0148,0,0.0001799267483875
D0028,T0155,0,0.0004081341903656
D0028,T0157,0,0.0355608873069286
D0028,T0172,0,5.894703281228431e-05
D0028,T0176,0,0.0003924166667275
D0028,T0181,0,0.0004466226382646
D0028,T0185,0,5.20958928973414e-05
D0028,T0196,1,0.3133348226547241
D0028,T0199,0,0.000163463933859
D0028,T0203,1,0.942113757133484
D0028,T0209,0,3.413583908695728e-05
D0028,T0211,0,0.000117332136142
D0028,T0218,0,0.0085560772567987
D0028,T0227,0,0.0014189691282808
D0028,T0244,0,0.0196869429200887
D0028,T0255,0,0.0008658490260131
D0028,T0268,0,0.0001818000891944
D0028,T0281,0,0.0002621845633257
D0028,T0284,0,0.0001337580906692
D0028,T0285,0,0.0001874639419838
D0028,T0286,0,0.000124365222291
D0028,T0287,0,0.0003126095689367
D0028,T0291,0,5.011771645513363e-05
D0028,T0296,0,0.0038471333682537
D0028,T0307,0,0.00026943164994
D0028,T0311,0,0.000354263727786
D0028,T0320,0,0.000438666116679
D0028,T0321,0,0.000266626564553
D0028,T0329,0,0.0002469824103172
D0028,T0333,0,0.0001401265180902
D0028,T0341,0,0.000371203321265
D0028,T0354,0,0.0006116162985563
D0028,T0358,1,0.9809220433235168
D0028,T0367,0,0.0001066590921254
D0028,T0370,0,0.000207371340366
D0028,T0374,0,0.0002466080477461
D0028,T0386,0,0.1870631575584411
D0028,T0388,0,0.0001082837916328
D0028,T0391,0,0.0039559314027428
D0028,T0395,0,0.0020513690542429
D0028,T0399,0,0.1596922129392624
D0028,T0402,0,0.0022057532332837
D0028,T0407,0,0.0004927181871607
D0028,T0409,0,0.2674558162689209
D0028,T0411,0,9.925044287228955e-05
D0028,T0418,0,0.4496155679225921
D0028,T0422,0,0.0001005954691208
D0028,T0423,0,0.0004773751425091
D0028,T0427,0,0.0008610996301285
D0028,T0429,0,0.0002011347241932
D0028,T0433,0,5.077174864709377e-05
D0028,T0436,0,0.0001051400249707
D0028,T0440,0,0.0069861020892858
D0029,T0000,0,0.5269995927810669
D0029,T0009,0,0.9436521530151368
D0029,T0011,1,0.9436521530151368
D0029,T0015,0,0.9436521530151368
D0029,T0019,0,0.0044283987954258
D0029,T0022,0,0.0059632845222949
D0029,T0025,0,0.0010138028301298
D0029,T0030,0,0.0015250783180817
D0029,T0033,0,0.0004824271600227
D0029,T0039,0,0.0376351177692413
D0029,T0042,0,0.0043877428397536
D0029,T0046,0,0.0154263982549309
D0029,T0055,0,0.0038387000095099
D0029,T0056,0,0.0020502137485891
D0029,T0057,0,0.0002441434189677
D0029,T0070,0,0.0212162565439939
D0029,T0072,0,0.0130980061367154
D0029,T0073,0,0.0008140880963765
D0029,T0075,0,0.009115470573306
D0029,T0076,0,0.0005101730930618
D0029,T0077,0,0.1491905450820922
D0029,T0078,0,0.000143469296745
D0029,T0079,0,0.0011078491806983
D0029,T0082,0,0.0302322022616863
D0029,T0090,0,0.0014730406692251
D0029,T0093,0,0.0034008503425866
D0029,T0101,0,0.0018792615737766
D0029,T0104,0,0.0045724576339125
D0029,T0113,0,0.0247187353670597
D0029,T0116,0,0.0247187353670597
D0029,T0117,0,0.0247187353670597
D0029,T0126,0,0.0182630605995655
D0029,T0131,0,0.0040992479771375
D0029,T0132,0,0.0050237639807164
D0029,T0140,0,0.0347522087395191
D0029,T0148,0,0.012602494098246
D0029,T0155,0,0.0024854454677551
D0029,T0157,0,0.0274640880525112
D0029,T0172,0,0.0008890709141269
D0029,T0176,0,0.0033681229688227
D0029,T0181,0,0.4866482615470886
D0029,T0185,0,0.0005738865002058
D0029,T0196,0,0.710641086101532
D0029,T0199,0,0.0008822532254271
D0029,T0203,0,0.8943864703178406
D0029,T0209,0,0.0004630749754142
D0029,T0211,0,0.0005499048857018
D0029,T0218,0,0.0136943068355321
D0029,T0227,0,0.1080694794654846
D0029,T0244,0,0.1248013526201248
D0029,T0255,0,0.0072625000029802
D0029,T0268,0,0.0033971173688769
D0029,T0281,0,0.0012133566197007
D0029,T0284,0,0.0009799504186958
D0029,T0285,0,0.0011168267810717
D0029,T0286,0,0.0012084558838978
D0029,T0287,0,0.0029755095019936
D0029,T0291,0,0.0022882157936692
D0029,T0296,0,0.031833928078413
D0029,T0307,0,0.0053390888497233
D0029,T0311,0,0.0022625336423516
D0029,T0320,0,0.0030176567379385
D0029,T0321,0,0.0053059980273246
D0029,T0329,0,0.0023060301318764
D0029,T0333,0,0.0014190705260261
D0029,T0341,0,0.0052196253091096
D0029,T0354,0,0.0417650528252124
D0029,T0358,0,0.9390661120414734
D0029,T0367,0,0.0055844965390861
D0029,T0370,0,0.0180923454463481
D0029,T0374,0,0.0084550082683563
D0029,T0386,1,0.8584517240524292
D0029,T0388,0,0.0006470521329902
D0029,T0391,0,0.1957184374332428
D0029,T0395,0,0.1960275769233703
D0029,T0399,0,0.0876337736845016
D0029,T0402,0,0.0449376925826072
D0029,T0407,0,0.0051274858415126
D0029,T0409,0,0.1318376660346985
D0029,T0411,0,0.0022707127500325
D0029,T0418,0,0.1097169518470764
D0029,T0422,0,0.0086627192795276
D0029,T0423,0,0.0694197043776512
D0029,T0427,0,0.2249191254377365
D0029,T0429,0,0.0094783958047628
D0029,T0433,0,0.0012830469058826
D0029,T0436,0,0.001042834483087
D0029,T0440,0,0.0273562520742416
D0030,T0000,0,0.0003427651245146
D0030,T0009,0,0.0001988120056921
D0030,T0011,0,0.0001988120056921
D0030,T0015,0,0.0001988120056921
D0030,T0019,0,0.0006858399137854
D0030,T0022,0,0.0005708696553483
D0030,T0025,0,0.0001662204740568
D0030,T0030,0,0.0007030523265711
D0030,T0033,0,0.000164655939443
D0030,T0039,0,0.0007616977673023
D0030,T0042,0,0.0044200858101248
D0030,T0046,0,0.0004680009442381
D0030,T0055,0,3.670420483103953e-05
D0030,T0056,0,5.376534318202175e-05
D0030,T0057,0,5.013464033254422e-05
D0030,T0070,0,0.0030106739141047
D0030,T0072,0,0.0019552416633814
D0030,T0073,0,0.0081527661532163
D0030,T0075,0,0.0130379972979426
D0030,T0076,0,0.0015097664436325
D0030,T0077,0,0.0005570535431616
D0030,T0078,0,3.345452205394395e-05
D0030,T0079,0,0.0005024696001783
D0030,T0082,0,0.0002607822534628
D0030,T0090,0,6.67297572363168e-05
D0030,T0093,0,0.0014130843337625
D0030,T0101,0,0.0001306643389398
D0030,T0104,0,0.0004971587331965
D0030,T0113,1,0.9784794449806212
D0030,T0116,1,0.9784794449806212
D0030,T0117,1,0.9784794449806212
D0030,T0126,0,0.0002813006867654
D0030,T0131,0,0.0001433933939551
D0030,T0132,0,0.0004089064022991
D0030,T0140,0,0.2042725682258606
D0030,T0148,0,0.0002768171834759
D0030,T0155,0,0.0007787391077727
D0030,T0157,0,0.0075265825726091
D0030,T0172,0,0.0001155452191596
D0030,T0176,0,0.0010367843788117
D0030,T0181,0,0.0017054529162123
D0030,T0185,0,0.0004772834654431
D0030,T0196,0,0.0014012993779033
D0030,T0199,0,0.0052196676842868
D0030,T0203,0,0.0101265059784054
D0030,T0209,0,0.0001856260205386
D0030,T0211,0,8.561965660192072e-05
D0030,T0218,0,0.0003880642470903
D0030,T0227,0,0.0088160820305347
D0030,T0244,0,0.0035333398263901
D0030,T0255,0,0.0001791604736354
D0030,T0268,0,9.443776070838794e-05
D0030,T0281,0,0.0001564320264151
D0030,T0284,0,0.0014161869185045
D0030,T0285,0,0.0009876746917143
D0030,T0286,0,0.000904215441551
D0030,T0287,0,0.0009540402097627
D0030,T0291,0,0.0009596202871762
D0030,T0296,0,0.0038512342143803
D0030,T0307,0,0.0004521085065789
D0030,T0311,0,0.0006079800077714
D0030,T0320,0,0.0007108976133167
D0030,T0321,0,0.0004660155100282
D0030,T0329,0,0.0003407243057154
D0030,T0333,0,0.0001415536826243
D0030,T0341,0,0.0006473174435086
D0030,T0354,0,0.0024049640633165
D0030,T0358,0,0.0103651825338602
D0030,T0367,0,0.0003210148424841
D0030,T0370,0,0.0001574832567712
D0030,T0374,0,0.000552705663722
D0030,T0386,0,0.006078677251935
D0030,T0388,0,0.0002020373358391
D0030,T0391,0,0.0002044039865722
D0030,T0395,0,0.0020802260842174
D0030,T0399,0,0.0054771206341683
D0030,T0402,0,0.0022071462590247
D0030,T0407,0,0.001868374296464
D0030,T0409,0,0.0018828409956768
D0030,T0411,0,5.139891436556354e-05
D0030,T0418,0,0.0140567142516374
D0030,T0422,0,0.0006360575207509
D0030,T0423,0,0.0001742327294778
D0030,T0427,0,0.0028731510974466
D0030,T0429,0,0.0018641036003828
D0030,T0433,0,0.0001262904261238
D0030,T0436,0,0.0002390963927609
D0030,T0440,0,0.0096447458490729
D0031,T0000,1,0.102372370660305
D0031,T0009,0,0.1296028643846511
D0031,T0011,0,0.1296028643846511
D0031,T0015,0,0.1296028643846511
D0031,T0019,0,0.019491096958518
D0031,T0022,0,0.0563308075070381
D0031,T0025,0,0.3404969573020935
D0031,T0030,0,0.0185305438935756
D0031,T0033,0,0.0410989969968795
D0031,T0039,0,0.1258278489112854
D0031,T0042,0,0.0632187575101852
D0031,T0046,0,0.0901135802268982
D0031,T0055,1,0.9618518352508544
D0031,T0056,1,0.9632511138916016
D0031,T0057,0,0.1785898804664611
D0031,T0070,0,0.0669635683298111
D0031,T0072,0,0.5802187919616699
D0031,T0073,0,0.0456185564398765
D0031,T0075,0,0.0487205535173416
D0031,T0076,1,0.0605746209621429
D0031,T0077,1,0.9931975603103638
D0031,T0078,0,0.068388856947422
D0031,T0079,0,0.0848283246159553
D0031,T0082,0,0.9911720156669616
D0031,T0090,0,0.0701657682657241
D0031,T0093,0,0.0543737150728702
D0031,T0101,0,0.9951797723770142
D0031,T0104,0,0.0626130625605583
D0031,T0113,0,0.5459754467010498
D0031,T0116,0,0.5459754467010498
D0031,T0117,0,0.5459754467010498
D0031,T0126,0,0.0812436491250991
D0031,T0131,0,0.0893082991242408
D0031,T0132,0,0.0875249356031417
D0031,T0140,0,0.5747748613357544
D0031,T0148,0,0.173643410205841
D0031,T0155,0,0.0241996776312589
D0031,T0157,0,0.3338009119033813
D0031,T0172,1,0.7481688261032104
D0031,T0176,0,0.0305164009332656
D0031,T0181,0,0.9593340754508972
D0031,T0185,1,0.4796832203865051
D0031,T0196,1,0.9753015637397766
D0031,T0199,1,0.0420339964330196
D0031,T0203,1,0.3974157571792602
D0031,T0209,1,0.2569333016872406
D0031,T0211,0,0.0168433580547571
D0031,T0218,0,0.0937464907765388
D0031,T0227,0,0.4764250814914703
D0031,T0244,0,0.6677168607711792
D0031,T0255,1,0.1266699284315109
D0031,T0268,0,0.0293002724647521
D0031,T0281,0,0.8624807000160217
D0031,T0284,0,0.0521293878555297
D0031,T0285,0,0.0503293462097644
D0031,T0286,0,0.0369314141571521
D0031,T0287,0,0.0368582941591739
D0031,T0291,1,0.8966338634490967
D0031,T0296,0,0.0699736848473548
D0031,T0307,0,0.0346740968525409
D0031,T0311,0,0.0061554131098091
D0031,T0320,0,0.0051660370081663
D0031,T0321,0,0.064000591635704
D0031,T0329,0,0.8554003834724426
D0031,T0333,1,0.8539624214172363
D0031,T0341,0,0.194931611418724
D0031,T0354,0,0.07106913626194
D0031,T0358,1,0.9656646251678468
D0031,T0367,0,0.4517721831798553
D0031,T0370,0,0.2295788377523422
D0031,T0374,0,0.2849408984184265
D0031,T0386,0,0.7317607998847961
D0031,T0388,0,0.9168221354484558
D0031,T0391,1,0.2634600698947906
D0031,T0395,1,0.990712821483612
D0031,T0399,1,0.270536869764328
D0031,T0402,0,0.8470933437347412
D0031,T0407,0,0.0544435195624828
D0031,T0409,0,0.144662544131279
D0031,T0411,0,0.2821871638298034
D0031,T0418,1,0.2404311448335647
D0031,T0422,1,0.2202805131673813
D0031,T0423,0,0.0496484190225601
D0031,T0427,0,0.9881731867790222
D0031,T0429,1,0.1188236325979232
D0031,T0433,0,0.059061873704195
D0031,T0436,0,0.2680184543132782
D0031,T0440,0,0.7320735454559326
D0032,T0000,0,9.348183812107892e-05
D0032,T0009,0,0.0002713589055929
D0032,T0011,0,0.0002713589055929
D0032,T0015,0,0.0002713589055929
D0032,T0019,0,0.0001976842759177
D0032,T0022,0,0.0001703645393718
D0032,T0025,0,2.9827280741301365e-05
D0032,T0030,0,2.152183878934011e-05
D0032,T0033,0,8.582970622228459e-06
D0032,T0039,0,0.0002288718969793
D0032,T0042,0,0.0017698161536827
D0032,T0046,0,0.0002353944582864
D0032,T0055,0,8.492195775033906e-06
D0032,T0056,0,6.911370292073116e-06
D0032,T0057,0,4.697454187407857e-06
D0032,T0070,0,0.0003933711268473
D0032,T0072,0,0.0003180792846251
D0032,T0073,0,0.0003001275181304
D0032,T0075,0,0.0038754995912313
D0032,T0076,0,0.0001280919532291
D0032,T0077,0,0.000245132134296
D0032,T0078,0,2.3307149604079317e-05
D0032,T0079,0,2.382594539085403e-05
D0032,T0082,0,0.0001063764066202
D0032,T0090,0,0.0001347796496702
D0032,T0093,0,0.00058460253058
D0032,T0101,0,9.780991604202429e-06
D0032,T0104,0,0.0007073820452205
D0032,T0113,0,0.0063442457467317
D0032,T0116,0,0.0063442457467317
D0032,T0117,0,0.0063442457467317
D0032,T0126,0,0.0005586846382357
D0032,T0131,0,0.0002486261364538
D0032,T0132,0,0.0003034356341231
D0032,T0140,0,0.0055950270034372
D0032,T0148,0,0.0003129865217488
D0032,T0155,0,0.0008135778480209
D0032,T0157,1,0.9279784560203552
D0032,T0172,0,2.569780008343514e-05
D0032,T0176,0,0.0002126637700712
D0032,T0181,0,0.0010350567754358
D0032,T0185,0,7.880202610976994e-05
D0032,T0196,0,0.0103293899446725
D0032,T0199,0,0.0016604166012257
D0032,T0203,0,0.9924335479736328
D0032,T0209,0,1.6754225725890137e-05
D0032,T0211,0,0.0002081308048218
D0032,T0218,0,0.0004960229271091
D0032,T0227,0,0.0007872742135077
D0032,T0244,0,0.0510176308453083
D0032,T0255,0,0.000102792691905
D0032,T0268,0,2.0844383470830508e-05
D0032,T0281,0,2.5590195946278985e-05
D0032,T0284,0,0.0006099740276113
D0032,T0285,0,0.0008030426106415
D0032,T0286,0,0.0005872297333553
D0032,T0287,0,0.0009297237847931
D0032,T0291,0,0.0001060570502886
D0032,T0296,0,0.0007213547942228
D0032,T0307,0,0.000138877730933
D0032,T0311,0,0.0003666924603749
D0032,T0320,0,0.0002343955857213
D0032,T0321,0,4.165616337559186e-05
D0032,T0329,0,1.5217096006381324e-05
D0032,T0333,0,6.637942715315148e-05
D0032,T0341,0,8.90781229827553e-05
D0032,T0354,0,0.000535451748874
D0032,T0358,0,0.963676929473877
D0032,T0367,0,3.1411076633958146e-05
D0032,T0370,0,2.8910582841490395e-05
D0032,T0374,0,0.0001511135196778
D0032,T0386,0,0.0312570184469223
D0032,T0388,0,1.9241051631979644e-05
D0032,T0391,0,0.0001571268658153
D0032,T0395,0,0.0337272360920906
D0032,T0399,0,0.0009704673429951
D0032,T0402,0,7.004061626503244e-05
D0032,T0407,0,0.0018687671981751
D0032,T0409,0,0.0465292669832706
D0032,T0411,0,5.018759111408144e-05
D0032,T0418,0,0.6154272556304932
D0032,T0422,0,6.124872743384913e-05
D0032,T0423,0,5.7756475143833086e-05
D0032,T0427,0,0.0033263887744396
D0032,T0429,0,0.0004982793470844
D0032,T0433,0,6.329689767881064e-06
D0032,T0436,0,1.842777055571787e-05
D0032,T0440,0,0.0005453101475723
D0033,T0000,0,9.17673169169575e-05
D0033,T0009,0,0.0002123964950442
D0033,T0011,0,0.0002123964950442
D0033,T0015,0,0.0002123964950442
D0033,T0019,0,2.2507205358124335e-05
D0033,T0022,0,5.811182563775219e-05
D0033,T0025,0,1.4450146409217268e-05
D0033,T0030,0,1.2955368219991216e-05
D0033,T0033,0,2.728153276621015e-06
D0033,T0039,0,9.111352119361982e-05
D0033,T0042,0,0.0001359877060167
D0033,T0046,0,5.39534266863484e-05
D0033,T0055,0,5.947601493971888e-06
D0033,T0056,0,4.831264504900901e-06
D0033,T0057,0,4.826373697142117e-06
D0033,T0070,0,0.000117976902402
D0033,T0072,0,6.248509453143924e-05
D0033,T0073,0,9.201021020999178e-05
D0033,T0075,0,0.0005164814647287
D0033,T0076,0,4.030876880278811e-05
D0033,T0077,0,8.427163265878335e-05
D0033,T0078,0,8.392698873649351e-06
D0033,T0079,0,1.8904367607319728e-05
D0033,T0082,0,5.188062641536817e-05
D0033,T0090,0,3.3750900911400095e-05
D0033,T0093,0,8.981379505712539e-05
D0033,T0101,0,4.583597183227539e-05
D0033,T0104,0,0.0001483197993366
D0033,T0113,0,0.0006354512879624
D0033,T0116,0,0.0006354512879624
D0033,T0117,0,0.0006354512879624
D0033,T0126,0,2.267263153044041e-05
D0033,T0131,0,1.890979547169991e-05
D0033,T0132,0,4.0322032873518765e-05
D0033,T0140,0,0.0005381748778745
D0033,T0148,0,3.705760173033923e-05
D0033,T0155,0,5.893375782761723e-05
D0033,T0157,0,0.0030618722084909
D0033,T0172,0,1.1326367712172214e-05
D0033,T0176,0,5.315353701007552e-05
D0033,T0181,0,0.0001732584350975
D0033,T0185,1,0.0001321746240137
D0033,T0196,0,0.000738461560104
D0033,T0199,0,0.0002135519171133
D0033,T0203,0,0.0243769716471433
D0033,T0209,0,1.7727776139508933e-05
D0033,T0211,0,1.2025326213915832e-05
D0033,T0218,0,3.2661158911651e-05
D0033,T0227,0,0.0001612304913578
D0033,T0244,0,0.0001334725529886
D0033,T0255,0,1.9145834812661636e-05
D0033,T0268,0,6.58174030832015e-06
D0033,T0281,0,1.1268308298895136e-05
D0033,T0284,0,0.0001335120177827
D0033,T0285,0,0.0001452559081371
D0033,T0286,0,9.673211752669886e-05
D0033,T0287,0,0.0002024843852268
D0033,T0291,0,4.198802707833238e-05
D0033,T0296,0,0.0001221249694935
D0033,T0307,0,5.2525196224451065e-05
D0033,T0311,0,0.0001564177218824
D0033,T0320,0,0.0001052633087965
D0033,T0321,0,1.2098150364181492e-05
D0033,T0329,0,9.780935215530915e-06
D0033,T0333,0,7.307834948733216e-06
D0033,T0341,0,1.8075696061714552e-05
D0033,T0354,0,0.0001615702931303
D0033,T0358,0,0.0159401874989271
D0033,T0367,0,1.007582432066556e-05
D0033,T0370,0,2.0664077965193428e-05
D0033,T0374,0,3.298031151643954e-05
D0033,T0386,0,0.000574026547838
D0033,T0388,0,8.461847755825147e-06
D0033,T0391,0,4.390968024381437e-05
D0033,T0395,0,0.0005696795415133
D0033,T0399,0,0.0012095706770196
D0033,T0402,0,0.0001331287348875
D0033,T0407,0,0.000198519512196
D0033,T0409,0,0.0003570980916265
D0033,T0411,0,1.351238643110264e-05
D0033,T0418,0,0.0013144778786227
D0033,T0422,0,6.299075175775215e-05
D0033,T0423,0,3.806435779551976e-05
D0033,T0427,0,0.0004303236200939
D0033,T0429,0,6.526044307975098e-05
D0033,T0433,0,1.1726807315426411e-05
D0033,T0436,0,1.8612567146192305e-05
D0033,T0440,0,9.514815610600635e-05
D0034,T0000,0,0.0007143641705624
D0034,T0009,0,0.0041275401599705
D0034,T0011,0,0.0041275401599705
D0034,T0015,0,0.0041275401599705
D0034,T0019,0,0.000111078894406
D0034,T0022,0,7.506659312639385e-05
D0034,T0025,0,2.199036862293724e-05
D0034,T0030,0,0.0011403082171455
D0034,T0033,0,1.8535212802817117e-05
D0034,T0039,0,0.0033507116604596
D0034,T0042,0,0.0006184445810504
D0034,T0046,0,0.0039248121902346
D0034,T0055,0,1.3934850358054971e-05
D0034,T0056,0,1.942838753166143e-05
D0034,T0057,0,0.0002101560385199
D0034,T0070,0,2.5650104362284765e-05
D0034,T0072,0,3.5206659958930686e-05
D0034,T0073,0,2.438757655909285e-05
D0034,T0075,0,0.0004128061700612
D0034,T0076,0,1.9188260921509936e-05
D0034,T0077,0,0.0014350434066727
D0034,T0078,0,0.0001703028246993
D0034,T0079,0,2.702617712202482e-05
D0034,T0082,0,6.127308733994141e-05
D0034,T0090,0,7.347900100285187e-05
D0034,T0093,0,4.7138793888734654e-05
D0034,T0101,0,0.0023700068704783
D0034,T0104,0,0.0012242321390658
D0034,T0113,0,0.0035010087303817
D0034,T0116,0,0.0035010087303817
D0034,T0117,0,0.0035010087303817
D0034,T0126,0,0.0010550739243626
D0034,T0131,0,0.0008214581757783
D0034,T0132,0,0.0008375874604098
D0034,T0140,0,0.0030279976781457
D0034,T0148,0,0.0009759840322658
D0034,T0155,0,0.0003546208899933
D0034,T0157,0,0.0061368206515908
D0034,T0172,0,1.8617163732415065e-05
D0034,T0176,0,0.0001160457468358
D0034,T0181,0,0.0191699005663394
D0034,T0185,0,0.0004562778631225
D0034,T0196,0,0.0078272679820656
D0034,T0199,0,3.962872506235726e-05
D0034,T0203,0,0.0545828752219677
D0034,T0209,0,3.902924800058827e-05
D0034,T0211,0,8.803656237432733e-05
D0034,T0218,0,0.0045297495089471
D0034,T0227,0,0.0009435244137421
D0034,T0244,0,0.0026637513656169
D0034,T0255,0,0.0018721608212217
D0034,T0268,0,1.0084754649142267e-05
D0034,T0281,0,0.0024496326223015
D0034,T0284,0,3.202010702807456e-05
D0034,T0285,0,3.43338142556604e-05
D0034,T0286,0,1.94488911802182e-05
D0034,T0287,0,2.997341834998224e-05
D0034,T0291,0,6.607488467125222e-05
D0034,T0296,0,6.217505870154127e-05
D0034,T0307,0,5.784720633528195e-05
D0034,T0311,0,0.0001002510107355
D0034,T0320,0,8.727982640266418e-05
D0034,T0321,0,2.3836309992475435e-05
D0034,T0329,0,8.345546120835934e-06
D0034,T0333,0,2.096291427733377e-05
D0034,T0341,0,3.141961497021839e-05
D0034,T0354,0,0.0004662065766751
D0034,T0358,0,0.0176874604076147
D0034,T0367,0,3.651379302027635e-05
D0034,T0370,0,0.0003361674898769
D0034,T0374,0,0.0001081455193343
D0034,T0386,0,0.0093546081334352
D0034,T0388,0,0.0025538974441587
D0034,T0391,0,7.793871191097423e-05
D0034,T0395,0,0.0894559174776077
D0034,T0399,0,0.0033214094582945
D0034,T0402,0,0.001637150067836
D0034,T0407,0,0.0002630777307786
D0034,T0409,0,0.0046069584786891
D0034,T0411,0,2.8600383302546103e-05
D0034,T0418,0,0.0063334600999951
D0034,T0422,0,0.0002054763608612
D0034,T0423,0,0.0015384743455797
D0034,T0427,0,0.0061666774563491
D0034,T0429,0,0.0009740796522237
D0034,T0433,0,1.1960146366618574e-05
D0034,T0436,0,0.0008051712648011
D0034,T0440,0,0.0012386551825329
D0035,T0000,0,0.0663811266422271
D0035,T0009,1,0.9856646060943604
D0035,T0011,0,0.9856646060943604
D0035,T0015,0,0.9856646060943604
D0035,T0019,0,0.0001470291317673
D0035,T0022,0,0.0002067476598313
D0035,T0025,0,2.107910768245347e-05
D0035,T0030,0,0.0023410110734403
D0035,T0033,0,1.7124515579780564e-05
D0035,T0039,0,0.0055234236642718
D0035,T0042,0,0.0026760839391499
D0035,T0046,0,0.0345401503145694
D0035,T0055,0,1.5067365893628448e-05
D0035,T0056,0,1.180503659270471e-05
D0035,T0057,0,9.468843018112238e-06
D0035,T0070,0,0.000112306785013
D0035,T0072,0,0.0001018512339214
D0035,T0073,0,6.309452146524563e-05
D0035,T0075,0,0.0010140573140233
D0035,T0076,0,1.5998626622604206e-05
D0035,T0077,0,0.0002443373668938
D0035,T0078,0,3.596095848479308e-05
D0035,T0079,0,4.23090168624185e-05
D0035,T0082,0,2.2581314624403603e-05
D0035,T0090,0,1.8001861462835222e-05
D0035,T0093,0,9.115766442846508e-05
D0035,T0101,0,2.780752220132854e-05
D0035,T0104,0,7.698538684053347e-05
D0035,T0113,0,0.0075926352292299
D0035,T0116,0,0.0075926352292299
D0035,T0117,0,0.0075926352292299
D0035,T0126,0,0.002263523871079
D0035,T0131,0,0.0005515518714673
D0035,T0132,0,0.0009083386394195
D0035,T0140,0,0.0058202161453664
D0035,T0148,0,0.0002088753244606
D0035,T0155,0,0.0002021547115873
D0035,T0157,0,0.0310970917344093
D0035,T0172,0,1.2108539522159845e-05
D0035,T0176,0,3.047350219276268e-05
D0035,T0181,0,0.0001686764007899
D0035,T0185,0,1.5066028936416842e-05
D0035,T0196,0,0.0071404594928026
D0035,T0199,0,6.624561501666903e-05
D0035,T0203,0,0.9914233088493348
D0035,T0209,0,1.5572546544717625e-05
D0035,T0211,0,5.545480962609872e-05
D0035,T0218,0,0.0559682324528694
D0035,T0227,0,0.0022103134542703
D0035,T0244,0,0.009002118371427
D0035,T0255,0,0.0020131384953856
D0035,T0268,0,1.9691397028509527e-05
D0035,T0281,0,9.720982052385808e-05
D0035,T0284,0,3.204130916856229e-05
D0035,T0285,0,4.353243639343418e-05
D0035,T0286,0,2.899070386774838e-05
D0035,T0287,0,7.000815821811557e-05
D0035,T0291,0,1.3243028661236169e-05
D0035,T0296,0,0.0001906118559418
D0035,T0307,0,0.0001066790209733
D0035,T0311,0,0.0002099117118632
D0035,T0320,0,0.0001508694986114
D0035,T0321,0,6.816789391450584e-05
D0035,T0329,0,4.1064027755055577e-05
D0035,T0333,0,1.9975750547018837e-05
D0035,T0341,0,8.707025699550286e-05
D0035,T0354,0,0.0004419668694026
D0035,T0358,0,0.9069279432296752
D0035,T0367,0,3.7897960282862186e-05
D0035,T0370,0,2.1789714082842693e-05
D0035,T0374,0,3.474736149655655e-05
D0035,T0386,0,0.0840675756335258
D0035,T0388,0,6.436427065636963e-05
D0035,T0391,0,5.81599488214124e-05
D0035,T0395,0,0.0006890091462992
D0035,T0399,0,0.0226441528648138
D0035,T0402,0,0.0011737355962395
D0035,T0407,0,0.0004454340669326
D0035,T0409,0,0.0455332249402999
D0035,T0411,0,2.049572503892705e-05
D0035,T0418,0,0.843529224395752
D0035,T0422,0,2.827133903338108e-05
D0035,T0423,0,0.0006874254904687
D0035,T0427,0,0.0013610686874017
D0035,T0429,0,8.105710003292188e-05
D0035,T0433,0,1.826035622798372e-05
D0035,T0436,0,0.0001080527581507
D0035,T0440,0,0.0061745960265398
D0036,T0000,0,0.0783178359270095
D0036,T0009,0,0.0197143256664276
D0036,T0011,0,0.0197143256664276
D0036,T0015,0,0.0197143256664276
D0036,T0019,0,0.0047443527728319
D0036,T0022,0,0.005925586912781
D0036,T0025,0,0.0083936313167214
D0036,T0030,0,0.0037779321428388
D0036,T0033,0,0.0027477946132421
D0036,T0039,0,0.0173102710396051
D0036,T0042,0,0.0059516299515962
D0036,T0046,0,0.0114229032769799
D0036,T0055,0,0.0310119558125734
D0036,T0056,0,0.018081922084093
D0036,T0057,0,0.0111821219325065
D0036,T0070,0,0.0096324924379587
D0036,T0072,0,0.0125805241987109
D0036,T0073,0,0.0093450509011745
D0036,T0075,0,0.0094512188807129
D0036,T0076,0,0.0106259742751717
D0036,T0077,0,0.0225168336182832
D0036,T0078,0,0.0734160915017128
D0036,T0079,0,0.0076275523751974
D0036,T0082,0,0.027001878246665
D0036,T0090,0,0.0172327999025583
D0036,T0093,0,0.0111410822719335
D0036,T0101,0,0.025302842259407
D0036,T0104,0,0.0153846656903624
D0036,T0113,0,0.2119982093572616
D0036,T0116,0,0.2119982093572616
D0036,T0117,0,0.2119982093572616
D0036,T0126,0,0.0062324968166649
D0036,T0131,0,0.0056316000409424
D0036,T0132,0,0.0050544724799692
D0036,T0140,0,0.0930838957428932
D0036,T0148,0,0.0075249872170388
D0036,T0155,0,0.0016914382576942
D0036,T0157,0,0.0436142496764659
D0036,T0172,0,0.0116752181202173
D0036,T0176,0,0.0087118865922093
D0036,T0181,0,0.0338619202375412
D0036,T0185,0,0.0032446663826704
D0036,T0196,1,0.0440446734428405
D0036,T0199,0,0.0096514429897069
D0036,T0203,1,0.3709430694580078
D0036,T0209,0,0.0109721962362527
D0036,T0211,0,0.0025828764773905
D0036,T0218,0,0.0112254060804843
D0036,T0227,0,0.0814184173941612
D0036,T0244,0,0.0211790688335895
D0036,T0255,1,0.0150234103202819
D0036,T0268,0,0.001888649421744
D0036,T0281,0,0.0096506401896476
D0036,T0284,0,0.0099632441997528
D0036,T0285,0,0.0090837841853499
D0036,T0286,0,0.0103117898106575
D0036,T0287,0,0.0109030473977327
D0036,T0291,0,0.029089268296957
D0036,T0296,0,0.0101989703252911
D0036,T0307,0,0.0008908346644602
D0036,T0311,0,0.0006916397251188
D0036,T0320,0,0.0006917286664247
D0036,T0321,0,0.0048071625642478
D0036,T0329,0,0.0209493022412061
D0036,T0333,1,0.0120727429166436
D0036,T0341,0,0.0068998080678284
D0036,T0354,0,0.0181228499859571
D0036,T0358,1,0.5129734873771667
D0036,T0367,0,0.0171076897531747
D0036,T0370,0,0.0081684198230504
D0036,T0374,0,0.0109494300559163
D0036,T0386,0,0.3253396451473236
D0036,T0388,0,0.0049819415435194
D0036,T0391,0,0.0338431075215339
D0036,T0395,0,0.0188092980533838
D0036,T0399,0,0.0704903900623321
D0036,T0402,0,0.0166380181908607
D0036,T0407,0,0.0019539953209459
D0036,T0409,0,0.0172284319996833
D0036,T0411,0,0.0127486633136868
D0036,T0418,0,0.1006051301956176
D0036,T0422,0,0.0108355777338147
D0036,T0423,0,0.0065386667847633
D0036,T0427,0,0.0281009580940008
D0036,T0429,0,0.006416187621653
D0036,T0433,0,0.0092194601893424
D0036,T0436,0,0.0128850489854812
D0036,T0440,0,0.0384430699050426
D0037,T0000,0,0.0026141589041799
D0037,T0009,0,0.0034654270857572
D0037,T0011,0,0.0034654270857572
D0037,T0015,0,0.0034654270857572
D0037,T0019,0,0.0054808594286441
D0037,T0022,0,0.0011779610067605
D0037,T0025,0,0.0001039458657032
D0037,T0030,0,0.0007932618609629
D0037,T0033,0,0.0004413519636727
D0037,T0039,0,0.0010423711501061
D0037,T0042,0,0.0042181648313999
D0037,T0046,0,0.0031993051525205
D0037,T0055,0,0.0004537489439826
D0037,T0056,0,0.0005931162741035
D0037,T0057,0,3.3493113733129576e-05
D0037,T0070,0,0.0011862168321385
D0037,T0072,0,0.0007639221148565
D0037,T0073,0,0.0027489238418638
D0037,T0075,0,0.0140213351696729
D0037,T0076,0,0.0004210585611872
D0037,T0077,0,0.0019667316228151
D0037,T0078,0,3.536410804372281e-05
D0037,T0079,0,0.0002653451228979
D0037,T0082,0,0.0004282574227545
D0037,T0090,0,4.058385457028635e-05
D0037,T0093,0,0.0019860449247062
D0037,T0101,0,7.16467184247449e-05
D0037,T0104,0,0.0002961498976219
D0037,T0113,0,0.0108817173168063
D0037,T0116,0,0.0108817173168063
D0037,T0117,0,0.0108817173168063
D0037,T0126,0,0.0015105075435712
D0037,T0131,0,0.0009178895852528
D0037,T0132,0,0.0020747345406562
D0037,T0140,0,0.0100802276283502
D0037,T0148,0,0.001677447813563
D0037,T0155,0,0.0050736228004097
D0037,T0157,1,0.3855980932712555
D0037,T0172,0,0.0001132122415583
D0037,T0176,0,0.0003084200725425
D0037,T0181,0,0.0298024825751781
D0037,T0185,0,0.0002047664165729
D0037,T0196,0,0.040007222443819
D0037,T0199,0,0.0016601675888523
D0037,T0203,0,0.9790942072868348
D0037,T0209,0,0.0001365116622764
D0037,T0211,0,2.549746204749681e-05
D0037,T0218,0,0.0013207179727032
D0037,T0227,0,0.0129158999770879
D0037,T0244,0,0.0791154503822326
D0037,T0255,0,0.0010580391390249
D0037,T0268,0,0.000160178693477
D0037,T0281,0,9.732789476402104e-05
D0037,T0284,0,0.0008607497438788
D0037,T0285,0,0.0011848700232803
D0037,T0286,0,0.0004721189325209
D0037,T0287,0,0.002047577407211
D0037,T0291,0,0.0020937267690896
D0037,T0296,0,0.001642033807002
D0037,T0307,0,0.0017078495584428
D0037,T0311,0,0.0009466642513871
D0037,T0320,0,0.0006847479962743
D0037,T0321,0,0.0007113069295883
D0037,T0329,0,0.0002558997657615
D0037,T0333,0,0.0003409088531043
D0037,T0341,0,0.001401781453751
D0037,T0354,0,0.0034713505301624
D0037,T0358,0,0.9217077493667604
D0037,T0367,0,0.0016210520407184
D0037,T0370,0,0.0001665647723712
D0037,T0374,0,0.0002643346088007
D0037,T0386,0,0.2002928256988525
D0037,T0388,0,0.0009276081691496
D0037,T0391,0,0.0001210295449709
D0037,T0395,0,0.0282007288187742
D0037,T0399,0,0.0103847319260239
D0037,T0402,0,0.0020997009705752
D0037,T0407,0,0.0268831998109817
D0037,T0409,0,0.0522547289729118
D0037,T0411,0,0.0001549043663544
D0037,T0418,0,0.4141870439052582
D0037,T0422,0,0.0005129069904796
D0037,T0423,0,0.0020106271840631
D0037,T0427,0,0.0577922239899635
D0037,T0429,0,0.0147791020572185
D0037,T0433,0,0.0001495873002568
D0037,T0436,0,9.822043648455292e-05
D0037,T0440,1,0.009243469685316
D0038,T0000,0,0.0005083379219286
D0038,T0009,0,0.0044949604198336
D0038,T0011,0,0.0044949604198336
D0038,T0015,0,0.0044949604198336
D0038,T0019,0,0.0008536587120033
D0038,T0022,0,0.0013243707362562
D0038,T0025,0,0.0007980216178111
D0038,T0030,0,0.0003059121663682
D0038,T0033,0,0.0001831156696425
D0038,T0039,0,0.0093138832598924
D0038,T0042,0,0.0053816544823348
D0038,T0046,0,0.0007753141690045
D0038,T0055,0,9.4564187747892e-05
D0038,T0056,0,9.523920016363264e-05
D0038,T0057,0,2.746357313299086e-05
D0038,T0070,0,0.0001694706879789
D0038,T0072,0,0.0001278124254895
D0038,T0073,0,0.0002188265207223
D0038,T0075,0,0.0168865900486707
D0038,T0076,0,8.722749043954536e-05
D0038,T0077,0,0.0024615933652967
D0038,T0078,0,9.483184840064496e-05
D0038,T0079,0,0.0003337677917443
D0038,T0082,0,0.0001638195244595
D0038,T0090,0,5.110239362693392e-05
D0038,T0093,0,0.0003516522410791
D0038,T0101,0,8.034089114516973e-05
D0038,T0104,0,0.0005087458412162
D0038,T0113,1,0.9915717840194702
D0038,T0116,1,0.9915717840194702
D0038,T0117,1,0.9915717840194702
D0038,T0126,0,0.0018029602942988
D0038,T0131,0,0.0010541817173361
D0038,T0132,0,0.0042242198251187
D0038,T0140,1,0.9515801072120668
D0038,T0148,0,0.0046154940500855
D0038,T0155,0,0.0015495746629312
D0038,T0157,0,0.0349818021059036
D0038,T0172,0,0.0001319860748481
D0038,T0176,0,0.0004786568752024
D0038,T0181,0,0.0005735870799981
D0038,T0185,0,0.0001054891981766
D0038,T0196,0,0.0024620231706649
D0038,T0199,0,0.000808889104519
D0038,T0203,0,0.1515443921089172
D0038,T0209,0,6.0817394114565104e-05
D0038,T0211,0,6.99721131240949e-05
D0038,T0218,0,0.0008264206117019
D0038,T0227,1,0.1809985488653183
D0038,T0244,0,0.0040849684737622
D0038,T0255,0,0.0002897580561693
D0038,T0268,0,6.666386616416276e-05
D0038,T0281,0,0.0005069659091532
D0038,T0284,0,0.0002748864935711
D0038,T0285,0,0.0002783667296171
D0038,T0286,0,0.0001802887709345
D0038,T0287,0,0.0003076535940635
D0038,T0291,0,0.0014618051936849
D0038,T0296,0,0.000239989181864
D0038,T0307,0,0.0011632528621703
D0038,T0311,0,0.0010168333537876
D0038,T0320,0,0.0009457478881813
D0038,T0321,0,0.0004284197057131
D0038,T0329,0,0.001858533010818
D0038,T0333,0,0.0002586886985227
D0038,T0341,0,0.0012407989706844
D0038,T0354,0,0.0039867097511887
D0038,T0358,0,0.0680473893880844
D0038,T0367,0,0.0005122786969877
D0038,T0370,0,0.000174724671524
D0038,T0374,0,0.0089937588199973
D0038,T0386,0,0.8889771699905396
D0038,T0388,0,0.0005868431762792
D0038,T0391,0,5.4556909162784e-05
D0038,T0395,0,0.0048095402307808
D0038,T0399,0,0.0129665350541472
D0038,T0402,0,0.0014368930133059
D0038,T0407,0,0.003546129213646
D0038,T0409,0,0.0061794021166861
D0038,T0411,0,0.0003079153539147
D0038,T0418,0,0.6954736113548279
D0038,T0422,0,0.0006209319690242
D0038,T0423,0,0.0018712565070018
D0038,T0427,0,0.0051178913563489
D0038,T0429,0,0.0014425456756725
D0038,T0433,0,0.0001560220844112
D0038,T0436,0,0.0005548285553231
D0038,T0440,0,0.1934313923120498
D0039,T0000,0,0.0131156528368592
D0039,T0009,1,0.9200378656387328
D0039,T0011,0,0.9200378656387328
D0039,T0015,1,0.9200378656387328
D0039,T0019,0,0.001049907063134
D0039,T0022,0,0.0001439080078853
D0039,T0025,0,4.617025842890144e-05
D0039,T0030,0,0.0012110196985304
D0039,T0033,0,5.52678648091387e-05
D0039,T0039,0,0.0016321152215823
D0039,T0042,0,0.0007698892150074
D0039,T0046,0,0.0017521915724501
D0039,T0055,0,3.061048482777551e-05
D0039,T0056,0,3.129664764855988e-05
D0039,T0057,0,0.0001657328684814
D0039,T0070,0,0.0006283766706474
D0039,T0072,0,0.0002401413657935
D0039,T0073,0,0.000606374698691
D0039,T0075,0,0.0034485955256968
D0039,T0076,0,0.0003113870334345
D0039,T0077,0,0.0002769349084701
D0039,T0078,0,2.2598827854380943e-05
D0039,T0079,0,0.0001058812267729
D0039,T0082,0,0.0002555014507379
D0039,T0090,0,9.371470514452084e-05
D0039,T0093,0,0.0004511080333031
D0039,T0101,0,0.0001383076159982
D0039,T0104,0,0.0001711020013317
D0039,T0113,0,0.001903026481159
D0039,T0116,0,0.001903026481159
D0039,T0117,0,0.001903026481159
D0039,T0126,0,0.0006527167279273
D0039,T0131,0,0.0001943391107488
D0039,T0132,0,0.000381764199119
D0039,T0140,0,0.0026581275742501
D0039,T0148,0,0.0054167886264622
D0039,T0155,0,0.0004405300423968
D0039,T0157,0,0.0302431918680667
D0039,T0172,0,5.609919753624126e-05
D0039,T0176,0,0.0022139784414321
D0039,T0181,0,0.0080425441265106
D0039,T0185,0,0.0013771153753623
D0039,T0196,0,0.0034696222282946
D0039,T0199,0,0.0004501640505623
D0039,T0203,0,0.7701281905174255
D0039,T0209,0,0.0001008030667435
D0039,T0211,0,0.0002285448281327
D0039,T0218,0,0.0129571892321109
D0039,T0227,0,0.0181982144713401
D0039,T0244,0,0.0034506183583289
D0039,T0255,0,0.0007333104149438
D0039,T0268,0,4.267834810889326e-05
D0039,T0281,0,0.0003337840316817
D0039,T0284,0,0.0003872508532367
D0039,T0285,0,0.0003866562037728
D0039,T0286,0,0.000272855599178
D0039,T0287,0,0.0006768093444406
D0039,T0291,0,0.000212394457776
D0039,T0296,0,0.0011230042437091
D0039,T0307,0,0.0001247989421244
D0039,T0311,0,0.0001622743438929
D0039,T0320,0,0.0001401585759595
D0039,T0321,0,5.859740849700757e-05
D0039,T0329,0,0.0001542169920867
D0039,T0333,0,7.532625022577122e-05
D0039,T0341,0,6.084477354306728e-05
D0039,T0354,0,0.0004998532240279
D0039,T0358,0,0.0313558988273143
D0039,T0367,0,5.813156167278066e-05
D0039,T0370,0,0.0001850695116445
D0039,T0374,0,4.858087777392939e-05
D0039,T0386,0,0.009372959844768
D0039,T0388,0,0.0003363637079019
D0039,T0391,0,0.0002403874095762
D0039,T0395,0,0.0060853390023112
D0039,T0399,0,0.004869126714766
D0039,T0402,0,0.0039870180189609
D0039,T0407,0,0.0011179853463545
D0039,T0409,0,0.0034469801466912
D0039,T0411,0,9.13250623852946e-05
D0039,T0418,0,0.0079656755551695
D0039,T0422,0,0.000214085666812
D0039,T0423,0,0.0003509599773678
D0039,T0427,0,0.0017080577090382
D0039,T0429,0,0.0006592167774215
D0039,T0433,0,4.8282290663337335e-05
D0039,T0436,0,0.0008228942751884
D0039,T0440,1,0.0012402305146679
D0040,T0000,0,0.0912346243858337
D0040,T0009,1,0.9659883379936218
D0040,T0011,0,0.9659883379936218
D0040,T0015,1,0.9659883379936218
D0040,T0019,1,0.1070369109511375
D0040,T0022,0,0.7367762923240662
D0040,T0025,0,0.0052413092926144
D0040,T0030,0,0.0423947796225547
D0040,T0033,0,0.0539813302457332
D0040,T0039,1,0.418444961309433
D0040,T0042,0,0.0023914442863315
D0040,T0046,0,0.9832358956336976
D0040,T0055,0,0.0005482385167852
D0040,T0056,0,0.0003106806834693
D0040,T0057,0,0.0006014973041601
D0040,T0070,0,0.0026878383941948
D0040,T0072,0,0.0037579068448394
D0040,T0073,0,0.00399084482342
D0040,T0075,0,0.005267031956464
D0040,T0076,0,0.0010575101478025
D0040,T0077,0,0.0016552070155739
D0040,T0078,0,0.0006441919831559
D0040,T0079,0,0.000584818481002
D0040,T0082,0,0.0014031222090125
D0040,T0090,0,0.0015595974400639
D0040,T0093,0,0.0013384114718064
D0040,T0101,0,0.0016531707951799
D0040,T0104,0,0.0027691253926604
D0040,T0113,0,0.0103709213435649
D0040,T0116,0,0.0103709213435649
D0040,T0117,0,0.0103709213435649
D0040,T0126,1,0.8836050629615784
D0040,T0131,0,0.9931811690330504
D0040,T0132,1,0.9631879329681396
D0040,T0140,0,0.0218332558870315
D0040,T0148,0,0.0969812422990799
D0040,T0155,0,0.0035134027712047
D0040,T0157,1,0.0258427765220403
D0040,T0172,0,0.0050629279576241
D0040,T0176,0,0.0174690801650285
D0040,T0181,0,0.0232312381267547
D0040,T0185,0,0.0011741269845515
D0040,T0196,0,0.0054872240871191
D0040,T0199,0,0.0039962162263691
D0040,T0203,0,0.9677013158798218
D0040,T0209,0,0.0019592721946537
D0040,T0211,0,0.0021838827524334
D0040,T0218,1,0.0600039102137088
D0040,T0227,0,0.0422961041331291
D0040,T0244,0,0.0123175857588648
D0040,T0255,0,0.6327096819877625
D0040,T0268,0,0.0004497270274441
D0040,T0281,0,0.0360966920852661
D0040,T0284,0,0.0034085081424564
D0040,T0285,0,0.0028045971412211
D0040,T0286,0,0.001246033818461
D0040,T0287,0,0.0104224439710378
D0040,T0291,0,0.0023972997441887
D0040,T0296,0,0.0032423231750726
D0040,T0307,0,0.0121778137981891
D0040,T0311,0,0.0236633848398923
D0040,T0320,0,0.0188075546175241
D0040,T0321,0,0.0335697531700134
D0040,T0329,0,5.604989564744756e-05
D0040,T0333,0,0.0047872089780867
D0040,T0341,0,0.0014160291757434
D0040,T0354,1,0.5531054139137268
D0040,T0358,0,0.0513059347867965
D0040,T0367,0,0.0040490794926881
D0040,T0370,0,0.0004855462757404
D0040,T0374,0,0.0010583073599264
D0040,T0386,0,0.0990767329931259
D0040,T0388,0,0.2983593642711639
D0040,T0391,0,0.000792380888015
D0040,T0395,0,0.0219620410352945
D0040,T0399,0,0.0295919012278318
D0040,T0402,0,0.0038084846455603
D0040,T0407,0,0.3848768174648285
D0040,T0409,0,0.0232356414198875
D0040,T0411,0,0.0018739473307505
D0040,T0418,0,0.5219978094100952
D0040,T0422,0,0.0039559388533234
D0040,T0423,0,0.1330630481243133
D0040,T0427,0,0.0070988577790558
D0040,T0429,0,0.1674983501434326
D0040,T0433,0,0.0149765880778431
D0040,T0436,0,0.0202492270618677
D0040,T0440,0,0.0164069719612598
D0041,T0000,0,0.0004526484408415
D0041,T0009,0,0.0003549699904397
D0041,T0011,0,0.0003549699904397
D0041,T0015,0,0.0003549699904397
D0041,T0019,0,0.0015427352627739
D0041,T0022,0,0.0001384253118885
D0041,T0025,0,0.0001428351097274
D0041,T0030,0,0.0004867898824159
D0041,T0033,0,0.0001055089232977
D0041,T0039,0,0.0002043361746473
D0041,T0042,0,0.0051347785629332
D0041,T0046,0,0.0001069080462912
D0041,T0055,0,0.000130756830913
D0041,T0056,0,0.0001781689934432
D0041,T0057,0,0.0002241082547698
D0041,T0070,0,0.0007869216497056
D0041,T0072,0,0.0006573510472662
D0041,T0073,0,0.0008657164871692
D0041,T0075,0,0.0049545452930033
D0041,T0076,0,0.0014164230087772
D0041,T0077,0,0.0020583565346896
D0041,T0078,0,5.153004894964397e-05
D0041,T0079,0,0.0003225714608561
D0041,T0082,0,0.0019679113756865
D0041,T0090,0,0.0001984025875572
D0041,T0093,0,0.0007538124336861
D0041,T0101,0,0.0010575720807537
D0041,T0104,0,0.0017701792530715
D0041,T0113,0,0.0002439988893456
D0041,T0116,0,0.0002439988893456
D0041,T0117,0,0.0002439988893456
D0041,T0126,0,5.408551078289747e-05
D0041,T0131,0,2.6764328140416183e-05
D0041,T0132,0,3.4560682252049446e-05
D0041,T0140,0,0.0001869168772827
D0041,T0148,0,0.0002365308173466
D0041,T0155,0,0.0008005908457562
D0041,T0157,0,0.0013717047404497
D0041,T0172,0,3.849800850730389e-05
D0041,T0176,0,0.0007879256736487
D0041,T0181,0,0.0007043666555546
D0041,T0185,0,0.0018481189617887
D0041,T0196,0,0.0048967241309583
D0041,T0199,0,0.0007621442782692
D0041,T0203,0,0.0006117975572124
D0041,T0209,0,0.0005665977951139
D0041,T0211,0,0.000111899615149
D0041,T0218,0,0.0001369046949548
D0041,T0227,0,0.0048040361143648
D0041,T0244,0,0.0009661943768151
D0041,T0255,0,0.0001743632019497
D0041,T0268,0,0.0009563635685481
D0041,T0281,0,0.0005095650558359
D0041,T0284,0,0.000484646676341
D0041,T0285,0,0.0007717799744568
D0041,T0286,0,0.0006187901017256
D0041,T0287,0,0.0005618414725176
D0041,T0291,0,0.0022399493027478
D0041,T0296,0,0.0019565250258892
D0041,T0307,0,0.006203438155353
D0041,T0311,0,0.0107115302234888
D0041,T0320,0,0.0048008249141275
D0041,T0321,0,0.0001004373043542
D0041,T0329,0,0.0004526644188445
D0041,T0333,0,0.0002328528207726
D0041,T0341,0,0.0067363786511123
D0041,T0354,0,0.0004865889786742
D0041,T0358,0,0.0117653394117951
D0041,T0367,0,0.0002572025405243
D0041,T0370,0,0.000674684823025
D0041,T0374,0,0.0021516205742955
D0041,T0386,0,0.0007742528687231
D0041,T0388,0,0.0008305893861688
D0041,T0391,0,0.0007137748762033
D0041,T0395,0,0.0034493070561438
D0041,T0399,0,0.0028920837212353
D0041,T0402,0,0.0026695963460952
D0041,T0407,0,0.0022857494186609
D0041,T0409,0,0.0006971695111133
D0041,T0411,0,0.0001481004874221
D0041,T0418,0,0.000960997713264
D0041,T0422,0,0.0006988262175582
D0041,T0423,0,0.0004955678596161
D0041,T0427,0,0.0074437875300645
D0041,T0429,0,0.0006671157898381
D0041,T0433,0,0.000385204271879
D0041,T0436,0,8.90037408680655e-05
D0041,T0440,0,0.0004474870802368
D0042,T0000,0,0.0009466877090744
D0042,T0009,0,0.0011402039090171
D0042,T0011,0,0.0011402039090171
D0042,T0015,0,0.0011402039090171
D0042,T0019,0,0.0094918077811598
D0042,T0022,0,0.0558758303523063
D0042,T0025,0,0.0004222129355184
D0042,T0030,0,0.0032179462723433
D0042,T0033,0,0.0054918490350246
D0042,T0039,0,0.001590703963302
D0042,T0042,0,0.0049818609841167
D0042,T0046,0,0.0010705512249842
D0042,T0055,0,0.0008785328827798
D0042,T0056,0,0.0015759045490995
D0042,T0057,0,0.0006536866421811
D0042,T0070,0,0.0013047658139839
D0042,T0072,0,0.015951732173562
D0042,T0073,0,0.0132888415828347
D0042,T0075,0,0.0034810265060514
D0042,T0076,0,0.0039258748292922
D0042,T0077,0,0.000504481839016
D0042,T0078,0,0.0002839093212969
D0042,T0079,0,0.0006185498205013
D0042,T0082,0,0.0010114767355844
D0042,T0090,0,0.0002475227229297
D0042,T0093,0,0.0068741217255592
D0042,T0101,0,0.0001780416205292
D0042,T0104,0,0.0007936920737847
D0042,T0113,0,0.0075963740237057
D0042,T0116,0,0.0075963740237057
D0042,T0117,0,0.0075963740237057
D0042,T0126,0,0.0005795189063064
D0042,T0131,0,0.0005925933364778
D0042,T0132,0,0.0009327376610599
D0042,T0140,0,0.011406579054892
D0042,T0148,0,0.0014003922697156
D0042,T0155,0,0.0028226058930158
D0042,T0157,0,0.0098157608881592
D0042,T0172,0,0.0002941932179965
D0042,T0176,0,0.0009282357641495
D0042,T0181,0,0.0019106495892629
D0042,T0185,0,0.0014873524196445
D0042,T0196,0,0.0008077560341916
D0042,T0199,0,0.0042721899226307
D0042,T0203,0,0.003402039874345
D0042,T0209,0,0.000487621204229
D0042,T0211,0,0.0010796978604048
D0042,T0218,0,0.0010021710768342
D0042,T0227,0,0.0027963211759924
D0042,T0244,0,0.0032449779100716
D0042,T0255,0,0.0013459821930155
D0042,T0268,0,0.0060494886711239
D0042,T0281,0,0.0011860890081152
D0042,T0284,0,0.0047006090171635
D0042,T0285,0,0.0095007782801985
D0042,T0286,0,0.001148005016148
D0042,T0287,0,0.0033486646134406
D0042,T0291,0,0.0014268732629716
D0042,T0296,0,0.0042271451093256
D0042,T0307,0,0.9530686140060424
D0042,T0311,1,0.9959118366241456
D0042,T0320,1,0.990731418132782
D0042,T0321,0,0.2230545282363891
D0042,T0329,0,0.0011110187042504
D0042,T0333,0,0.0006572025595232
D0042,T0341,0,0.030054623261094
D0042,T0354,0,0.0069487253203988
D0042,T0358,0,0.0054419813677668
D0042,T0367,0,0.0009728163713589
D0042,T0370,0,0.0008314090082421
D0042,T0374,0,0.0013934080488979
D0042,T0386,0,0.0020547073800116
D0042,T0388,0,0.0014004136901348
D0042,T0391,0,0.0009921971941366
D0042,T0395,0,0.000679496617522
D0042,T0399,0,0.0027772104367613
D0042,T0402,0,0.003510519163683
D0042,T0407,0,0.0591518580913543
D0042,T0409,0,0.0030247434042394
D0042,T0411,0,0.0001722905726637
D0042,T0418,0,0.0023418329656124
D0042,T0422,0,0.0004529002471826
D0042,T0423,0,0.0004589467716868
D0042,T0427,0,0.0032073550391942
D0042,T0429,0,0.0275345146656036
D0042,T0433,0,0.0009635791066102
D0042,T0436,0,0.000215063788346
D0042,T0440,0,0.0072469050064682
D0043,T0000,0,0.0004049266863148
D0043,T0009,0,0.000783925759606
D0043,T0011,0,0.000783925759606
D0043,T0015,0,0.000783925759606
D0043,T0019,0,5.119609704706818e-05
D0043,T0022,0,9.501559543423356e-05
D0043,T0025,0,1.5281315427273512e-05
D0043,T0030,0,1.7582928194315173e-05
D0043,T0033,0,1.0498188203200698e-05
D0043,T0039,0,0.0006495923735201
D0043,T0042,0,0.0008334331796504
D0043,T0046,0,0.0002671555557753
D0043,T0055,0,8.472313311358448e-06
D0043,T0056,0,7.806882422300987e-06
D0043,T0057,0,1.075416639650939e-05
D0043,T0070,0,3.034792644029949e-05
D0043,T0072,0,3.643890158855356e-05
D0043,T0073,0,3.2514722988707945e-05
D0043,T0075,0,0.0006787788588553
D0043,T0076,0,1.8561002434580587e-05
D0043,T0077,0,0.0007104286341927
D0043,T0078,0,2.49902641371591e-05
D0043,T0079,0,1.2558095477288587e-05
D0043,T0082,0,7.885495142545551e-05
D0043,T0090,0,2.9942017135908827e-05
D0043,T0093,0,2.410396518826019e-05
D0043,T0101,0,8.059142419369891e-05
D0043,T0104,0,0.0005896902875974
D0043,T0113,0,0.0020247222855687
D0043,T0116,0,0.0020247222855687
D0043,T0117,0,0.0020247222855687
D0043,T0126,0,8.207586506614462e-05
D0043,T0131,0,7.386870856862515e-05
D0043,T0132,0,0.0001080026922863
D0043,T0140,0,0.0016623922856524
D0043,T0148,0,6.496215792139992e-05
D0043,T0155,0,0.0002160923613701
D0043,T0157,0,0.0065136128105223
D0043,T0172,0,7.402824394375784e-06
D0043,T0176,0,2.045981091214344e-05
D0043,T0181,0,0.0005411792080849
D0043,T0185,0,0.0004631451738532
D0043,T0196,0,0.0085972994565963
D0043,T0199,0,6.0885755374329165e-05
D0043,T0203,0,0.0275177303701639
D0043,T0209,0,8.525847988494206e-06
D0043,T0211,0,1.898092523333617e-05
D0043,T0218,0,0.0001692848018137
D0043,T0227,0,0.0013836073921993
D0043,T0244,0,0.0003140553599223
D0043,T0255,0,0.0001981409441214
D0043,T0268,0,1.7355709132971242e-05
D0043,T0281,0,3.981881673098542e-05
D0043,T0284,0,3.344893775647506e-05
D0043,T0285,0,2.8008298613713123e-05
D0043,T0286,0,2.453285560477525e-05
D0043,T0287,0,2.717612551350612e-05
D0043,T0291,0,0.0002142328885383
D0043,T0296,0,0.0002130603534169
D0043,T0307,0,5.368444544728845e-05
D0043,T0311,0,0.0001679259876254
D0043,T0320,0,0.0001446695532649
D0043,T0321,0,2.9575616281363185e-05
D0043,T0329,0,9.767187293618916e-06
D0043,T0333,0,1.0437563105369918e-05
D0043,T0341,0,5.9345846239011735e-05
D0043,T0354,0,0.0002650925016496
D0043,T0358,0,0.0536823906004428
D0043,T0367,0,3.5670433135237545e-05
D0043,T0370,0,1.930170037667267e-05
D0043,T0374,0,3.635455504991114e-05
D0043,T0386,0,0.0098665049299597
D0043,T0388,0,2.784334719763137e-05
D0043,T0391,0,5.449871969176456e-05
D0043,T0395,0,0.0116677163168787
D0043,T0399,0,0.0087141059339046
D0043,T0402,0,0.0005936470115557
D0043,T0407,0,0.0002676792501006
D0043,T0409,0,0.001128134317696
D0043,T0411,0,1.7324075088254176e-05
D0043,T0418,0,0.0022542546503245
D0043,T0422,0,3.037416172446683e-05
D0043,T0423,0,9.706661512609573e-05
D0043,T0427,0,0.0044274381361901
D0043,T0429,0,5.88212460570503e-05
D0043,T0433,0,9.849847629084252e-06
D0043,T0436,0,1.6588717699050903e-05
D0043,T0440,0,0.0004473988083191
D0044,T0000,0,0.0028001493774354
D0044,T0009,0,0.0032346856314688
D0044,T0011,0,0.0032346856314688
D0044,T0015,0,0.0032346856314688
D0044,T0019,1,0.1637765914201736
D0044,T0022,0,0.2544203400611877
D0044,T0025,0,0.0240568090230226
D0044,T0030,0,0.0211757998913526
D0044,T0033,0,0.0186759456992149
D0044,T0039,0,0.0040764226578176
D0044,T0042,0,0.0051382724195718
D0044,T0046,0,0.0034347742330282
D0044,T0055,0,0.0205824170261621
D0044,T0056,0,0.0217984151095151
D0044,T0057,0,0.0073742573149502
D0044,T0070,0,0.0657452642917633
D0044,T0072,0,0.3782010376453399
D0044,T0073,0,0.1482488811016082
D0044,T0075,0,0.070964366197586
D0044,T0076,0,0.0629419013857841
D0044,T0077,0,0.0126255489885807
D0044,T0078,0,0.0010165959829464
D0044,T0079,0,0.0077289016917347
D0044,T0082,0,0.0765468925237655
D0044,T0090,0,0.0049220458604395
D0044,T0093,0,0.2700324952602386
D0044,T0101,0,0.0016748782945796
D0044,T0104,0,0.0042560924775898
D0044,T0113,0,0.0174211673438549
D0044,T0116,0,0.0174211673438549
D0044,T0117,0,0.0174211673438549
D0044,T0126,0,0.0014093199279159
D0044,T0131,0,0.0013494921149685
D0044,T0132,0,0.0037810921203345
D0044,T0140,0,0.0302967298775911
D0044,T0148,0,0.005538378842175
D0044,T0155,0,0.0068487841635942
D0044,T0157,0,0.0155571606010198
D0044,T0172,0,0.0020066795405
D0044,T0176,0,0.012477196753025
D0044,T0181,0,0.0674502551555633
D0044,T0185,0,0.0430048704147338
D0044,T0196,0,0.0181858986616134
D0044,T0199,0,0.0941291376948356
D0044,T0203,0,0.0097464174032211
D0044,T0209,0,0.0089971255511045
D0044,T0211,0,0.0009002978331409
D0044,T0218,0,0.0016707233153283
D0044,T0227,0,0.2240005731582641
D0044,T0244,0,0.0072858417406678
D0044,T0255,0,0.0030760059598833
D0044,T0268,0,0.0669435486197471
D0044,T0281,0,0.0031274624634534
D0044,T0284,0,0.1772367358207702
D0044,T0285,0,0.1398540735244751
D0044,T0286,0,0.0407378338277339
D0044,T0287,0,0.1558666080236435
D0044,T0291,0,0.0499257482588291
D0044,T0296,0,0.2005333006381988
D0044,T0307,0,0.3015018999576568
D0044,T0311,0,0.2652605175971985
D0044,T0320,0,0.2892360091209411
D0044,T0321,0,0.1107072234153747
D0044,T0329,0,0.1886203736066818
D0044,T0333,0,0.0547456741333007
D0044,T0341,0,0.0702297389507293
D0044,T0354,0,0.2563753426074981
D0044,T0358,0,0.1223924160003662
D0044,T0367,0,0.010377530939877
D0044,T0370,0,0.0056782374158501
D0044,T0374,0,0.0176699794828891
D0044,T0386,0,0.0719401612877845
D0044,T0388,0,0.0038063160609453
D0044,T0391,0,0.0121414437890052
D0044,T0395,0,0.042135190218687
D0044,T0399,0,0.0072440821677446
D0044,T0402,0,0.0577091164886951
D0044,T0407,0,0.2509464025497436
D0044,T0409,0,0.0044422070495784
D0044,T0411,0,0.0096151307225227
D0044,T0418,0,0.0029250653460621
D0044,T0422,0,0.0072572408244013
D0044,T0423,0,0.0003692008322104
D0044,T0427,0,0.119095392525196
D0044,T0429,0,0.9409289956092834
D0044,T0433,0,0.013174757361412
D0044,T0436,0,0.0018322537653148
D0044,T0440,0,0.0524131394922733
D0045,T0000,0,0.0008138732519
D0045,T0009,0,0.0033814022317528
D0045,T0011,0,0.0033814022317528
D0045,T0015,0,0.0033814022317528
D0045,T0019,0,0.0001699762506177
D0045,T0022,0,6.385257438523695e-05
D0045,T0025,0,1.654236803005915e-05
D0045,T0030,0,0.0005753044388256
D0045,T0033,0,1.0808063052536454e-05
D0045,T0039,0,0.0052627562545239
D0045,T0042,0,0.0019551792647689
D0045,T0046,0,0.0032440123613923
D0045,T0055,0,1.1969195838901214e-05
D0045,T0056,0,1.196028370031854e-05
D0045,T0057,0,0.0001528977445559
D0045,T0070,0,1.978755426534917e-05
D0045,T0072,0,2.56960356637137e-05
D0045,T0073,0,1.932457416842226e-05
D0045,T0075,0,0.0028228289447724
D0045,T0076,0,1.4119856132310815e-05
D0045,T0077,0,0.0006372410571202
D0045,T0078,0,5.32615085830912e-05
D0045,T0079,0,4.980455196346156e-05
D0045,T0082,0,5.082561983726919e-05
D0045,T0090,0,3.1224506528815255e-05
D0045,T0093,0,1.881282514659688e-05
D0045,T0101,0,0.0003034553083125
D0045,T0104,0,0.0019536844920367
D0045,T0113,0,0.0017157641705125
D0045,T0116,0,0.0017157641705125
D0045,T0117,0,0.0017157641705125
D0045,T0126,0,0.0007604539277963
D0045,T0131,0,0.0004282172012608
D0045,T0132,0,0.0007888707332313
D0045,T0140,0,0.0015054919058457
D0045,T0148,0,0.0010248500620946
D0045,T0155,0,0.0023268046788871
D0045,T0157,1,0.9402087330818176
D0045,T0172,0,1.1763579095713794e-05
D0045,T0176,0,0.000198863184778
D0045,T0181,0,0.0136651694774627
D0045,T0185,0,0.008119442500174
D0045,T0196,0,0.0110818753018975
D0045,T0199,0,5.459979365696199e-05
D0045,T0203,0,0.987294852733612
D0045,T0209,0,3.095420106546953e-05
D0045,T0211,0,0.0004264057497493
D0045,T0218,0,0.0090197548270225
D0045,T0227,0,0.0006308323936536
D0045,T0244,0,0.0396467186510562
D0045,T0255,0,0.0018132922705262
D0045,T0268,0,1.948308454302605e-05
D0045,T0281,0,0.000120518328913
D0045,T0284,0,2.2625416022492573e-05
D0045,T0285,0,1.6255818991339765e-05
D0045,T0286,0,1.5645307939848863e-05
D0045,T0287,0,2.4353203116334043e-05
D0045,T0291,0,6.744344864273444e-05
D0045,T0296,0,0.0003305946302134
D0045,T0307,0,0.0001183242420665
D0045,T0311,0,0.0001570528838783
D0045,T0320,0,0.0001426543603884
D0045,T0321,0,2.383981154707726e-05
D0045,T0329,0,4.560130037134513e-06
D0045,T0333,0,1.2547275218821596e-05
D0045,T0341,0,1.881736534414813e-05
D0045,T0354,0,0.0001665860472712
D0045,T0358,0,0.2641295194625854
D0045,T0367,0,1.7141737771453336e-05
D0045,T0370,0,0.0003718791122082
D0045,T0374,0,3.651177758001722e-05
D0045,T0386,0,0.0230443216860294
D0045,T0388,0,0.0001174335484392
D0045,T0391,0,0.000100551158539
D0045,T0395,0,0.0278850458562374
D0045,T0399,0,0.0086564980447292
D0045,T0402,0,0.0081675667315721
D0045,T0407,0,0.0004046110552735
D0045,T0409,0,0.0310416240245103
D0045,T0411,0,1.4060811736271717e-05
D0045,T0418,0,0.8193840384483337
D0045,T0422,0,0.0005064867436885
D0045,T0423,0,0.0008033610065467
D0045,T0427,0,0.0032220205757766
D0045,T0429,0,0.0004039851773995
D0045,T0433,0,1.0376654245192183e-05
D0045,T0436,0,0.0010308173950761
D0045,T0440,0,0.0014250522945076
D0046,T0000,0,0.0009090052917599
D0046,T0009,0,0.0017965304432436
D0046,T0011,0,0.0017965304432436
D0046,T0015,0,0.0017965304432436
D0046,T0019,0,0.0127903809770941
D0046,T0022,0,0.0772722512483596
D0046,T0025,0,0.0002194365952163
D0046,T0030,0,0.0013536382466554
D0046,T0033,0,0.0032045235857367
D0046,T0039,0,0.0014397845370694
D0046,T0042,0,0.005301316268742
D0046,T0046,0,0.0010599711677059
D0046,T0055,0,0.0013827361399307
D0046,T0056,0,0.0028350008651614
D0046,T0057,0,0.0003706537827383
D0046,T0070,0,0.0016504067461937
D0046,T0072,0,0.0116942208260297
D0046,T0073,0,0.0101521965116262
D0046,T0075,0,0.0033582486212253
D0046,T0076,0,0.0019184604752808
D0046,T0077,0,0.0007835485157556
D0046,T0078,0,0.0006018052226863
D0046,T0079,0,0.0005305318045429
D0046,T0082,0,0.0014577222755178
D0046,T0090,0,0.000145868412801
D0046,T0093,0,0.0042942855507135
D0046,T0101,0,0.0002757706097327
D0046,T0104,0,0.0006523898919112
D0046,T0113,0,0.0021984472405165
D0046,T0116,0,0.0021984472405165
D0046,T0117,0,0.0021984472405165
D0046,T0126,0,0.0009999492904171
D0046,T0131,0,0.0010126288980245
D0046,T0132,0,0.0019888405222445
D0046,T0140,0,0.0045395344495773
D0046,T0148,0,0.0005644371267408
D0046,T0155,0,0.0038357945159077
D0046,T0157,0,0.0108559885993599
D0046,T0172,0,0.0001760783488862
D0046,T0176,0,0.0008340210770256
D0046,T0181,0,0.0023725044447928
D0046,T0185,0,0.0021191088017076
D0046,T0196,0,0.0015321319224312
D0046,T0199,0,0.0028421988245099
D0046,T0203,0,0.0044385916553437
D0046,T0209,0,0.0004387610824778
D0046,T0211,0,0.0013768806820735
D0046,T0218,0,0.0008501860429532
D0046,T0227,0,0.0041802683845162
D0046,T0244,0,0.0044635524973273
D0046,T0255,0,0.0013136225752532
D0046,T0268,0,0.0053571336902678
D0046,T0281,0,0.0021308579016476
D0046,T0284,0,0.0019685022998601
D0046,T0285,0,0.0035912266466766
D0046,T0286,0,0.0006411707145161
D0046,T0287,0,0.0020583048462867
D0046,T0291,0,0.0011199958389624
D0046,T0296,0,0.0035870347637683
D0046,T0307,0,0.9444251656532288
D0046,T0311,1,0.9948713779449464
D0046,T0320,0,0.9890955090522766
D0046,T0321,0,0.3581506311893463
D0046,T0329,0,0.0018827727762982
D0046,T0333,0,0.0005237177829258
D0046,T0341,0,0.0234319493174552
D0046,T0354,0,0.0083318725228309
D0046,T0358,0,0.0157520212233066
D0046,T0367,0,0.00091240380425
D0046,T0370,0,0.000701080833096
D0046,T0374,0,0.0016365298070013
D0046,T0386,0,0.0041743535548448
D0046,T0388,0,0.0028565272223204
D0046,T0391,0,0.0007857834571041
D0046,T0395,0,0.0012911045923829
D0046,T0399,0,0.0026256120763719
D0046,T0402,0,0.0028536384925246
D0046,T0407,0,0.0943611562252044
D0046,T0409,0,0.0042087957262992
D0046,T0411,0,0.000223339695367
D0046,T0418,0,0.0033550469670444
D0046,T0422,0,0.0003654320025816
D0046,T0423,0,0.0006496007554233
D0046,T0427,0,0.0037676931824535
D0046,T0429,0,0.0313017442822456
D0046,T0433,0,0.0006483151810243
D0046,T0436,0,0.000263865746092
D0046,T0440,0,0.0030723800882697
D0047,T0000,0,0.0017751464620232
D0047,T0009,0,0.0485478565096855
D0047,T0011,0,0.0485478565096855
D0047,T0015,0,0.0485478565096855
D0047,T0019,0,0.005730097182095
D0047,T0022,0,0.002057894365862
D0047,T0025,0,0.0001595387875568
D0047,T0030,0,0.0092462906613945
D0047,T0033,0,0.0002868568117264
D0047,T0039,1,0.0832817181944847
D0047,T0042,0,0.1573825627565384
D0047,T0046,0,0.6276375651359558
D0047,T0055,0,0.0002448483428452
D0047,T0056,0,0.0002834592887666
D0047,T0057,0,0.0011235933052375
D0047,T0070,0,9.087325452128424e-05
D0047,T0072,0,0.0003554277936927
D0047,T0073,0,0.0001760969898896
D0047,T0075,0,0.0103542320430278
D0047,T0076,0,4.22794146288652e-05
D0047,T0077,0,0.0054504889994859
D0047,T0078,0,0.0036956768017262
D0047,T0079,0,0.0002247043303214
D0047,T0082,0,0.000377714051865
D0047,T0090,0,8.286354568554088e-05
D0047,T0093,0,6.983599450904876e-05
D0047,T0101,0,0.0032208075281232
D0047,T0104,0,0.4545261859893799
D0047,T0113,0,0.0464308820664882
D0047,T0116,0,0.0464308820664882
D0047,T0117,0,0.0464308820664882
D0047,T0126,0,0.0595431849360466
D0047,T0131,0,0.0307323653250932
D0047,T0132,0,0.0405901409685611
D0047,T0140,0,0.0358244813978672
D0047,T0148,0,0.0030806795693933
D0047,T0155,0,0.0365941859781742
D0047,T0157,1,0.5234801173210144
D0047,T0172,0,9.623015648685396e-05
D0047,T0176,0,0.0014997342368587
D0047,T0181,0,0.0734662190079689
D0047,T0185,0,0.5152180790901184
D0047,T0196,0,0.9787997007369996
D0047,T0199,0,6.346932786982507e-05
D0047,T0203,1,0.9854653477668762
D0047,T0209,0,0.0001426671515218
D0047,T0211,0,0.0096905082464218
D0047,T0218,1,0.6130235195159912
D0047,T0227,0,0.0211799927055835
D0047,T0244,0,0.9370688796043396
D0047,T0255,1,0.0347359590232372
D0047,T0268,0,0.0001260417629964
D0047,T0281,0,0.0069743553176522
D0047,T0284,0,7.626703154528514e-05
D0047,T0285,0,0.0001715690741548
D0047,T0286,0,7.55627261241898e-05
D0047,T0287,0,0.0001241486315848
D0047,T0291,0,0.0006567849195562
D0047,T0296,0,0.0011832903837785
D0047,T0307,0,0.001273013651371
D0047,T0311,0,0.001266204402782
D0047,T0320,0,0.0013434188440442
D0047,T0321,0,0.0002573315578047
D0047,T0329,0,0.0002445319842081
D0047,T0333,0,9.82522906269878e-05
D0047,T0341,0,0.0008107020403258
D0047,T0354,0,0.0044371699914336
D0047,T0358,1,0.9619128108024596
D0047,T0367,0,0.0008178911521099
D0047,T0370,0,0.0017688845982775
D0047,T0374,0,6.641969230258837e-05
D0047,T0386,0,0.5633221864700317
D0047,T0388,0,0.0032832277938723
D0047,T0391,0,0.0006254566833376
D0047,T0395,0,0.5883410573005676
D0047,T0399,1,0.0791062414646148
D0047,T0402,0,0.3371588885784149
D0047,T0407,0,0.0106514701619744
D0047,T0409,0,0.3128150403499603
D0047,T0411,0,0.0002154623944079
D0047,T0418,0,0.754425585269928
D0047,T0422,0,0.002930544083938
D0047,T0423,0,0.3212860524654388
D0047,T0427,1,0.0536607876420021
D0047,T0429,1,0.0094764474779367
D0047,T0433,0,0.0001252977235708
D0047,T0436,0,0.0119081865996122
D0047,T0440,0,0.0316806361079216
D0048,T0000,0,0.0012394918594509
D0048,T0009,0,0.0001964986586244
D0048,T0011,0,0.0001964986586244
D0048,T0015,0,0.0001964986586244
D0048,T0019,0,0.0005338517948985
D0048,T0022,0,0.0013359402073547
D0048,T0025,0,0.0010562379611656
D0048,T0030,0,0.0002246383519377
D0048,T0033,0,0.0006394259398803
D0048,T0039,0,0.0001656442327657
D0048,T0042,0,0.0005310496198944
D0048,T0046,0,0.0001472078438382
D0048,T0055,0,0.0002206602221122
D0048,T0056,0,0.0002563967718742
D0048,T0057,0,0.0003179419436492
D0048,T0070,0,0.0022681343834847
D0048,T0072,0,0.0018878368427976
D0048,T0073,0,0.0018720403313636
D0048,T0075,0,0.0015699958894401
D0048,T0076,0,0.0011063389247283
D0048,T0077,0,0.0021581621840596
D0048,T0078,0,0.0001232462964253
D0048,T0079,0,0.0004611482727341
D0048,T0082,0,0.0193803645670413
D0048,T0090,0,0.0004160554381087
D0048,T0093,0,0.002048063557595
D0048,T0101,0,0.0001890698476927
D0048,T0104,0,0.0004088610294274
D0048,T0113,0,0.0005772344884462
D0048,T0116,0,0.0005772344884462
D0048,T0117,0,0.0005772344884462
D0048,T0126,0,0.0001122243556892
D0048,T0131,0,6.82977624819614e-05
D0048,T0132,0,7.786798960296437e-05
D0048,T0140,0,0.0006296742940321
D0048,T0148,0,0.0002226134383818
D0048,T0155,0,0.0001101149755413
D0048,T0157,0,0.0003106398507952
D0048,T0172,0,0.0007136773201636
D0048,T0176,0,0.0005701415357179
D0048,T0181,0,0.0003687376156449
D0048,T0185,0,0.000505695817992
D0048,T0196,0,0.0005469634197652
D0048,T0199,0,0.0026115283835679
D0048,T0203,0,0.0009922713506966
D0048,T0209,0,0.000638531986624
D0048,T0211,0,0.0001089825091185
D0048,T0218,0,0.0001447629474569
D0048,T0227,0,0.001568577834405
D0048,T0244,0,0.0004135072231292
D0048,T0255,0,0.0001485507964389
D0048,T0268,0,0.0006001996225677
D0048,T0281,0,0.000307331996737
D0048,T0284,0,0.0022639269009232
D0048,T0285,0,0.0029960991814732
D0048,T0286,0,0.0014371031429618
D0048,T0287,0,0.003138912608847
D0048,T0291,0,0.0405125059187412
D0048,T0296,0,0.0020856289193034
D0048,T0307,0,0.0007526402478106
D0048,T0311,0,0.0027511208318173
D0048,T0320,0,0.0016735442914068
D0048,T0321,0,0.000380917917937
D0048,T0329,0,0.9087260365486144
D0048,T0333,0,0.0004909844137728
D0048,T0341,0,0.9350683689117432
D0048,T0354,0,0.002136651193723
D0048,T0358,0,0.0020775867160409
D0048,T0367,0,0.0015590999973937
D0048,T0370,0,0.0008947597816586
D0048,T0374,0,0.0180718917399644
D0048,T0386,0,0.0012929183430969
D0048,T0388,0,0.0003511963004712
D0048,T0391,0,0.001018158509396
D0048,T0395,0,0.0005779617349617
D0048,T0399,0,0.000655140960589
D0048,T0402,0,0.0012906816555187
D0048,T0407,0,0.0002617714344523
D0048,T0409,0,0.0001663706352701
D0048,T0411,0,0.0003642834781203
D0048,T0418,0,0.0003888154169544
D0048,T0422,0,0.0007989971200004
D0048,T0423,0,0.0002036822115769
D0048,T0427,0,0.0005756752216257
D0048,T0429,0,0.0010145816486328
D0048,T0433,0,0.0004599260864779
D0048,T0436,0,0.0001963331014849
D0048,T0440,0,0.0003897573042195
D0049,T0000,0,6.113557901699096e-05
D0049,T0009,0,0.0001146755603258
D0049,T0011,0,0.0001146755603258
D0049,T0015,0,0.0001146755603258
D0049,T0019,0,0.0001192734198411
D0049,T0022,0,4.301921944716014e-05
D0049,T0025,0,1.220329704665346e-05
D0049,T0030,0,5.099242844153196e-05
D0049,T0033,0,2.9195625756983645e-05
D0049,T0039,0,3.241308149881661e-05
D0049,T0042,0,0.0008914728532545
D0049,T0046,0,8.377182530239224e-05
D0049,T0055,0,2.3566570234834217e-05
D0049,T0056,0,3.7475532735697925e-05
D0049,T0057,0,8.852786777424626e-06
D0049,T0070,0,2.299029983987566e-05
D0049,T0072,0,2.037876402027905e-05
D0049,T0073,0,3.367704994161613e-05
D0049,T0075,0,0.0002700859040487
D0049,T0076,0,1.3618858247355092e-05
D0049,T0077,0,2.909528666350525e-05
D0049,T0078,0,3.859251228277572e-05
D0049,T0079,0,2.167183811252471e-05
D0049,T0082,0,7.18574519851245e-05
D0049,T0090,0,7.76480374042876e-06
D0049,T0093,0,2.247222619189415e-05
D0049,T0101,0,9.253187272406649e-06
D0049,T0104,0,1.9778233763645403e-05
D0049,T0113,0,0.0002947715693153
D0049,T0116,0,0.0002947715693153
D0049,T0117,0,0.0002947715693153
D0049,T0126,0,7.023698708508164e-05
D0049,T0131,0,4.859079490415752e-05
D0049,T0132,0,5.535066884476692e-05
D0049,T0140,0,0.0002922661951743
D0049,T0148,0,2.5434777853661217e-05
D0049,T0155,0,0.0001147389994002
D0049,T0157,0,0.0008180208969861
D0049,T0172,0,1.49362722368096e-05
D0049,T0176,0,3.3006650483002886e-05
D0049,T0181,0,2.0765339286299422e-05
D0049,T0185,0,0.0002072019706247
D0049,T0196,1,0.0224116239696741
D0049,T0199,0,2.928541471192148e-05
D0049,T0203,0,0.0012111898977309
D0049,T0209,0,1.928039637277834e-05
D0049,T0211,0,2.039655555563513e-05
D0049,T0218,0,3.5258573916507885e-05
D0049,T0227,0,0.0004011338751297
D0049,T0244,0,7.391387043753639e-05
D0049,T0255,0,5.731294004363008e-05
D0049,T0268,0,1.7534215658088215e-05
D0049,T0281,0,2.6774208890856244e-05
D0049,T0284,0,2.567776209616568e-05
D0049,T0285,0,3.438709245529026e-05
D0049,T0286,0,2.3717311705695465e-05
D0049,T0287,0,3.966759322793223e-05
D0049,T0291,0,9.755322389537469e-05
D0049,T0296,0,4.129926674067974e-05
D0049,T0307,0,0.000413701229263
D0049,T0311,0,0.0062248553149402
D0049,T0320,0,0.0008800975629128
D0049,T0321,0,2.7145821150043048e-05
D0049,T0329,0,0.0007562692044302
D0049,T0333,0,7.740723049209919e-06
D0049,T0341,0,0.0006635512690991
D0049,T0354,0,0.0001102725946111
D0049,T0358,0,0.0087390411645174
D0049,T0367,0,5.261051410343498e-05
D0049,T0370,0,2.355740434722975e-05
D0049,T0374,0,3.096592263318598e-05
D0049,T0386,0,8.165547478711233e-05
D0049,T0388,0,1.3826594113197643e-05
D0049,T0391,0,1.2874228559667245e-05
D0049,T0395,0,0.0005836026975885
D0049,T0399,0,0.0003748213348444
D0049,T0402,0,5.319070623954758e-05
D0049,T0407,0,0.0001923798554344
D0049,T0409,0,0.0001642090937821
D0049,T0411,0,9.727345968713053e-06
D0049,T0418,0,0.000211462524021
D0049,T0422,0,2.166801641578786e-05
D0049,T0423,0,2.065832268272061e-05
D0049,T0427,0,5.942099596722983e-05
D0049,T0429,0,7.185121648944914e-05
D0049,T0433,0,1.702679401205387e-05
D0049,T0436,0,1.968674041563645e-05
D0049,T0440,0,0.0001110995508497
D0050,T0000,0,0.0003646034456323
D0050,T0009,0,0.000278829713352
D0050,T0011,0,0.000278829713352
D0050,T0015,0,0.000278829713352
D0050,T0019,0,0.0014618386048823
D0050,T0022,0,0.0004344801127444
D0050,T0025,0,0.0002013043267652
D0050,T0030,0,0.0011423667892813
D0050,T0033,0,0.0003567306266631
D0050,T0039,0,0.0010282441508024
D0050,T0042,0,0.0171812418848276
D0050,T0046,0,0.0006192487780936
D0050,T0055,0,0.000100902892882
D0050,T0056,0,9.48286906350404e-05
D0050,T0057,0,3.8406302337534726e-05
D0050,T0070,0,0.0080230748280882
D0050,T0072,0,0.0053089680150151
D0050,T0073,0,0.0133499214425683
D0050,T0075,0,0.0280948374420404
D0050,T0076,0,0.0038376848679035
D0050,T0077,0,0.00100184220355
D0050,T0078,0,5.549818888539448e-05
D0050,T0079,0,0.0012677654158324
D0050,T0082,0,0.000807422446087
D0050,T0090,0,0.0007463165675289
D0050,T0093,0,0.0202204883098602
D0050,T0101,0,0.0002729089173953
D0050,T0104,0,0.0012176713207736
D0050,T0113,0,0.0050346013158559
D0050,T0116,0,0.0050346013158559
D0050,T0117,0,0.0050346013158559
D0050,T0126,0,0.0002766739053186
D0050,T0131,0,0.0001500904909335
D0050,T0132,0,0.0003110846446361
D0050,T0140,0,0.0052268579602241
D0050,T0148,0,0.000730007130187
D0050,T0155,0,0.0002655792341101
D0050,T0157,0,0.0232804920524358
D0050,T0172,0,0.000123217847431
D0050,T0176,0,0.004098673351109
D0050,T0181,0,0.0059351497329771
D0050,T0185,0,0.000773265492171
D0050,T0196,0,0.0022698454558849
D0050,T0199,0,0.020270338281989
D0050,T0203,0,0.0142589267343282
D0050,T0209,0,0.0005605146288871
D0050,T0211,0,0.000175663139089
D0050,T0218,0,0.000572737364564
D0050,T0227,0,0.009587462991476
D0050,T0244,0,0.0025774070527404
D0050,T0255,0,0.0005790244904346
D0050,T0268,0,0.0005825495463795
D0050,T0281,0,0.0005674990243278
D0050,T0284,1,0.0129159437492489
D0050,T0285,0,0.0111027350649237
D0050,T0286,0,0.0070866574533283
D0050,T0287,0,0.0207391418516635
D0050,T0291,0,0.0017352417344227
D0050,T0296,0,0.0105136232450604
D0050,T0307,0,0.00016207639419
D0050,T0311,0,0.0003167429531458
D0050,T0320,0,0.0003082384064327
D0050,T0321,0,0.0003062147588934
D0050,T0329,0,0.0006410668138414
D0050,T0333,0,0.0006267661810852
D0050,T0341,0,0.0005671643302775
D0050,T0354,0,0.0048632249236106
D0050,T0358,0,0.0196974873542785
D0050,T0367,0,0.0006639026105403
D0050,T0370,0,0.0010911714052781
D0050,T0374,0,0.0014334216248244
D0050,T0386,0,0.003675315529108
D0050,T0388,0,0.0010501141659915
D0050,T0391,0,0.0015154674183577
D0050,T0395,0,0.0049247439019382
D0050,T0399,0,0.0104821296408772
D0050,T0402,0,0.0024761916138231
D0050,T0407,0,0.0062186052091419
D0050,T0409,0,0.0031190328299999
D0050,T0411,0,0.0004247507313266
D0050,T0418,0,0.0027034918311983
D0050,T0422,0,0.0025717767421156
D0050,T0423,0,0.0002855557831935
D0050,T0427,0,0.0078969774767756
D0050,T0429,0,0.023420114070177
D0050,T0433,0,0.0005305017111822
D0050,T0436,0,0.0002500827831681
D0050,T0440,0,0.0059040626510977
D0051,T0000,0,0.0002827316347975
D0051,T0009,0,0.0002047160523943
D0051,T0011,0,0.0002047160523943
D0051,T0015,0,0.0002047160523943
D0051,T0019,0,0.0044676545076072
D0051,T0022,0,0.0007663990254513
D0051,T0025,0,0.0003267169231548
D0051,T0030,0,0.0007711572689004
D0051,T0033,0,0.001762475236319
D0051,T0039,0,0.0004016442981082
D0051,T0042,0,0.0026317893061786
D0051,T0046,0,0.0004058671474922
D0051,T0055,0,0.0001442710054107
D0051,T0056,0,0.0001563201949466
D0051,T0057,0,0.0001270917418878
D0051,T0070,0,0.002753430744633
D0051,T0072,0,0.0020916573703289
D0051,T0073,0,0.0048587103374302
D0051,T0075,0,0.001685716677457
D0051,T0076,0,0.002053634962067
D0051,T0077,0,0.0002078971738228
D0051,T0078,0,7.381272735074162e-05
D0051,T0079,0,0.0008023679838515
D0051,T0082,0,0.0010628276504576
D0051,T0090,0,0.0002670557296369
D0051,T0093,0,0.0038537431973963
D0051,T0101,0,0.0001147295843111
D0051,T0104,0,0.0004476545727811
D0051,T0113,0,0.000589907518588
D0051,T0116,0,0.000589907518588
D0051,T0117,0,0.000589907518588
D0051,T0126,0,0.0002271048579132
D0051,T0131,0,0.0001816770527511
D0051,T0132,0,0.0002530871133785
D0051,T0140,0,0.0011301612248644
D0051,T0148,0,0.0001720968284644
D0051,T0155,0,0.0008818085771054
D0051,T0157,0,0.0016505207167938
D0051,T0172,0,0.0002730715495999
D0051,T0176,0,0.0013460085028782
D0051,T0181,0,0.0004432520363479
D0051,T0185,0,0.0007156200008466
D0051,T0196,0,0.000484925112687
D0051,T0199,0,0.0030240127816796
D0051,T0203,0,0.0008290241821669
D0051,T0209,0,0.0017193803796544
D0051,T0211,0,0.000327601796016
D0051,T0218,0,0.0004531427694018
D0051,T0227,0,0.0009899120777845
D0051,T0244,0,0.0006789101753383
D0051,T0255,0,0.0005344513920135
D0051,T0268,0,0.0010537519119679
D0051,T0281,0,0.0001991664175875
D0051,T0284,0,0.0039383876137435
D0051,T0285,0,0.0043718484230339
D0051,T0286,0,0.0022336724214255
D0051,T0287,0,0.0048510069027543
D0051,T0291,0,0.0012548938393592
D0051,T0296,0,0.002012527314946
D0051,T0307,0,0.0004341721069067
D0051,T0311,0,0.0009696249035187
D0051,T0320,0,0.0013496566098183
D0051,T0321,0,0.000202159906621
D0051,T0329,0,0.0049526644870638
D0051,T0333,0,0.0004046070389449
D0051,T0341,0,0.0021735746413469
D0051,T0354,0,0.004316615872085
D0051,T0358,0,0.002252846956253
D0051,T0367,0,0.0008889066521078
D0051,T0370,0,0.000362543243682
D0051,T0374,0,0.0005261549958959
D0051,T0386,0,0.0004201766569167
D0051,T0388,0,0.0002414760383544
D0051,T0391,0,0.0004933065501973
D0051,T0395,0,0.0004940340295433
D0051,T0399,0,0.0011884153354912
D0051,T0402,0,0.000903722771909
D0051,T0407,0,0.0036743257660418
D0051,T0409,0,0.0005632948013953
D0051,T0411,0,0.0001157467049779
D0051,T0418,0,0.0006199920317158
D0051,T0422,0,0.0005565560422837
D0051,T0423,0,0.0001295077672693
D0051,T0427,0,0.0007175694336183
D0051,T0429,0,0.0038505187258124
D0051,T0433,0,0.0004428573593031
D0051,T0436,0,0.0003492980322334
D0051,T0440,0,0.0009974853601306
D0052,T0000,0,0.0015589597169309
D0052,T0009,0,0.0005979793495498
D0052,T0011,0,0.0005979793495498
D0052,T0015,0,0.0005979793495498
D0052,T0019,0,0.0003637722693383
D0052,T0022,0,0.0002008162409765
D0052,T0025,0,0.0004682497237809
D0052,T0030,0,0.0007663705619052
D0052,T0033,0,0.0003825113526545
D0052,T0039,0,0.0002324870147276
D0052,T0042,0,0.0009675361798144
D0052,T0046,0,0.0001420565531589
D0052,T0055,0,3.606467362260446e-05
D0052,T0056,0,5.225112545304e-05
D0052,T0057,0,0.0001857340103015
D0052,T0070,0,0.1227271109819412
D0052,T0072,0,0.006793048698455
D0052,T0073,0,0.0092324623838067
D0052,T0075,0,0.0065254233777523
D0052,T0076,1,0.0081949951127171
D0052,T0077,0,0.0011281875194981
D0052,T0078,0,7.541455033788225e-06
D0052,T0079,0,0.0013434073189273
D0052,T0082,0,0.0074019525200128
D0052,T0090,0,0.0017858806531876
D0052,T0093,0,0.0074338596314191
D0052,T0101,0,0.000216643573367
D0052,T0104,0,0.0010918363695964
D0052,T0113,0,0.000117408017104
D0052,T0116,0,0.000117408017104
D0052,T0117,0,0.000117408017104
D0052,T0126,0,0.0002649411617312
D0052,T0131,0,4.301659282646142e-05
D0052,T0132,0,6.740082608303055e-05
D0052,T0140,0,9.666028927313164e-05
D0052,T0148,0,9.339469397673383e-05
D0052,T0155,0,0.0003380978596396
D0052,T0157,0,0.0012436090037226
D0052,T0172,0,0.0008227103971876
D0052,T0176,0,0.0034324456937611
D0052,T0181,0,0.0007066933903843
D0052,T0185,0,0.0007190456381067
D0052,T0196,0,0.0013550705043599
D0052,T0199,0,0.0041495957411825
D0052,T0203,0,0.000454202061519
D0052,T0209,0,0.0079200537875294
D0052,T0211,0,0.0002968531916849
D0052,T0218,0,0.0001958552020369
D0052,T0227,0,0.0004882107023149
D0052,T0244,0,0.0039322567172348
D0052,T0255,0,6.832278450019658e-05
D0052,T0268,0,0.0024899668060243
D0052,T0281,0,0.0003072016115766
D0052,T0284,0,0.0017485355492681
D0052,T0285,0,0.0030584738124161
D0052,T0286,0,0.0011040070094168
D0052,T0287,0,0.0017885921988636
D0052,T0291,0,0.0216735657304525
D0052,T0296,0,0.1060150638222694
D0052,T0307,0,0.0001084061223082
D0052,T0311,0,0.0002417642244836
D0052,T0320,0,0.000209500794881
D0052,T0321,0,0.0001988396834349
D0052,T0329,0,0.0073307822458446
D0052,T0333,0,0.0012976106954738
D0052,T0341,0,0.0004486291727516
D0052,T0354,0,0.0005032111075706
D0052,T0358,0,0.0017152554355561
D0052,T0367,0,0.000325021916069
D0052,T0370,0,0.0015417344402521
D0052,T0374,0,0.0033918730914592
D0052,T0386,0,0.0003203856176696
D0052,T0388,0,0.0002305500092916
D0052,T0391,0,0.0470564439892768
D0052,T0395,0,0.0011172422673553
D0052,T0399,0,0.0033738566562533
D0052,T0402,0,0.0046840291470289
D0052,T0407,0,5.26515650562942e-05
D0052,T0409,0,0.0001748878421494
D0052,T0411,0,0.0001240706333192
D0052,T0418,0,0.0004233506915625
D0052,T0422,0,0.0014931323239579
D0052,T0423,0,0.0001392422418575
D0052,T0427,0,0.0027572931721806
D0052,T0429,0,0.0006450640503317
D0052,T0433,0,0.0003102825430687
D0052,T0436,0,0.0004061979416292
D0052,T0440,0,4.40956573584117e-05
D0053,T0000,0,0.0017346645472571
D0053,T0009,0,0.0016395022394135
D0053,T0011,0,0.0016395022394135
D0053,T0015,0,0.0016395022394135
D0053,T0019,0,0.0001067785633495
D0053,T0022,0,0.000758348731324
D0053,T0025,0,0.0011469251476228
D0053,T0030,0,0.000534375431016
D0053,T0033,0,0.0001989437878364
D0053,T0039,0,0.0004001185589004
D0053,T0042,0,0.0016896676970645
D0053,T0046,0,0.0001912185834953
D0053,T0055,0,0.0012275798944756
D0053,T0056,0,0.0015206488315016
D0053,T0057,0,0.0007524706888943
D0053,T0070,0,0.0030908861663192
D0053,T0072,0,0.0069037331268191
D0053,T0073,0,0.0020989696495234
D0053,T0075,0,0.0049334000796079
D0053,T0076,0,0.0026263962499797
D0053,T0077,0,0.0102151185274124
D0053,T0078,0,0.0002440272655803
D0053,T0079,0,0.0005365616525523
D0053,T0082,0,0.0472819507122039
D0053,T0090,0,0.0002855168422684
D0053,T0093,0,0.0030458911787718
D0053,T0101,0,0.0016435752622783
D0053,T0104,0,0.0106987478211522
D0053,T0113,0,0.0022532071452587
D0053,T0116,0,0.0022532071452587
D0053,T0117,0,0.0022532071452587
D0053,T0126,0,8.804596291156486e-05
D0053,T0131,0,3.698416549013928e-05
D0053,T0132,0,5.07380609633401e-05
D0053,T0140,0,0.0011821120278909
D0053,T0148,0,0.0005379453650675
D0053,T0155,0,0.0002049369359156
D0053,T0157,1,0.1215934157371521
D0053,T0172,0,0.0003227108099963
D0053,T0176,0,0.0019567972049117
D0053,T0181,1,0.0029613855294883
D0053,T0185,0,0.0001022472933982
D0053,T0196,0,0.0086687542498111
D0053,T0199,0,0.001755510806106
D0053,T0203,0,0.9887990355491638
D0053,T0209,0,0.0010912764118984
D0053,T0211,0,3.458949868218042e-05
D0053,T0218,0,0.0009802539134398
D0053,T0227,0,0.0174786671996116
D0053,T0244,0,0.000295804493362
D0053,T0255,0,7.837425800971687e-05
D0053,T0268,0,6.436905823647976e-05
D0053,T0281,0,0.0012735048076137
D0053,T0284,0,0.0021539172157645
D0053,T0285,0,0.0035579905379563
D0053,T0286,0,0.0015791496261954
D0053,T0287,0,0.0031401361338794
D0053,T0291,0,0.0033472690265625
D0053,T0296,0,0.0024143275804817
D0053,T0307,0,0.000566407747101
D0053,T0311,0,0.0008477333467453
D0053,T0320,0,0.0010403022170066
D0053,T0321,0,0.0003440780274104
D0053,T0329,0,0.0090615777298808
D0053,T0333,0,0.0004731152439489
D0053,T0341,0,0.0639695301651954
D0053,T0354,0,0.0011970932828262
D0053,T0358,1,0.9908756017684937
D0053,T0367,0,0.0004929166170768
D0053,T0370,0,0.0014801775105297
D0053,T0374,0,0.0191773083060979
D0053,T0386,0,0.0201683267951011
D0053,T0388,0,0.0006677638739347
D0053,T0391,0,0.001264187740162
D0053,T0395,0,0.0101568168029189
D0053,T0399,0,0.0030270188581198
D0053,T0402,0,0.0100768124684691
D0053,T0407,0,0.000377929827664
D0053,T0409,0,0.0004873660800512
D0053,T0411,0,0.000348909990862
D0053,T0418,0,0.0068131368607282
D0053,T0422,0,0.001783900661394
D0053,T0423,0,0.0009877425618469
D0053,T0427,0,0.0150962192565202
D0053,T0429,0,0.0040402510203421
D0053,T0433,0,0.0004496834881138
D0053,T0436,0,0.0013082337100058
D0053,T0440,0,0.0007381914183497
D0054,T0000,0,0.0004445225349627
D0054,T0009,0,7.795774581609294e-05
D0054,T0011,0,7.795774581609294e-05
D0054,T0015,0,7.795774581609294e-05
D0054,T0019,0,5.764439629274421e-05
D0054,T0022,0,0.0001083292372641
D0054,T0025,0,0.0001009060724754
D0054,T0030,0,7.172887853812426e-05
D0054,T0033,0,1.1245088899158873e-05
D0054,T0039,0,0.0002993513771798
D0054,T0042,0,0.0011212875833734
D0054,T0046,0,0.0001065977776306
D0054,T0055,0,7.307932264666306e-06
D0054,T0056,0,7.027743322396418e-06
D0054,T0057,0,8.908190466172528e-06
D0054,T0070,0,0.0004897067556157
D0054,T0072,0,0.0001813283161027
D0054,T0073,0,0.0005818670033477
D0054,T0075,0,0.0015232994919642
D0054,T0076,0,0.0002948016335722
D0054,T0077,0,0.0003478325961623
D0054,T0078,0,5.009735104977153e-06
D0054,T0079,0,0.0006159210461191
D0054,T0082,0,0.0001150561947724
D0054,T0090,0,6.303396367002279e-05
D0054,T0093,0,0.0001835030125221
D0054,T0101,0,5.713427890441381e-05
D0054,T0104,0,0.0003740351530723
D0054,T0113,0,0.0007471975986845
D0054,T0116,0,0.0007471975986845
D0054,T0117,0,0.0007471975986845
D0054,T0126,0,5.387728015193716e-05
D0054,T0131,0,3.416130493860692e-05
D0054,T0132,0,4.19410498579964e-05
D0054,T0140,0,0.000380747631425
D0054,T0148,0,4.204111974104308e-05
D0054,T0155,0,0.0001837213203543
D0054,T0157,0,0.0109550850465893
D0054,T0172,0,5.60820808459539e-05
D0054,T0176,0,0.0003884128818754
D0054,T0181,0,0.0002852273464668
D0054,T0185,0,0.000462746276753
D0054,T0196,0,0.0010902539361268
D0054,T0199,0,0.0013297999976202
D0054,T0203,0,0.003292663488537
D0054,T0209,0,0.0002882640692405
D0054,T0211,0,0.0001119145526899
D0054,T0218,0,8.806880214251578e-05
D0054,T0227,0,0.0005533851217478
D0054,T0244,0,0.0021764496341347
D0054,T0255,0,3.3402873668819666e-05
D0054,T0268,0,2.6871077352552675e-05
D0054,T0281,0,1.0689167538657784e-05
D0054,T0284,0,0.0004747649072669
D0054,T0285,0,0.0002640298334881
D0054,T0286,0,0.0002619379665702
D0054,T0287,0,0.0003311816544737
D0054,T0291,0,0.0010269676567986
D0054,T0296,0,0.0005033540655858
D0054,T0307,0,3.482256579445675e-05
D0054,T0311,0,0.0001109599033952
D0054,T0320,0,8.32024379633367e-05
D0054,T0321,0,1.853169669630006e-05
D0054,T0329,0,1.379766945319716e-05
D0054,T0333,0,4.551860183710232e-05
D0054,T0341,0,6.471804226748645e-05
D0054,T0354,0,0.0002444433921482
D0054,T0358,0,0.006537611130625
D0054,T0367,0,2.8147642296971757e-05
D0054,T0370,0,7.12005203240551e-05
D0054,T0374,0,0.0003593500005081
D0054,T0386,0,0.0012611630372703
D0054,T0388,0,9.51380206970498e-06
D0054,T0391,0,0.0001258670090464
D0054,T0395,0,0.0007698092958889
D0054,T0399,0,0.0048526343889534
D0054,T0402,0,0.0005608443752862
D0054,T0407,0,6.638448394369334e-05
D0054,T0409,0,0.0005188079085201
D0054,T0411,0,1.417958083038684e-05
D0054,T0418,0,0.0021587496157735
D0054,T0422,0,0.0004393700510263
D0054,T0423,0,4.9377278628526255e-05
D0054,T0427,0,0.0016903019277378
D0054,T0429,0,0.0001067726479959
D0054,T0433,0,4.128591899643652e-05
D0054,T0436,0,0.0002034040953731
D0054,T0440,0,0.0003560609766282
D0055,T0000,0,0.0003833747468888
D0055,T0009,0,0.0236137863248586
D0055,T0011,0,0.0236137863248586
D0055,T0015,0,0.0236137863248586
D0055,T0019,0,0.0010437965393066
D0055,T0022,0,0.0009299655794166
D0055,T0025,0,0.0004116967320442
D0055,T0030,0,0.0005451298202387
D0055,T0033,0,0.0002278003375977
D0055,T0039,0,0.0111715076491236
D0055,T0042,0,0.0017133589135482
D0055,T0046,0,0.0063398680649697
D0055,T0055,0,0.000341287406627
D0055,T0056,0,0.0001885715028038
D0055,T0057,0,0.0001710349752102
D0055,T0070,0,0.0034753908403217
D0055,T0072,0,0.0025952439755201
D0055,T0073,0,0.0052925255149602
D0055,T0075,0,0.0267189610749483
D0055,T0076,0,0.0021146144717931
D0055,T0077,0,0.0002134464884875
D0055,T0078,0,0.0001285655162064
D0055,T0079,0,0.0005283801583573
D0055,T0082,0,0.0015918979188427
D0055,T0090,0,0.0003299198870081
D0055,T0093,0,0.0045323283411562
D0055,T0101,0,0.0002061233390122
D0055,T0104,0,0.0017431869637221
D0055,T0113,0,0.0145257404074072
D0055,T0116,0,0.0145257404074072
D0055,T0117,0,0.0145257404074072
D0055,T0126,0,0.0026643290184438
D0055,T0131,0,0.0017504408024251
D0055,T0132,0,0.002211824292317
D0055,T0140,0,0.0110059427097439
D0055,T0148,0,0.0014930021716281
D0055,T0155,0,0.0011981243733316
D0055,T0157,0,0.0341853946447372
D0055,T0172,0,0.0001323755568591
D0055,T0176,0,0.0219855345785617
D0055,T0181,0,0.0025567694101482
D0055,T0185,0,0.0002608685172162
D0055,T0196,0,0.0360443331301212
D0055,T0199,0,0.0039931293576955
D0055,T0203,0,0.9734830856323242
D0055,T0209,0,0.0003443070454522
D0055,T0211,0,0.0001872267166618
D0055,T0218,0,0.1050063967704773
D0055,T0227,0,0.00304751470685
D0055,T0244,0,0.0190764684230089
D0055,T0255,0,0.0017706502694636
D0055,T0268,0,0.0001650541089475
D0055,T0281,0,0.0022080526687204
D0055,T0284,0,0.0025002241600304
D0055,T0285,0,0.0026902181562036
D0055,T0286,0,0.0022870090324431
D0055,T0287,0,0.0050235921517014
D0055,T0291,0,0.0038808840326964
D0055,T0296,0,0.0081685939803719
D0055,T0307,0,0.0002268116368213
D0055,T0311,0,0.0005528476904146
D0055,T0320,0,0.0004193389322608
D0055,T0321,0,0.0003009581705555
D0055,T0329,0,0.0007625205325894
D0055,T0333,0,0.0005722211790271
D0055,T0341,0,0.0002912175841629
D0055,T0354,0,0.0016884882934391
D0055,T0358,1,0.9527325630187988
D0055,T0367,0,0.0001645576849114
D0055,T0370,0,0.0003571920969989
D0055,T0374,0,0.0001870422129286
D0055,T0386,0,0.0956983044743537
D0055,T0388,0,0.0008075755322352
D0055,T0391,0,0.0003840326098725
D0055,T0395,0,0.0160947553813457
D0055,T0399,0,0.0041604596190154
D0055,T0402,0,0.0016710128402337
D0055,T0407,0,0.004020451568067
D0055,T0409,0,0.0290343854576349
D0055,T0411,0,0.0003388952463865
D0055,T0418,0,0.3391413390636444
D0055,T0422,0,0.000820152752567
D0055,T0423,0,0.0011398792266845
D0055,T0427,0,0.0089989490807056
D0055,T0429,0,0.0025902523193508
D0055,T0433,0,0.0001225178129971
D0055,T0436,0,0.0109475515782833
D0055,T0440,1,0.0058389585465192
D0056,T0000,1,0.7305048704147339
D0056,T0009,1,0.4549467265605926
D0056,T0011,1,0.4549467265605926
D0056,T0015,1,0.4549467265605926
D0056,T0019,0,0.0148402908816933
D0056,T0022,0,0.2286252081394195
D0056,T0025,0,0.5871543288230896
D0056,T0030,0,0.0290816407650709
D0056,T0033,0,0.0478144511580467
D0056,T0039,1,0.2932702898979187
D0056,T0042,0,0.1527572721242904
D0056,T0046,0,0.6392557621002197
D0056,T0055,1,0.985355794429779
D0056,T0056,1,0.9805508852005004
D0056,T0057,0,0.3030303716659546
D0056,T0070,0,0.1144777983427047
D0056,T0072,0,0.6312505602836609
D0056,T0073,0,0.05711280554533
D0056,T0075,0,0.0653279572725296
D0056,T0076,0,0.0684087499976158
D0056,T0077,1,0.99205082654953
D0056,T0078,0,0.2558950781822204
D0056,T0079,0,0.1322536617517471
D0056,T0082,0,0.989027976989746
D0056,T0090,0,0.1147778257727623
D0056,T0093,0,0.0752487033605575
D0056,T0101,1,0.9952998161315918
D0056,T0104,0,0.0912384316325187
D0056,T0113,0,0.6593868732452393
D0056,T0116,0,0.6593868732452393
D0056,T0117,0,0.6593868732452393
D0056,T0126,0,0.1389956027269363
D0056,T0131,0,0.1232689842581749
D0056,T0132,0,0.1386943310499191
D0056,T0140,0,0.6262571215629578
D0056,T0148,0,0.4209666848182678
D0056,T0155,0,0.0331317819654941
D0056,T0157,0,0.4385402202606201
D0056,T0172,1,0.7664672136306763
D0056,T0176,0,0.0404616333544254
D0056,T0181,0,0.9854432344436646
D0056,T0185,0,0.7621092200279236
D0056,T0196,1,0.9864363074302672
D0056,T0199,0,0.062462218105793
D0056,T0203,1,0.9448164105415344
D0056,T0209,1,0.32047039270401
D0056,T0211,0,0.0106761408969759
D0056,T0218,0,0.5046194195747375
D0056,T0227,1,0.8613359928131104
D0056,T0244,1,0.9153354167938232
D0056,T0255,1,0.1802579462528228
D0056,T0268,0,0.0382375717163085
D0056,T0281,0,0.8943314552307129
D0056,T0284,0,0.0746182277798652
D0056,T0285,0,0.0630163326859474
D0056,T0286,0,0.0381525494158268
D0056,T0287,0,0.0381106324493885
D0056,T0291,1,0.9242119789123536
D0056,T0296,0,0.1280140578746795
D0056,T0307,0,0.026271903887391
D0056,T0311,0,0.0074831768870353
D0056,T0320,0,0.0066348370164632
D0056,T0321,0,0.0817599296569824
D0056,T0329,1,0.9047557711601256
D0056,T0333,1,0.8833383917808533
D0056,T0341,1,0.3947879076004028
D0056,T0354,0,0.0913620889186859
D0056,T0358,1,0.9962820410728456
D0056,T0367,1,0.4945977926254272
D0056,T0370,0,0.4223877787590027
D0056,T0374,0,0.7393267154693604
D0056,T0386,1,0.9253047108650208
D0056,T0388,0,0.917740285396576
D0056,T0391,1,0.2500040233135223
D0056,T0395,1,0.9840818643569946
D0056,T0399,1,0.6608314514160156
D0056,T0402,1,0.9284932613372804
D0056,T0407,0,0.0239074118435382
D0056,T0409,0,0.1011914238333702
D0056,T0411,1,0.412449836730957
D0056,T0418,1,0.7939504384994507
D0056,T0422,0,0.76036137342453
D0056,T0423,0,0.1919773072004318
D0056,T0427,1,0.9897295236587524
D0056,T0429,1,0.1398800164461136
D0056,T0433,0,0.1143369078636169
D0056,T0436,0,0.5609712600708008
D0056,T0440,0,0.7766811847686768
D0057,T0000,1,0.575825572013855
D0057,T0009,0,0.001127052702941
D0057,T0011,0,0.001127052702941
D0057,T0015,0,0.001127052702941
D0057,T0019,0,0.0002493368519935
D0057,T0022,0,0.0010973853059113
D0057,T0025,0,0.0078720767050981
D0057,T0030,0,0.0003654299071058
D0057,T0033,0,9.66224179137498e-05
D0057,T0039,0,0.0003414605162106
D0057,T0042,0,0.0048705688677728
D0057,T0046,0,0.0008036289946176
D0057,T0055,0,0.0009859927231445
D0057,T0056,0,0.0003304588026367
D0057,T0057,0,0.0004764475452248
D0057,T0070,0,0.0019078617915511
D0057,T0072,0,0.0014473907649517
D0057,T0073,0,0.0018171013798564
D0057,T0075,0,0.0049901735037565
D0057,T0076,0,0.0011569809867069
D0057,T0077,0,0.4864744544029236
D0057,T0078,1,0.0001238175900653
D0057,T0079,0,0.0003333270433358
D0057,T0082,0,0.8188983798027039
D0057,T0090,0,0.013395476154983
D0057,T0093,0,0.0130208330228924
D0057,T0101,0,0.0324102342128753
D0057,T0104,0,0.1297957301139831
D0057,T0113,0,0.0113991294056177
D0057,T0116,0,0.0113991294056177
D0057,T0117,0,0.0113991294056177
D0057,T0126,0,0.0001484404929215
D0057,T0131,0,8.337494364241138e-05
D0057,T0132,0,0.0001412614801665
D0057,T0140,0,0.0060455277562141
D0057,T0148,0,0.001331677660346
D0057,T0155,0,0.0003304061829112
D0057,T0157,1,0.035595029592514
D0057,T0172,0,0.0006914772675372
D0057,T0176,0,0.0055653313174843
D0057,T0181,0,0.0936855524778366
D0057,T0185,0,0.0001078134664567
D0057,T0196,0,0.3882641196250915
D0057,T0199,0,0.0038871639408171
D0057,T0203,0,0.9836928248405457
D0057,T0209,0,0.0013330550864338
D0057,T0211,0,1.9094997696811333e-05
D0057,T0218,0,0.0003968764212913
D0057,T0227,0,0.3871703445911407
D0057,T0244,1,0.0143486522138118
D0057,T0255,0,0.0004659655678551
D0057,T0268,0,0.0002153319801436
D0057,T0281,0,0.0083406865596771
D0057,T0284,0,0.0023913362529128
D0057,T0285,0,0.0022508723195642
D0057,T0286,0,0.0009833941003307
D0057,T0287,0,0.0020398166961967
D0057,T0291,0,0.0610869899392128
D0057,T0296,0,0.0020811883732676
D0057,T0307,0,0.0005556133692152
D0057,T0311,0,0.0006339580286294
D0057,T0320,0,0.0005617397255264
D0057,T0321,0,0.00309709017165
D0057,T0329,0,0.0369188711047172
D0057,T0333,0,0.003321684198454
D0057,T0341,0,0.1257307231426239
D0057,T0354,0,0.0042954133823513
D0057,T0358,1,0.9870797991752625
D0057,T0367,0,0.0009661847143433
D0057,T0370,0,0.0045083370059728
D0057,T0374,0,0.3441392481327057
D0057,T0386,0,0.555841863155365
D0057,T0388,0,0.0034747465979307
D0057,T0391,0,0.0261664595454931
D0057,T0395,1,0.2666314840316772
D0057,T0399,0,0.026328969746828
D0057,T0402,0,0.0677760988473892
D0057,T0407,0,0.0005047295708209
D0057,T0409,0,0.0005884003476239
D0057,T0411,0,0.0275047700852155
D0057,T0418,0,0.0142429778352379
D0057,T0422,0,0.0062259347178041
D0057,T0423,0,0.0509268641471862
D0057,T0427,1,0.4492990374565124
D0057,T0429,0,0.0313134528696537
D0057,T0433,0,0.0001465870591346
D0057,T0436,0,0.0002092873910441
D0057,T0440,0,0.0021402277052402
D0058,T0000,0,0.0606069155037403
D0058,T0009,0,0.3025476336479187
D0058,T0011,0,0.3025476336479187
D0058,T0015,0,0.3025476336479187
D0058,T0019,0,0.0151625452563166
D0058,T0022,0,0.0124055920168757
D0058,T0025,0,0.0056855482980608
D0058,T0030,0,0.593756377696991
D0058,T0033,0,0.0019683702848851
D0058,T0039,0,0.6028730869293213
D0058,T0042,0,0.3714921474456787
D0058,T0046,0,0.6577284932136536
D0058,T0055,0,0.0368585810065269
D0058,T0056,0,0.0115149915218353
D0058,T0057,0,0.0280569531023502
D0058,T0070,0,0.0050062350928783
D0058,T0072,0,0.0123488819226622
D0058,T0073,0,0.0007618407253175
D0058,T0075,0,0.035663329064846
D0058,T0076,0,0.0005468294257298
D0058,T0077,0,0.1448703110218048
D0058,T0078,0,0.0101994853466749
D0058,T0079,0,0.0295161437243223
D0058,T0082,0,0.0015653573209419
D0058,T0090,0,0.002088975161314
D0058,T0093,0,0.0046732379123568
D0058,T0101,1,0.4045319855213165
D0058,T0104,0,0.4444023966789245
D0058,T0113,0,0.1860643327236175
D0058,T0116,0,0.1860643327236175
D0058,T0117,0,0.1860643327236175
D0058,T0126,0,0.0302225016057491
D0058,T0131,0,0.0249102599918842
D0058,T0132,0,0.045177161693573
D0058,T0140,0,0.0798131003975868
D0058,T0148,1,0.2857860922813415
D0058,T0155,0,0.0136565016582608
D0058,T0157,0,0.5464580655097961
D0058,T0172,0,0.001543284044601
D0058,T0176,0,0.034644465893507
D0058,T0181,0,0.545111358165741
D0058,T0185,0,0.6819708347320557
D0058,T0196,1,0.9094196557998656
D0058,T0199,0,0.000873397628311
D0058,T0203,1,0.2643001675605774
D0058,T0209,0,0.0029012092854827
D0058,T0211,0,0.8959293365478516
D0058,T0218,0,0.3733032643795013
D0058,T0227,0,0.1637899577617645
D0058,T0244,1,0.9509515762329102
D0058,T0255,0,0.2591755986213684
D0058,T0268,0,0.0150933330878615
D0058,T0281,0,0.8964518904685974
D0058,T0284,0,0.0012783252168446
D0058,T0285,0,0.0013427153462544
D0058,T0286,0,0.001106948708184
D0058,T0287,0,0.002860942389816
D0058,T0291,0,0.0285617224872112
D0058,T0296,0,0.0262370035052299
D0058,T0307,0,0.004119852092117
D0058,T0311,0,0.0019775782711803
D0058,T0320,0,0.0037155027966946
D0058,T0321,0,0.0029902050737291
D0058,T0329,0,0.0003208425769116
D0058,T0333,0,0.0171306692063808
D0058,T0341,0,0.0014845796395093
D0058,T0354,0,0.0064424783922731
D0058,T0358,0,0.9233083128929138
D0058,T0367,0,0.0033413262572139
D0058,T0370,0,0.2190809100866317
D0058,T0374,0,0.2173274904489517
D0058,T0386,1,0.4678531587123871
D0058,T0388,0,0.6265657544136047
D0058,T0391,0,0.022222438827157
D0058,T0395,1,0.8065095543861389
D0058,T0399,0,0.2734772562980652
D0058,T0402,0,0.8643110394477844
D0058,T0407,0,0.0186698902398347
D0058,T0409,1,0.5560522079467773
D0058,T0411,0,0.0055324016138911
D0058,T0418,0,0.3347842395305633
D0058,T0422,0,0.0167137682437896
D0058,T0423,0,0.0293982848525047
D0058,T0427,1,0.9307183027267456
D0058,T0429,1,0.0979068353772163
D0058,T0433,0,0.0064351968467235
D0058,T0436,0,0.9444237947463988
D0058,T0440,0,0.2899802625179291
D0059,T0000,0,0.0006853440427221
D0059,T0009,0,0.0065323878079652
D0059,T0011,0,0.0065323878079652
D0059,T0015,0,0.0065323878079652
D0059,T0019,0,0.002697569085285
D0059,T0022,0,0.0076478174887597
D0059,T0025,0,0.000623749976512
D0059,T0030,0,0.0023508975282311
D0059,T0033,0,0.0007768779178149
D0059,T0039,0,0.0036613959819078
D0059,T0042,0,0.0052242055535316
D0059,T0046,0,0.0031183569226413
D0059,T0055,0,0.0024918979033827
D0059,T0056,0,0.001714666141197
D0059,T0057,0,0.0027214833535254
D0059,T0070,0,0.0061883926391601
D0059,T0072,0,0.0024749846197664
D0059,T0073,0,0.0061409664340317
D0059,T0075,0,0.0081611759960651
D0059,T0076,0,0.0011362226214259
D0059,T0077,0,0.0009303977130912
D0059,T0078,0,0.0007671122439205
D0059,T0079,0,0.000784263422247
D0059,T0082,0,0.0004422298516146
D0059,T0090,0,0.0003006510378327
D0059,T0093,0,0.0021392442286014
D0059,T0101,0,0.0005966852768324
D0059,T0104,0,0.0007090024882927
D0059,T0113,0,0.0053598377853631
D0059,T0116,0,0.0053598377853631
D0059,T0117,0,0.0053598377853631
D0059,T0126,0,0.0018087691860273
D0059,T0131,0,0.0014632646925747
D0059,T0132,0,0.0024163406342267
D0059,T0140,0,0.0073978267610073
D0059,T0148,0,0.0010460682678967
D0059,T0155,0,0.0022382149472832
D0059,T0157,0,0.0055538318119943
D0059,T0172,0,0.000184318239917
D0059,T0176,0,0.0036819900851696
D0059,T0181,0,0.002779085887596
D0059,T0185,0,0.00285554677248
D0059,T0196,0,0.0010977444471791
D0059,T0199,0,0.0030283662490546
D0059,T0203,0,0.0067520821467041
D0059,T0209,0,0.0002600068983156
D0059,T0211,0,0.0028697457164525
D0059,T0218,0,0.0034794139210134
D0059,T0227,0,0.0123471254482865
D0059,T0244,0,0.0059132324531674
D0059,T0255,0,0.0029327243100851
D0059,T0268,0,0.0013547041453421
D0059,T0281,0,0.0061573064886033
D0059,T0284,0,0.0091393236070871
D0059,T0285,0,0.0087076248601078
D0059,T0286,0,0.0034113181754946
D0059,T0287,0,0.0170389674603939
D0059,T0291,0,0.0010132408933714
D0059,T0296,0,0.0029334269929677
D0059,T0307,1,0.0356103666126728
D0059,T0311,0,0.4283000230789184
D0059,T0320,1,0.347994863986969
D0059,T0321,0,0.00538911530748
D0059,T0329,0,0.0001411884877597
D0059,T0333,0,0.0019238758832216
D0059,T0341,0,0.0016611289465799
D0059,T0354,0,0.0059654642827808
D0059,T0358,0,0.0108889350667595
D0059,T0367,0,0.000269239564659
D0059,T0370,0,0.0009260437800548
D0059,T0374,0,0.0005171195953153
D0059,T0386,0,0.0207697264850139
D0059,T0388,0,0.0083483103662729
D0059,T0391,0,0.0006421870784834
D0059,T0395,0,0.0026556891389191
D0059,T0399,0,0.0017597860423848
D0059,T0402,0,0.014410956762731
D0059,T0407,0,0.0250866524875164
D0059,T0409,0,0.004350169096142
D0059,T0411,0,0.0008159228600561
D0059,T0418,0,0.0031844144687056
D0059,T0422,0,0.0008941605337895
D0059,T0423,0,0.0012175414012745
D0059,T0427,0,0.0033559193834662
D0059,T0429,0,0.0474245361983776
D0059,T0433,0,0.0003861760778818
D0059,T0436,0,0.0025402384344488
D0059,T0440,0,0.0104809682816267
D0060,T0000,0,0.0027477697003632
D0060,T0009,0,0.0093389740213751
D0060,T0011,0,0.0093389740213751
D0060,T0015,0,0.0093389740213751
D0060,T0019,0,0.0007595420465804
D0060,T0022,0,0.0002884807181544
D0060,T0025,0,9.625805250834674e-05
D0060,T0030,0,0.0497986115515232
D0060,T0033,0,8.974581578513607e-05
D0060,T0039,0,0.0224794503301382
D0060,T0042,0,0.0190823953598737
D0060,T0046,0,0.0197730902582407
D0060,T0055,0,0.0001320902083534
D0060,T0056,0,0.0001417015737388
D0060,T0057,0,0.0012092313263565
D0060,T0070,0,0.0001028472033794
D0060,T0072,0,0.0001228125765919
D0060,T0073,0,9.298290387960152e-05
D0060,T0075,0,0.0028412812389433
D0060,T0076,0,3.703216498252005e-05
D0060,T0077,0,0.003284404752776
D0060,T0078,0,0.0004270841018296
D0060,T0079,0,0.0002260090259369
D0060,T0082,0,6.089672388043255e-05
D0060,T0090,0,6.086728899390437e-05
D0060,T0093,0,4.1742856410564855e-05
D0060,T0101,1,0.0034488348755985
D0060,T0104,0,0.0115979686379432
D0060,T0113,0,0.0098700085654854
D0060,T0116,0,0.0098700085654854
D0060,T0117,0,0.0098700085654854
D0060,T0126,0,0.0036198068410158
D0060,T0131,0,0.0029954952187836
D0060,T0132,0,0.0045528342016041
D0060,T0140,0,0.0162791013717651
D0060,T0148,0,0.0040163751691579
D0060,T0155,0,0.017997495830059
D0060,T0157,0,0.4363918006420135
D0060,T0172,0,7.669068145332858e-05
D0060,T0176,0,0.0004619861720129
D0060,T0181,0,0.0478678978979587
D0060,T0185,0,0.0385529585182666
D0060,T0196,0,0.1715762913227081
D0060,T0199,0,6.026541086612269e-05
D0060,T0203,0,0.4532943964004516
D0060,T0209,0,6.497604044852778e-05
D0060,T0211,0,0.0023891234304755
D0060,T0218,0,0.0279479641467332
D0060,T0227,0,0.0048649767413735
D0060,T0244,0,0.1290995627641677
D0060,T0255,0,0.0070444070734083
D0060,T0268,0,3.2528958399780095e-05
D0060,T0281,0,0.0047909365966916
D0060,T0284,0,7.584760169265792e-05
D0060,T0285,0,9.096672147279604e-05
D0060,T0286,0,5.941147901467048e-05
D0060,T0287,0,9.911368397297338e-05
D0060,T0291,0,0.0003593791043385
D0060,T0296,0,0.0005301713827066
D0060,T0307,0,0.0003163524670526
D0060,T0311,0,0.0004210315237287
D0060,T0320,0,0.0004023513174615
D0060,T0321,0,0.000185674347449
D0060,T0329,0,0.0030880488920956
D0060,T0333,0,9.20065212994814e-05
D0060,T0341,0,0.0001291683583986
D0060,T0354,0,0.0007901200442574
D0060,T0358,0,0.9419763088226318
D0060,T0367,0,0.0001091494268621
D0060,T0370,0,0.0009934608824551
D0060,T0374,0,0.0001723973982734
D0060,T0386,0,0.0206454396247863
D0060,T0388,0,0.0032343887723982
D0060,T0391,0,0.0001305221376242
D0060,T0395,0,0.331646054983139
D0060,T0399,0,0.0421362780034542
D0060,T0402,0,0.0594735071063041
D0060,T0407,0,0.0015698785427957
D0060,T0409,0,0.0704683065414428
D0060,T0411,0,7.723922317381948e-05
D0060,T0418,0,0.2942121922969818
D0060,T0422,0,0.0019587406422942
D0060,T0423,0,0.0023930841125547
D0060,T0427,0,0.0109807159751653
D0060,T0429,0,0.0064906156621873
D0060,T0433,0,7.445761730195954e-05
D0060,T0436,0,0.0024089321959763
D0060,T0440,0,0.0044266879558563
D0061,T0000,0,0.0019115729955956
D0061,T0009,0,0.0079419258981943
D0061,T0011,0,0.0079419258981943
D0061,T0015,0,0.0079419258981943
D0061,T0019,0,0.0042006140574812
D0061,T0022,0,0.0020912494510412
D0061,T0025,0,0.0003432006633374
D0061,T0030,0,0.0010316141415387
D0061,T0033,0,0.0005221411702223
D0061,T0039,0,0.0057751294225454
D0061,T0042,0,0.0717562064528465
D0061,T0046,0,0.0057232906110584
D0061,T0055,0,0.000705377315171
D0061,T0056,0,0.0007114154286682
D0061,T0057,0,0.0001738197170197
D0061,T0070,0,0.001204076455906
D0061,T0072,0,0.0017872601747512
D0061,T0073,0,0.0041460879147052
D0061,T0075,0,0.0553543791174888
D0061,T0076,0,0.0002172279200749
D0061,T0077,0,0.0006731292814947
D0061,T0078,0,0.0004344869230408
D0061,T0079,0,0.0005176672711968
D0061,T0082,0,0.0007660839473828
D0061,T0090,0,5.878086813027039e-05
D0061,T0093,0,0.0013924072263762
D0061,T0101,0,0.0001001958735287
D0061,T0104,0,0.000487865472678
D0061,T0113,0,0.0154529577121138
D0061,T0116,0,0.0154529577121138
D0061,T0117,0,0.0154529577121138
D0061,T0126,0,0.0065377778373658
D0061,T0131,0,0.0047754645347595
D0061,T0132,0,0.0067807375453412
D0061,T0140,0,0.0179317332804203
D0061,T0148,0,0.0020893048495054
D0061,T0155,0,0.0084401378408074
D0061,T0157,0,0.2367569059133529
D0061,T0172,0,0.0001250373024959
D0061,T0176,0,0.0014051462057977
D0061,T0181,0,0.0014741577906534
D0061,T0185,0,0.0002320080529898
D0061,T0196,0,0.0504491366446018
D0061,T0199,0,0.0045624179765582
D0061,T0203,1,0.9929178357124328
D0061,T0209,0,0.0001153463090304
D0061,T0211,0,0.0001750548544805
D0061,T0218,0,0.0049693915061652
D0061,T0227,0,0.0712670683860778
D0061,T0244,0,0.0919441431760788
D0061,T0255,0,0.0026359378825873
D0061,T0268,0,0.000105034909211
D0061,T0281,0,0.0030168346129357
D0061,T0284,0,0.0028604932595044
D0061,T0285,0,0.0039443033747375
D0061,T0286,0,0.0009187452960759
D0061,T0287,0,0.002249413402751
D0061,T0291,0,0.0023240258451551
D0061,T0296,0,0.0019475372973829
D0061,T0307,0,0.0009383283904753
D0061,T0311,0,0.001265023718588
D0061,T0320,0,0.0013745250180363
D0061,T0321,0,0.0006670432630926
D0061,T0329,0,0.0041239466518163
D0061,T0333,0,0.0003496388671919
D0061,T0341,0,0.0040740766562521
D0061,T0354,0,0.0048684985376894
D0061,T0358,0,0.9919314980506896
D0061,T0367,0,0.0011539002880454
D0061,T0370,0,0.0002923698630183
D0061,T0374,0,0.0012409319169819
D0061,T0386,0,0.2068861573934555
D0061,T0388,0,0.0016180782113224
D0061,T0391,0,0.0001291385560762
D0061,T0395,0,0.0027564570773392
D0061,T0399,0,0.0142218507826328
D0061,T0402,0,0.0045592160895466
D0061,T0407,0,0.0150734847411513
D0061,T0409,0,0.1119660884141922
D0061,T0411,0,0.0002724911028053
D0061,T0418,0,0.7724342346191406
D0061,T0422,0,0.0004391267430037
D0061,T0423,0,0.0008647494832985
D0061,T0427,0,0.0137288263067603
D0061,T0429,0,0.00784064643085
D0061,T0433,0,0.000435582594946
D0061,T0436,0,0.000698663003277
D0061,T0440,0,0.0159813184291124
D0062,T0000,0,0.004707284271717
D0062,T0009,0,0.0074576959013938
D0062,T0011,0,0.0074576959013938
D0062,T0015,0,0.0074576959013938
D0062,T0019,0,0.0036858597304672
D0062,T0022,0,0.0091817090287804
D0062,T0025,0,0.000829937052913
D0062,T0030,0,0.0006793133798055
D0062,T0033,0,0.0003408126940485
D0062,T0039,0,0.0014360694913193
D0062,T0042,0,0.0118085453286767
D0062,T0046,0,0.0006524202763102
D0062,T0055,0,0.0024577779695391
D0062,T0056,0,0.001277181203477
D0062,T0057,0,0.0001592254120623
D0062,T0070,0,0.0268905293196439
D0062,T0072,0,0.0038806055672466
D0062,T0073,0,0.0067652571015059
D0062,T0075,0,0.0131726069375872
D0062,T0076,0,0.0023405312094837
D0062,T0077,0,0.001726122922264
D0062,T0078,0,0.0001035650420817
D0062,T0079,0,0.0008601414156146
D0062,T0082,0,0.000893919437658
D0062,T0090,0,0.0003524806234054
D0062,T0093,0,0.0067850616760551
D0062,T0101,1,5.200599844101816e-05
D0062,T0104,0,0.0004067324043717
D0062,T0113,0,0.0092613827437162
D0062,T0116,0,0.0092613827437162
D0062,T0117,0,0.0092613827437162
D0062,T0126,0,0.0006812957581132
D0062,T0131,0,0.0002534763771109
D0062,T0132,0,0.000641138292849
D0062,T0140,0,0.0144584346562623
D0062,T0148,0,0.0005319359479472
D0062,T0155,0,0.0021439315751194
D0062,T0157,0,0.0247035901993513
D0062,T0172,0,0.0002388353022979
D0062,T0176,0,0.0093238856643438
D0062,T0181,0,0.0025837472639977
D0062,T0185,0,0.0009529372910037
D0062,T0196,1,0.3008096516132355
D0062,T0199,0,0.0024990122765302
D0062,T0203,0,0.0125952390953898
D0062,T0209,0,0.0006345171714201
D0062,T0211,0,0.0002627706562634
D0062,T0218,0,0.0003860116994474
D0062,T0227,0,0.0209104642271995
D0062,T0244,0,0.0053696846589446
D0062,T0255,0,0.0003419452696107
D0062,T0268,0,0.0029041792731732
D0062,T0281,0,0.0004456907918211
D0062,T0284,0,0.0014922915725037
D0062,T0285,0,0.0016978676430881
D0062,T0286,0,0.001664234092459
D0062,T0287,0,0.0078942887485027
D0062,T0291,0,0.0004800880560651
D0062,T0296,0,0.0259024929255247
D0062,T0307,0,0.0045857829973101
D0062,T0311,0,0.0037827556952834
D0062,T0320,0,0.0057410118170082
D0062,T0321,0,0.0032520617824047
D0062,T0329,0,0.00324741541408
D0062,T0333,0,0.0018239878118038
D0062,T0341,0,0.0052833026275038
D0062,T0354,0,0.0253446362912654
D0062,T0358,0,0.304133653640747
D0062,T0367,0,0.0011553284712135
D0062,T0370,0,0.0011951330816373
D0062,T0374,0,0.0018378313397988
D0062,T0386,0,0.1084061563014984
D0062,T0388,0,0.0003174988087266
D0062,T0391,0,0.004700937308371
D0062,T0395,0,0.0084653720259666
D0062,T0399,0,0.0258125904947519
D0062,T0402,0,0.0183521267026662
D0062,T0407,0,0.0132531682029366
D0062,T0409,0,0.0023804791271686
D0062,T0411,0,0.0006214870372787
D0062,T0418,0,0.0038435589522123
D0062,T0422,0,0.0017220752779394
D0062,T0423,0,0.0004394142015371
D0062,T0427,0,0.0072253956459462
D0062,T0429,0,0.0047659785486757
D0062,T0433,0,0.0003277526702731
D0062,T0436,0,0.0006346913287416
D0062,T0440,0,0.0069518028758466
D0063,T0000,0,0.796582043170929
D0063,T0009,1,0.9802591800689696
D0063,T0011,1,0.9802591800689696
D0063,T0015,1,0.9802591800689696
D0063,T0019,0,0.0091084884479641
D0063,T0022,0,0.013284089975059
D0063,T0025,0,0.0001651619531912
D0063,T0030,0,0.0084524862468242
D0063,T0033,0,0.0004052694421261
D0063,T0039,0,0.0189074147492647
D0063,T0042,0,0.0217797588557004
D0063,T0046,0,0.4527289867401123
D0063,T0055,0,0.0040702130645513
D0063,T0056,0,0.0029554218053817
D0063,T0057,0,0.001098355394788
D0063,T0070,0,0.003605457721278
D0063,T0072,0,0.0045843687839806
D0063,T0073,0,0.0074394764378666
D0063,T0075,0,0.1677732616662979
D0063,T0076,0,0.0007419451139867
D0063,T0077,0,0.0032775155268609
D0063,T0078,0,0.0031521313358098
D0063,T0079,0,0.0006907830829732
D0063,T0082,0,0.0004770905652549
D0063,T0090,0,7.631526386830956e-05
D0063,T0093,0,0.0077010565437376
D0063,T0101,0,0.0008999466081149
D0063,T0104,0,0.0012108952505514
D0063,T0113,0,0.0131948655471205
D0063,T0116,0,0.0131948655471205
D0063,T0117,0,0.0131948655471205
D0063,T0126,0,0.0125701427459716
D0063,T0131,0,0.0042098746635019
D0063,T0132,0,0.0076833381317555
D0063,T0140,0,0.018365180119872
D0063,T0148,0,0.0048374626785516
D0063,T0155,0,0.0073799351230263
D0063,T0157,0,0.0858814492821693
D0063,T0172,0,0.0001408192765666
D0063,T0176,0,0.0627103075385093
D0063,T0181,0,0.0113267861306667
D0063,T0185,0,0.0148165030404925
D0063,T0196,0,0.7669438719749451
D0063,T0199,0,0.0006449223146773
D0063,T0203,0,0.6105600595474243
D0063,T0209,0,0.0004123835533391
D0063,T0211,0,0.0011191606754437
D0063,T0218,0,0.1478016376495361
D0063,T0227,0,0.0091119147837162
D0063,T0244,0,0.02490677498281
D0063,T0255,0,0.0370839051902294
D0063,T0268,0,0.0019167700083926
D0063,T0281,0,0.0117277158424258
D0063,T0284,0,0.0006921006133779
D0063,T0285,0,0.0010129754664376
D0063,T0286,0,0.0004953735042363
D0063,T0287,0,0.0016998524079099
D0063,T0291,0,0.001218820689246
D0063,T0296,0,0.0029899021610617
D0063,T0307,0,0.0508407764136791
D0063,T0311,0,0.0312164034694433
D0063,T0320,0,0.0557569190859794
D0063,T0321,0,0.0048229563981294
D0063,T0329,0,0.0007674847147427
D0063,T0333,0,0.000485245778691
D0063,T0341,0,0.0018120427848771
D0063,T0354,0,0.0082370406016707
D0063,T0358,1,0.989363133907318
D0063,T0367,0,0.0007853639544919
D0063,T0370,0,0.0005157809355296
D0063,T0374,0,0.0002150143845938
D0063,T0386,0,0.2039909660816192
D0063,T0388,0,0.0086201066151261
D0063,T0391,0,0.0004630997427739
D0063,T0395,0,0.1393782496452331
D0063,T0399,0,0.146648421883583
D0063,T0402,0,0.2023861855268478
D0063,T0407,0,0.0235860981047153
D0063,T0409,0,0.4338738024234772
D0063,T0411,0,0.0004453510337043
D0063,T0418,0,0.0982147455215454
D0063,T0422,0,0.0018316416535526
D0063,T0423,0,0.0035965726710855
D0063,T0427,0,0.0134484264999628
D0063,T0429,0,0.0234765969216823
D0063,T0433,0,0.0001796966680558
D0063,T0436,0,0.0048040244728326
D0063,T0440,0,0.0298753902316093
D0064,T0000,0,0.0001840772747527
D0064,T0009,0,0.0004021950589958
D0064,T0011,0,0.0004021950589958
D0064,T0015,0,0.0004021950589958
D0064,T0019,0,0.0015172462444752
D0064,T0022,0,0.0006369477487169
D0064,T0025,0,0.0001781780010787
D0064,T0030,0,0.0005450854077935
D0064,T0033,0,0.0002520002017263
D0064,T0039,0,0.0006595379090867
D0064,T0042,0,0.0023573348298668
D0064,T0046,0,0.0004524452670011
D0064,T0055,0,2.530562960600946e-05
D0064,T0056,0,2.9287257348187268e-05
D0064,T0057,0,2.546662108215969e-05
D0064,T0070,0,0.0015837959945201
D0064,T0072,0,0.0013709192862734
D0064,T0073,0,0.0014429112197831
D0064,T0075,0,0.0016815754352137
D0064,T0076,0,0.0003149050462525
D0064,T0077,0,0.0002095867239404
D0064,T0078,0,3.211294824723154e-05
D0064,T0079,0,0.0001010191990644
D0064,T0082,0,0.0001278885029023
D0064,T0090,0,0.0001842901256168
D0064,T0093,0,0.0010347875067964
D0064,T0101,0,0.0001179024475277
D0064,T0104,0,0.0001880342751974
D0064,T0113,0,0.0016992931487038
D0064,T0116,0,0.0016992931487038
D0064,T0117,0,0.0016992931487038
D0064,T0126,0,0.000190700389794
D0064,T0131,0,0.0001880507916212
D0064,T0132,0,0.000268474133918
D0064,T0140,0,0.0022671753540635
D0064,T0148,0,0.0002322678774362
D0064,T0155,0,0.0003734543861355
D0064,T0157,0,0.0031658736988902
D0064,T0172,0,0.0002222991170128
D0064,T0176,0,0.0004897427279502
D0064,T0181,0,0.0004968385328538
D0064,T0185,0,0.0003991309204138
D0064,T0196,0,0.0003979654284194
D0064,T0199,0,0.0013265610905364
D0064,T0203,0,0.0031703056301921
D0064,T0209,0,8.396824705414474e-05
D0064,T0211,0,0.0002667117223609
D0064,T0218,0,0.0003412857477087
D0064,T0227,0,0.0006380441482178
D0064,T0244,0,0.0013876354787498
D0064,T0255,0,0.0002999553107656
D0064,T0268,0,0.0005337969050742
D0064,T0281,0,0.0006594637525267
D0064,T0284,1,0.0017014082986861
D0064,T0285,0,0.0019554761238396
D0064,T0286,0,0.0012502623721957
D0064,T0287,0,0.0022196739446371
D0064,T0291,0,6.91544046276249e-05
D0064,T0296,0,0.0010037604952231
D0064,T0307,0,0.0002740162017289
D0064,T0311,0,0.0006776981172151
D0064,T0320,0,0.0007630340987816
D0064,T0321,0,0.0001283927704207
D0064,T0329,0,5.720842818845995e-05
D0064,T0333,0,0.0002072187635349
D0064,T0341,0,7.707389886491e-05
D0064,T0354,0,0.005496070254594
D0064,T0358,0,0.0058411457575857
D0064,T0367,0,0.0002051265619229
D0064,T0370,0,0.0001113622784032
D0064,T0374,0,0.0001680333080003
D0064,T0386,0,0.001075611449778
D0064,T0388,0,0.0010807814542204
D0064,T0391,0,0.0005240538739599
D0064,T0395,0,0.0006334689096547
D0064,T0399,0,0.0010722439037635
D0064,T0402,0,0.0004942992236465
D0064,T0407,0,0.0040403199382126
D0064,T0409,0,0.0009133744752034
D0064,T0411,0,0.0001492337032686
D0064,T0418,0,0.0010890108533203
D0064,T0422,0,0.0004334653494879
D0064,T0423,0,0.0003559499746188
D0064,T0427,0,0.0005696016014553
D0064,T0429,0,0.0030081430450081
D0064,T0433,0,0.000161608797498
D0064,T0436,0,0.0002366111148148
D0064,T0440,0,0.001726648886688
D0065,T0000,0,0.0158850960433483
D0065,T0009,1,0.9504945874214172
D0065,T0011,0,0.9504945874214172
D0065,T0015,1,0.9504945874214172
D0065,T0019,0,0.0035062995739281
D0065,T0022,0,0.0012343757553026
D0065,T0025,0,7.417074812110513e-05
D0065,T0030,0,0.0018974898848682
D0065,T0033,0,0.0002200658054789
D0065,T0039,0,0.0342440567910671
D0065,T0042,0,0.0587317235767841
D0065,T0046,0,0.0439923740923404
D0065,T0055,0,0.0002246467338409
D0065,T0056,0,0.0003001237928401
D0065,T0057,0,0.0001414928119629
D0065,T0070,0,0.002483828458935
D0065,T0072,0,0.0005534788360819
D0065,T0073,0,0.0008973000221885
D0065,T0075,0,0.0110198678448796
D0065,T0076,0,0.000409007014241
D0065,T0077,0,0.0005328097031451
D0065,T0078,0,0.0004114526964258
D0065,T0079,0,0.0001302835298702
D0065,T0082,0,0.0003739629464689
D0065,T0090,0,4.6951983676990494e-05
D0065,T0093,0,0.0002229063538834
D0065,T0101,0,0.0002245888899778
D0065,T0104,0,0.0007399155292659
D0065,T0113,1,0.942382037639618
D0065,T0116,1,0.942382037639618
D0065,T0117,1,0.942382037639618
D0065,T0126,0,0.0129092941060662
D0065,T0131,0,0.0116820586845278
D0065,T0132,0,0.0124602112919092
D0065,T0140,0,0.1743778139352798
D0065,T0148,0,0.0033517898991703
D0065,T0155,0,0.0031252512708306
D0065,T0157,0,0.0386184267699718
D0065,T0172,0,5.541161590372212e-05
D0065,T0176,0,0.0034310384653508
D0065,T0181,0,0.0019829755183309
D0065,T0185,0,0.0007241211715154
D0065,T0196,0,0.0035616373643279
D0065,T0199,0,0.0004929989227093
D0065,T0203,0,0.032120406627655
D0065,T0209,0,0.0001305415498791
D0065,T0211,0,0.0001086943011614
D0065,T0218,0,0.2014114111661911
D0065,T0227,0,0.0418636314570903
D0065,T0244,0,0.0267339032143354
D0065,T0255,0,0.0230547040700912
D0065,T0268,0,7.068314153002575e-05
D0065,T0281,0,0.0034369879867881
D0065,T0284,0,0.0002164876786991
D0065,T0285,0,0.0002382271486567
D0065,T0286,0,0.0001833363203331
D0065,T0287,0,0.0004917071200907
D0065,T0291,0,0.0004017877217847
D0065,T0296,0,0.0031926501542329
D0065,T0307,0,0.0011593860108405
D0065,T0311,0,0.0012723591644316
D0065,T0320,0,0.0022090917918831
D0065,T0321,0,0.0002706679806578
D0065,T0329,0,9.269217844121158e-05
D0065,T0333,0,9.42341866903007e-05
D0065,T0341,0,0.0003822674916591
D0065,T0354,0,0.0067552356049418
D0065,T0358,0,0.1935098320245742
D0065,T0367,0,0.0008801558287814
D0065,T0370,0,0.0001870058331405
D0065,T0374,0,0.0002268799871671
D0065,T0386,0,0.5249483585357666
D0065,T0388,0,0.0055175963789224
D0065,T0391,0,0.0002483430143911
D0065,T0395,0,0.0048847035504877
D0065,T0399,0,0.0277165453881025
D0065,T0402,0,0.0023225138429552
D0065,T0407,0,0.0095335142686963
D0065,T0409,0,0.0086360871791839
D0065,T0411,0,5.27934535057284e-05
D0065,T0418,0,0.1787808537483215
D0065,T0422,0,0.0001483149972045
D0065,T0423,0,0.0017543046269565
D0065,T0427,0,0.0152007592841982
D0065,T0429,0,0.0037611499428749
D0065,T0433,0,3.5830398701364174e-05
D0065,T0436,0,0.0010236098896712
D0065,T0440,0,0.0703416615724563
D0066,T0000,0,0.6376558542251587
D0066,T0009,0,0.5633395910263062
D0066,T0011,0,0.5633395910263062
D0066,T0015,0,0.5633395910263062
D0066,T0019,0,0.0020544093567878
D0066,T0022,0,0.0071553359739482
D0066,T0025,0,0.0066546625457704
D0066,T0030,0,0.0201539378613233
D0066,T0033,0,0.0006379270926117
D0066,T0039,0,0.1993418484926223
D0066,T0042,0,0.0220747329294681
D0066,T0046,0,0.1157059371471405
D0066,T0055,0,0.0197767056524753
D0066,T0056,0,0.010324278846383
D0066,T0057,0,0.0013358835130929
D0066,T0070,0,0.0186999775469303
D0066,T0072,0,0.0415224730968475
D0066,T0073,0,0.0025207202415913
D0066,T0075,0,0.0078621348366141
D0066,T0076,0,0.0022777370177209
D0066,T0077,0,0.3820742070674896
D0066,T0078,0,0.0053185052238404
D0066,T0079,0,0.0116182705387473
D0066,T0082,0,0.7464528679847717
D0066,T0090,0,0.0180701985955238
D0066,T0093,0,0.0352365598082542
D0066,T0101,0,0.104118213057518
D0066,T0104,0,0.0740149617195129
D0066,T0113,0,0.0995372906327247
D0066,T0116,0,0.0995372906327247
D0066,T0117,0,0.0995372906327247
D0066,T0126,0,0.0134951462969183
D0066,T0131,0,0.0044227433390915
D0066,T0132,0,0.0058484333567321
D0066,T0140,0,0.0406648628413677
D0066,T0148,0,0.0784147307276725
D0066,T0155,0,0.0041805105283856
D0066,T0157,0,0.091269664466381
D0066,T0172,0,0.0098618203774094
D0066,T0176,0,0.0648846328258514
D0066,T0181,0,0.4900341928005218
D0066,T0185,0,0.0020695452112704
D0066,T0196,1,0.1519969701766967
D0066,T0199,0,0.0032638902775943
D0066,T0203,0,0.966233491897583
D0066,T0209,0,0.0081905703991651
D0066,T0211,0,0.0073596849106252
D0066,T0218,0,0.0776915773749351
D0066,T0227,0,0.5174544453620911
D0066,T0244,1,0.5319692492485046
D0066,T0255,0,0.0273218397051095
D0066,T0268,0,0.0022239508107304
D0066,T0281,0,0.026101991534233
D0066,T0284,0,0.002855303697288
D0066,T0285,0,0.0025649811141192
D0066,T0286,0,0.0012222507502883
D0066,T0287,0,0.0029655175749212
D0066,T0291,0,0.5501397848129272
D0066,T0296,0,0.0353177413344383
D0066,T0307,0,0.0027099687140434
D0066,T0311,0,0.0013237245148047
D0066,T0320,0,0.0013922792859375
D0066,T0321,0,0.0141603322699666
D0066,T0329,0,0.0133655006065964
D0066,T0333,0,0.0194559246301651
D0066,T0341,0,0.0073951170779764
D0066,T0354,0,0.0156494081020355
D0066,T0358,1,0.9721736907958984
D0066,T0367,0,0.0106535358354449
D0066,T0370,0,0.0271418020129203
D0066,T0374,0,0.1846852302551269
D0066,T0386,0,0.7383535504341125
D0066,T0388,0,0.01199138071388
D0066,T0391,0,0.7681900262832642
D0066,T0395,0,0.1220550313591957
D0066,T0399,0,0.1099432930350303
D0066,T0402,0,0.0406416431069374
D0066,T0407,0,0.0028195476625114
D0066,T0409,0,0.2112980335950851
D0066,T0411,0,0.0273593999445438
D0066,T0418,1,0.3706434965133667
D0066,T0422,1,0.0208459757268428
D0066,T0423,0,0.0812358558177948
D0066,T0427,0,0.1088811829686164
D0066,T0429,0,0.0235472097992897
D0066,T0433,0,0.0032360753975808
D0066,T0436,0,0.02154459990561
D0066,T0440,0,0.0437646135687828
D0067,T0000,0,0.0004353355907369
D0067,T0009,0,0.0106275985017418
D0067,T0011,0,0.0106275985017418
D0067,T0015,0,0.0106275985017418
D0067,T0019,0,0.000984905520454
D0067,T0022,0,0.0004944467800669
D0067,T0025,0,0.0001101504749385
D0067,T0030,0,0.0011321175843477
D0067,T0033,0,0.0001578244991833
D0067,T0039,0,0.0014711251715198
D0067,T0042,0,0.0019036188023164
D0067,T0046,0,0.0015468480996787
D0067,T0055,0,0.0002604276523925
D0067,T0056,0,0.0001672711077844
D0067,T0057,0,0.0002207784855272
D0067,T0070,0,0.0055447006598114
D0067,T0072,0,0.0017788156401365
D0067,T0073,0,0.005303549580276
D0067,T0075,0,0.0085099749267101
D0067,T0076,0,0.0027053693775087
D0067,T0077,0,0.0006326404400169
D0067,T0078,0,5.865398998139426e-05
D0067,T0079,0,0.0004212699714116
D0067,T0082,0,0.0004253753868397
D0067,T0090,0,0.0001680637506069
D0067,T0093,0,0.0016176523640751
D0067,T0101,0,0.0002529481425881
D0067,T0104,0,0.0010449790861457
D0067,T0113,0,0.0087637985125184
D0067,T0116,0,0.0087637985125184
D0067,T0117,0,0.0087637985125184
D0067,T0126,0,0.0007369929808191
D0067,T0131,0,0.0005069439066573
D0067,T0132,0,0.0011920807883143
D0067,T0140,0,0.0073836450465023
D0067,T0148,0,0.0007283019367605
D0067,T0155,0,0.0012616916792467
D0067,T0157,1,0.0572875887155532
D0067,T0172,0,0.0001881431526271
D0067,T0176,0,0.0026267061475664
D0067,T0181,0,0.0059342132881283
D0067,T0185,0,0.0023778080940246
D0067,T0196,0,0.0034707188606262
D0067,T0199,0,0.005983792245388
D0067,T0203,0,0.793122410774231
D0067,T0209,0,0.0009637608309276
D0067,T0211,0,0.0004540637310128
D0067,T0218,0,0.0015031025977805
D0067,T0227,0,0.0047621713019907
D0067,T0244,0,0.0101583125069737
D0067,T0255,0,0.0008674600976519
D0067,T0268,0,0.0001330349623458
D0067,T0281,0,0.0004144322301726
D0067,T0284,0,0.0041922070086002
D0067,T0285,0,0.0035716139245778
D0067,T0286,0,0.0022454860154539
D0067,T0287,0,0.005525529384613
D0067,T0291,0,0.0064050168730318
D0067,T0296,0,0.001808036933653
D0067,T0307,0,0.0005656367866322
D0067,T0311,0,0.0020223571918904
D0067,T0320,0,0.0019921238999813
D0067,T0321,0,6.848599150544032e-05
D0067,T0329,0,0.0001663892035139
D0067,T0333,0,0.0002175390254706
D0067,T0341,0,0.000406322593335
D0067,T0354,0,0.0013528114650398
D0067,T0358,0,0.0352145545184612
D0067,T0367,0,0.0001634704676689
D0067,T0370,0,0.0003173504956066
D0067,T0374,0,0.0002952741924673
D0067,T0386,0,0.0528440363705158
D0067,T0388,0,0.000940385099966
D0067,T0391,0,0.0001630209299037
D0067,T0395,0,0.0072176489047706
D0067,T0399,0,0.0053600184619426
D0067,T0402,0,0.0046601435169577
D0067,T0407,0,0.0063599473796784
D0067,T0409,0,0.00341980997473
D0067,T0411,0,0.000108521344373
D0067,T0418,0,0.0266338698565959
D0067,T0422,0,0.0010457156458869
D0067,T0423,0,0.0004272431251592
D0067,T0427,0,0.0088120242580771
D0067,T0429,0,0.0062225572764873
D0067,T0433,0,0.0001060728391166
D0067,T0436,0,0.0008299971814267
D0067,T0440,0,0.005273766350001
