drug_id,target_id,label,prediction
D0004,T0000,0,0.361819714307785
D0004,T0001,0,0.3827853500843048
D0004,T0002,0,0.3827853202819824
D0004,T0003,0,0.3827853500843048
D0004,T0004,0,0.3827853500843048
D0004,T0005,0,0.3827853500843048
D0004,T0006,0,0.3827853500843048
D0004,T0007,0,0.3827853202819824
D0004,T0008,0,0.3827853202819824
D0004,T0009,0,0.3827853202819824
D0004,T0010,0,0.3827853500843048
D0004,T0011,0,0.3827853500843048
D0004,T0012,0,0.3827853202819824
D0004,T0013,0,0.3827853500843048
D0004,T0014,0,0.3827853500843048
D0004,T0015,0,0.3827853500843048
D0004,T0016,0,0.3773533701896667
D0004,T0017,0,0.3545955717563629
D0004,T0018,0,0.3520391881465912
D0004,T0019,0,0.3563422858715057
D0004,T0020,0,0.3677379190921783
D0004,T0021,0,0.3654136061668396
D0004,T0022,0,0.3597432971000671
D0004,T0023,0,0.3598946034908294
D0004,T0024,0,0.3659376502037048
D0004,T0025,0,0.3685775399208069
D0004,T0026,0,0.3719102442264557
D0004,T0027,0,0.3578082919120788
D0004,T0028,0,0.365835577249527
D0004,T0029,0,0.3755620419979095
D0004,T0030,0,0.3417477905750274
D0004,T0031,0,0.3980884850025177
D0004,T0032,0,0.3537194430828094
D0004,T0033,0,0.3575353026390075
D0004,T0034,0,0.4073165357112884
D0004,T0035,0,0.4379498064517975
D0004,T0036,0,0.4697276651859283
D0004,T0037,0,0.3620997965335846
D0004,T0038,0,0.4285728931427002
D0004,T0039,0,0.3619472980499267
D0004,T0040,0,0.3573987185955047
D0004,T0041,0,0.3757433295249939
D0004,T0042,0,0.3740801513195038
D0004,T0043,0,0.3830990493297577
D0004,T0044,0,0.3635153472423553
D0004,T0045,0,0.3635153472423553
D0004,T0046,0,0.374556303024292
D0004,T0047,0,0.354678750038147
D0004,T0048,0,0.3597418069839477
D0004,T0049,0,0.3892013728618622
D0004,T0050,0,0.3595843911170959
D0004,T0051,0,0.3620985746383667
D0004,T0052,0,0.3616952896118164
D0004,T0053,0,0.3707875311374664
D0004,T0054,0,0.3704688251018524
D0004,T0055,0,0.3673385083675384
D0004,T0056,0,0.3694770932197571
D0004,T0057,0,0.3678697049617767
D0004,T0058,0,0.3510040640830993
D0004,T0059,0,0.3506197333335876
D0004,T0060,0,0.3805766701698303
D0004,T0061,0,0.3472692966461181
D0004,T0062,0,0.347992330789566
D0004,T0063,0,0.4025830924510956
D0004,T0064,0,0.3534355163574219
D0004,T0065,0,0.3749017417430877
D0004,T0066,0,0.367503672838211
D0004,T0067,0,0.3676156401634216
D0004,T0068,0,0.3676156401634216
D0004,T0069,0,0.3609802722930908
D0004,T0070,0,0.3729053735733032
D0004,T0071,0,0.3575001955032348
D0004,T0072,0,0.3650099039077759
D0004,T0073,0,0.3710246086120605
D0004,T0074,0,0.3670722842216491
D0004,T0075,0,0.3687419593334198
D0004,T0076,0,0.3724683821201324
D0004,T0077,0,0.3759206533432007
D0004,T0078,0,0.3717721700668335
D0004,T0079,0,0.349913626909256
D0004,T0080,0,0.3650970160961151
D0004,T0081,0,0.3674375116825104
D0004,T0082,0,0.3612129688262939
D0004,T0083,0,0.3643182218074798
D0004,T0084,0,0.6352814435958862
D0004,T0085,0,0.3636393845081329
D0004,T0086,0,0.3428479135036468
D0004,T0087,0,0.3427313566207886
D0004,T0088,0,0.342300683259964
D0004,T0089,0,0.3426399230957031
D0004,T0090,0,0.3499675095081329
D0004,T0091,0,0.3501346707344055
D0004,T0092,0,0.3478079736232757
D0004,T0093,0,0.3329434692859649
D0004,T0094,0,0.3322857320308685
D0004,T0095,0,0.3664793372154236
D0004,T0096,0,0.3785013258457184
D0004,T0097,0,0.3866947591304779
D0004,T0098,0,0.4058388471603393
D0004,T0099,0,0.349275529384613
D0004,T0100,0,0.351115345954895
D0004,T0101,0,0.3826926648616791
D0004,T0102,0,0.529018759727478
D0004,T0103,0,0.4983116388320923
D0004,T0104,0,0.3355075418949127
D0004,T0105,0,0.3447810411453247
D0004,T0106,0,0.3487589061260223
D0004,T0107,0,0.4528007209300995
D0004,T0108,0,0.4045224487781524
D0004,T0109,0,0.3499681651592254
D0004,T0110,0,0.354903370141983
D0004,T0111,0,0.3523386418819427
D0004,T0112,1,0.9902419447898864
D0004,T0113,1,0.9902419447898864
D0004,T0114,1,0.9902419447898864
D0004,T0115,1,0.9902419447898864
D0004,T0116,1,0.9902419447898864
D0004,T0117,1,0.9902419447898864
D0004,T0118,1,0.9902419447898864
D0004,T0119,1,0.9902419447898864
D0004,T0120,1,0.9902419447898864
D0004,T0121,1,0.9902419447898864
D0004,T0122,1,0.9902419447898864
D0004,T0123,1,0.9902419447898864
D0004,T0124,0,0.3390150666236877
D0004,T0125,0,0.3446702361106872
D0004,T0126,0,0.3410652577877044
D0004,T0127,0,0.3355627954006195
D0004,T0128,0,0.339175283908844
D0004,T0129,0,0.3385901749134063
D0004,T0130,0,0.341551810503006
D0004,T0131,0,0.3474679589271545
D0004,T0132,0,0.3445904552936554
D0004,T0133,0,0.329763114452362
D0004,T0134,0,0.3398177027702331
D0004,T0135,0,0.3312308192253113
D0004,T0136,0,0.3353144824504852
D0004,T0137,0,0.3374737501144409
D0004,T0138,1,0.9543923735618592
D0004,T0139,0,0.9814401865005492
D0004,T0140,1,0.9796292185783386
D0004,T0141,0,0.3419165015220642
D0004,T0142,0,0.3426106572151184
D0004,T0143,0,0.3362406194210052
D0004,T0144,0,0.3391334414482116
D0004,T0145,0,0.338415116071701
D0004,T0146,0,0.3520834445953369
D0004,T0147,0,0.3679077923297882
D0004,T0148,0,0.3467351496219635
D0004,T0149,0,0.3425503373146057
D0004,T0150,0,0.3488721251487732
D0004,T0151,0,0.3429693281650543
D0004,T0152,0,0.3448286652565002
D0004,T0153,0,0.3550086915493011
D0004,T0154,0,0.3550086915493011
D0004,T0155,0,0.3444846272468567
D0004,T0156,0,0.3581087589263916
D0004,T0157,0,0.5012069344520569
D0004,T0158,0,0.4620118141174316
D0004,T0159,0,0.4620118141174316
D0004,T0160,0,0.4620118141174316
D0004,T0161,0,0.4620118141174316
D0004,T0162,0,0.4620118141174316
D0004,T0163,0,0.4620118141174316
D0004,T0164,0,0.4620118141174316
D0004,T0165,0,0.4286009967327118
D0004,T0166,0,0.3927284777164459
D0004,T0167,0,0.3594440519809723
D0004,T0168,0,0.8885284662246704
D0004,T0169,0,0.3493787050247192
D0004,T0170,0,0.3673265278339386
D0004,T0171,0,0.3631086051464081
D0004,T0172,0,0.3863425552845001
D0004,T0173,0,0.3687166571617126
D0004,T0174,0,0.3692584931850433
D0004,T0175,0,0.3697836399078369
D0004,T0176,0,0.3657954335212707
D0004,T0177,0,0.3621124923229217
D0004,T0178,0,0.3631100654602051
D0004,T0179,0,0.3792168200016022
D0004,T0180,0,0.4203448295593261
D0004,T0181,0,0.3741576373577118
D0004,T0182,0,0.3663277626037597
D0004,T0183,0,0.438863456249237
D0004,T0184,0,0.381617933511734
D0004,T0185,0,0.3654632270336151
D0004,T0186,0,0.3511160016059875
D0004,T0187,0,0.4302563369274139
D0004,T0188,0,0.4126604497432709
D0004,T0189,0,0.396405428647995
D0004,T0190,0,0.37498340010643
D0004,T0191,0,0.3823238015174866
D0004,T0192,0,0.3711874186992645
D0004,T0193,0,0.3959323167800903
D0004,T0194,0,0.3959323167800903
D0004,T0195,0,0.3954684138298034
D0004,T0196,0,0.3953700065612793
D0004,T0197,0,0.3423633873462677
D0004,T0198,0,0.3532925248146057
D0004,T0199,0,0.3431615233421325
D0004,T0200,0,0.4859560430049896
D0004,T0201,0,0.4859560430049896
D0004,T0202,0,0.4859559834003448
D0004,T0203,0,0.4859560430049896
D0004,T0204,0,0.4859560430049896
D0004,T0205,0,0.4859559834003448
D0004,T0206,0,0.4859560430049896
D0004,T0207,0,0.4859560430049896
D0004,T0208,0,0.346977174282074
D0004,T0209,0,0.3438412547111511
D0004,T0210,0,0.360230952501297
D0004,T0211,0,0.3684559762477875
D0004,T0212,0,0.3624590337276459
D0004,T0213,0,0.3585324585437774
D0004,T0214,0,0.6452636122703552
D0004,T0215,0,0.345240831375122
D0004,T0216,0,0.345240831375122
D0004,T0217,0,0.3458594083786011
D0004,T0218,0,0.3662284314632416
D0004,T0219,0,0.3406511545181274
D0004,T0220,0,0.3658530712127685
D0004,T0221,0,0.3543139994144439
D0004,T0222,0,0.3478209674358368
D0004,T0223,0,0.4240866601467132
D0004,T0224,0,0.3725622892379761
D0004,T0225,0,0.3748886883258819
D0004,T0226,0,0.4173886179924011
D0004,T0227,0,0.4261746108531952
D0004,T0228,0,0.4914239048957824
D0004,T0229,0,0.4368843734264374
D0004,T0230,0,0.3476934432983398
D0004,T0231,0,0.3674595654010772
D0004,T0232,0,0.3552680909633636
D0004,T0233,0,0.3567405045032501
D0004,T0234,0,0.355947732925415
D0004,T0235,0,0.3532831966876983
D0004,T0236,0,0.360322505235672
D0004,T0237,0,0.4737156629562378
D0004,T0238,0,0.4794536828994751
D0004,T0239,0,0.3925513625144958
D0004,T0240,0,0.3957139849662781
D0004,T0241,0,0.4573315680027008
D0004,T0242,0,0.3983137905597687
D0004,T0243,0,0.3840173184871673
D0004,T0244,0,0.3638626039028168
D0004,T0245,0,0.3635928630828857
D0004,T0246,0,0.3635928630828857
D0004,T0247,0,0.3635928630828857
D0004,T0248,0,0.5358421206474304
D0004,T0249,0,0.3784769177436828
D0004,T0250,0,0.3738478124141693
D0004,T0251,0,0.3889408111572265
D0004,T0252,0,0.4309858977794647
D0004,T0253,0,0.3688872456550598
D0004,T0254,0,0.356087327003479
D0004,T0255,0,0.3617744743824005
D0004,T0256,0,0.3557874262332916
D0004,T0257,0,0.3585424423217773
D0004,T0258,0,0.4182682931423187
D0004,T0259,0,0.361796885728836
D0004,T0260,0,0.4291056990623474
D0004,T0261,0,0.4408635199069977
D0004,T0262,0,0.438211977481842
D0004,T0263,0,0.3643752634525299
D0004,T0264,0,0.401743084192276
D0004,T0265,0,0.3559586405754089
D0004,T0266,0,0.4142535626888275
D0004,T0267,0,0.4114317595958709
D0004,T0268,0,0.3562949001789093
D0004,T0269,0,0.3541852831840515
D0004,T0270,0,0.3508694469928741
D0004,T0271,0,0.3495714962482452
D0004,T0272,0,0.3594588041305542
D0004,T0273,0,0.3714936077594757
D0004,T0274,0,0.3512133657932281
D0004,T0275,0,0.3523393273353576
D0004,T0276,0,0.3697606325149536
D0004,T0277,0,0.366786926984787
D0004,T0278,0,0.3600962162017822
D0004,T0279,0,0.3569899797439575
D0004,T0280,0,0.3381737172603607
D0004,T0281,0,0.3522855639457702
D0004,T0282,0,0.3516902327537536
D0004,T0283,0,0.3698316514492035
D0004,T0284,0,0.3841312825679779
D0004,T0285,0,0.3607878088951111
D0004,T0286,0,0.3704769909381866
D0004,T0287,0,0.3744427561759949
D0004,T0288,0,0.4350634515285492
D0004,T0289,0,0.4395399689674377
D0004,T0290,0,0.4427331387996673
D0004,T0291,0,0.3971878290176391
D0004,T0292,0,0.3986852765083313
D0004,T0293,0,0.4077350497245788
D0004,T0294,0,0.3786831200122833
D0004,T0295,0,0.3718620240688324
D0004,T0296,0,0.3701135218143463
D0004,T0297,0,0.5579156279563904
D0004,T0298,0,0.4940704107284546
D0004,T0299,0,0.3510279059410095
D0004,T0300,0,0.3814392387866974
D0004,T0301,0,0.3587260544300079
D0004,T0302,0,0.3769311904907226
D0004,T0303,0,0.3841950297355652
D0004,T0304,0,0.3923825919628143
D0004,T0305,0,0.3861922323703766
D0004,T0306,0,0.3396463692188263
D0004,T0307,0,0.347396045923233
D0004,T0308,0,0.3451260030269623
D0004,T0309,0,0.3451260030269623
D0004,T0310,0,0.3451260030269623
D0004,T0311,0,0.3451260030269623
D0004,T0312,0,0.3451260030269623
D0004,T0313,0,0.3451260030269623
D0004,T0314,0,0.3451260030269623
D0004,T0315,0,0.3451260030269623
D0004,T0316,0,0.3451260030269623
D0004,T0317,0,0.3451260030269623
D0004,T0318,0,0.3451234698295593
D0004,T0319,0,0.339667946100235
D0004,T0320,0,0.3432385623455047
D0004,T0321,0,0.3538664877414703
D0004,T0322,0,0.3549200594425201
D0004,T0323,0,0.3582693636417389
D0004,T0324,0,0.3608990013599396
D0004,T0325,0,0.3596856892108917
D0004,T0326,0,0.360891193151474
D0004,T0327,0,0.4142126142978668
D0004,T0328,0,0.3995449542999267
D0004,T0329,0,0.3806399405002594
D0004,T0330,0,0.3800249099731445
D0004,T0331,0,0.3341575264930725
D0004,T0332,0,0.3677204549312591
D0004,T0333,0,0.3624900281429291
D0004,T0334,0,0.3766353726387024
D0004,T0335,0,0.3482024073600769
D0004,T0336,0,0.3481320440769195
D0004,T0337,0,0.3556959629058838
D0004,T0338,0,0.4846509397029876
D0004,T0339,0,0.3851856291294098
D0004,T0340,0,0.3956435918807983
D0004,T0341,0,0.390146940946579
D0004,T0342,0,0.3648482263088226
D0004,T0343,0,0.4019377529621124
D0004,T0344,0,0.3495520353317261
D0004,T0345,0,0.3495340645313263
D0004,T0346,0,0.3486963510513305
D0004,T0347,0,0.3629567921161651
D0004,T0348,0,0.3751285970211029
D0004,T0349,0,0.3375455141067505
D0004,T0350,0,0.3815064430236816
D0004,T0351,0,0.3812991082668304
D0004,T0352,0,0.3788718581199646
D0004,T0353,0,0.3723690211772918
D0004,T0354,0,0.3588700592517853
D0004,T0355,0,0.4497289061546325
D0004,T0356,0,0.4497289061546325
D0004,T0357,0,0.4497289061546325
D0004,T0358,0,0.4497289061546325
D0004,T0359,0,0.375102698802948
D0004,T0360,0,0.345432311296463
D0004,T0361,0,0.3421259522438049
D0004,T0362,0,0.3738684356212616
D0004,T0363,0,0.3807885944843292
D0004,T0364,0,0.356766015291214
D0004,T0365,0,0.3814164400100708
D0004,T0366,0,0.3498230576515198
D0004,T0367,0,0.3499958515167236
D0004,T0368,0,0.3641276657581329
D0004,T0369,0,0.3470091819763183
D0004,T0370,0,0.3470091819763183
D0004,T0371,0,0.3399006426334381
D0004,T0372,0,0.3399006426334381
D0004,T0373,0,0.3498998582363128
D0004,T0374,0,0.3498998582363128
D0004,T0375,0,0.3534496426582336
D0004,T0376,0,0.3484850525856018
D0004,T0377,0,0.3484851121902466
D0004,T0378,0,0.3439525663852691
D0004,T0379,0,0.3439525663852691
D0004,T0380,0,0.3518308699131012
D0004,T0381,0,0.3716726005077362
D0004,T0382,0,0.359166145324707
D0004,T0383,0,0.3593974411487579
D0004,T0384,0,0.3657336831092834
D0004,T0385,0,0.3814258873462677
D0004,T0386,0,0.6219455599784851
D0004,T0387,0,0.3751337826251983
D0004,T0388,0,0.3639399707317352
D0004,T0389,0,0.3546548783779144
D0004,T0390,0,0.3773753046989441
D0004,T0391,0,0.3473864197731018
D0004,T0392,0,0.3569911420345306
D0004,T0393,0,0.3591464459896087
D0004,T0394,0,0.4456075131893158
D0004,T0395,0,0.3836744725704193
D0004,T0396,0,0.6573925614356995
D0004,T0397,0,0.350989431142807
D0004,T0398,0,0.365389883518219
D0004,T0399,0,0.3621959090232849
D0004,T0400,0,0.383089542388916
D0004,T0401,0,0.3838441073894501
D0004,T0402,0,0.3763716518878937
D0004,T0403,0,0.3775067925453186
D0004,T0404,0,0.355783462524414
D0004,T0405,0,0.3635130226612091
D0004,T0406,0,0.3577295541763305
D0004,T0407,0,0.350383996963501
D0004,T0408,0,0.3474723100662231
D0004,T0409,0,0.3769079446792602
D0004,T0410,0,0.413206934928894
D0004,T0411,0,0.3589994609355926
D0004,T0412,0,0.3601610660552978
D0004,T0413,0,0.5020008683204651
D0004,T0414,0,0.3758332133293152
D0004,T0415,0,0.3562334477901459
D0004,T0416,0,0.3593966364860534
D0004,T0417,0,0.3607074618339538
D0004,T0418,0,0.3941423892974853
D0004,T0419,0,0.3791628181934356
D0004,T0420,0,0.3611131310462951
D0004,T0421,0,0.3537545502185821
D0004,T0422,0,0.3688383102416992
D0004,T0423,0,0.3683961927890777
D0004,T0424,0,0.3639216423034668
D0004,T0425,0,0.3639216423034668
D0004,T0426,0,0.3530991673469543
D0004,T0427,0,0.3969648480415344
D0004,T0428,0,0.3883297443389892
D0004,T0429,0,0.3675826787948608
D0004,T0430,0,0.4364572167396545
D0004,T0431,0,0.3424394130706787
D0004,T0432,0,0.325463056564331
D0004,T0433,0,0.3312816917896271
D0004,T0434,0,0.3522529900074005
D0004,T0435,0,0.3503344357013702
D0004,T0436,0,0.3453052937984466
D0004,T0437,0,0.3653198778629303
D0004,T0438,0,0.4350366294384002
D0004,T0439,0,0.6732144355773926
D0004,T0440,0,0.3761367499828338
D0004,T0441,0,0.3532637357711792
D0005,T0000,0,0.3280238211154938
D0005,T0001,0,0.3694594502449035
D0005,T0002,0,0.3694594502449035
D0005,T0003,0,0.3694594502449035
D0005,T0004,0,0.3694594502449035
D0005,T0005,0,0.3694594502449035
D0005,T0006,0,0.3694594502449035
D0005,T0007,0,0.3694594502449035
D0005,T0008,0,0.3694594502449035
D0005,T0009,0,0.3694594502449035
D0005,T0010,0,0.3694594502449035
D0005,T0011,0,0.3694594204425812
D0005,T0012,0,0.3694594502449035
D0005,T0013,0,0.3694594502449035
D0005,T0014,0,0.3694594502449035
D0005,T0015,0,0.3694594502449035
D0005,T0016,0,0.3776160776615143
D0005,T0017,0,0.356148362159729
D0005,T0018,0,0.3519895076751709
D0005,T0019,0,0.3548831343650818
D0005,T0020,0,0.3717789351940155
D0005,T0021,0,0.3648441731929779
D0005,T0022,0,0.3437716960906982
D0005,T0023,0,0.3550154566764831
D0005,T0024,0,0.3425470292568207
D0005,T0025,0,0.345160037279129
D0005,T0026,0,0.3479042649269104
D0005,T0027,0,0.3668185472488403
D0005,T0028,0,0.353522390127182
D0005,T0029,0,0.3654922842979431
D0005,T0030,0,0.3389444947242737
D0005,T0031,0,0.3663788735866546
D0005,T0032,0,0.3449741899967193
D0005,T0033,0,0.3511347770690918
D0005,T0034,0,0.3444487452507019
D0005,T0035,0,0.3612437844276428
D0005,T0036,0,0.3486596941947937
D0005,T0037,0,0.337680846452713
D0005,T0038,0,0.3540861010551452
D0005,T0039,0,0.3219511210918426
D0005,T0040,0,0.3565013408660888
D0005,T0041,0,0.3762501776218414
D0005,T0042,0,0.3637597560882568
D0005,T0043,0,0.3928420543670654
D0005,T0044,0,0.3951242566108703
D0005,T0045,0,0.3951242566108703
D0005,T0046,0,0.3851825594902038
D0005,T0047,0,0.3512020111083984
D0005,T0048,0,0.3538300395011902
D0005,T0049,0,0.407367467880249
D0005,T0050,0,0.3387272655963897
D0005,T0051,0,0.3434421420097351
D0005,T0052,0,0.3524916768074035
D0005,T0053,0,0.3509609699249267
D0005,T0054,0,0.3517052233219147
D0005,T0055,0,0.3422815203666687
D0005,T0056,0,0.3501003682613373
D0005,T0057,0,0.348974734544754
D0005,T0058,0,0.3275381922721863
D0005,T0059,0,0.3289769291877746
D0005,T0060,0,0.3666166365146637
D0005,T0061,0,0.3436548411846161
D0005,T0062,0,0.3447240591049194
D0005,T0063,0,0.3652417957782745
D0005,T0064,0,0.3378022313117981
D0005,T0065,0,0.3509713113307953
D0005,T0066,0,0.34908127784729
D0005,T0067,1,0.3497259318828583
D0005,T0068,1,0.3497259318828583
D0005,T0069,0,0.3498338758945465
D0005,T0070,1,0.3548604547977447
D0005,T0071,0,0.336137980222702
D0005,T0072,1,0.3503239750862121
D0005,T0073,0,0.3650054931640625
D0005,T0074,0,0.3645414113998413
D0005,T0075,0,0.3580818176269531
D0005,T0076,1,0.3714219629764557
D0005,T0077,0,0.3570966124534607
D0005,T0078,0,0.372532308101654
D0005,T0079,0,0.3585578203201294
D0005,T0080,0,0.3074508309364319
D0005,T0081,0,0.3111704289913177
D0005,T0082,0,0.3176309466361999
D0005,T0083,0,0.3080846965312958
D0005,T0084,0,0.361567884683609
D0005,T0085,0,0.3811129033565521
D0005,T0086,0,0.3443662226200104
D0005,T0087,0,0.3421025276184082
D0005,T0088,0,0.3432213962078094
D0005,T0089,0,0.3438126146793365
D0005,T0090,0,0.3439139127731323
D0005,T0091,0,0.3438817858695984
D0005,T0092,0,0.3446552157402038
D0005,T0093,0,0.3263984322547912
D0005,T0094,0,0.3251832723617553
D0005,T0095,0,0.3816015124320984
D0005,T0096,0,0.3566584885120392
D0005,T0097,0,0.3468635678291321
D0005,T0098,0,0.3545564115047455
D0005,T0099,0,0.3440827429294586
D0005,T0100,0,0.3436562120914459
D0005,T0101,0,0.3732694983482361
D0005,T0102,0,0.3777618408203125
D0005,T0103,0,0.3721169829368591
D0005,T0104,0,0.353490263223648
D0005,T0105,0,0.3434028327465057
D0005,T0106,0,0.3514153063297272
D0005,T0107,0,0.353007823228836
D0005,T0108,0,0.3387290239334106
D0005,T0109,0,0.3310592174530029
D0005,T0110,0,0.3395686149597168
D0005,T0111,0,0.3279384970664978
D0005,T0112,0,0.3424079418182373
D0005,T0113,0,0.3424079418182373
D0005,T0114,0,0.3424079418182373
D0005,T0115,0,0.3424079418182373
D0005,T0116,0,0.3424079418182373
D0005,T0117,0,0.3424079418182373
D0005,T0118,0,0.3424079418182373
D0005,T0119,0,0.3424079418182373
D0005,T0120,0,0.3424079418182373
D0005,T0121,0,0.3424079418182373
D0005,T0122,0,0.3424079418182373
D0005,T0123,0,0.3424079418182373
D0005,T0124,0,0.3322520852088928
D0005,T0125,0,0.3528943657875061
D0005,T0126,0,0.3467774093151092
D0005,T0127,0,0.3438630104064941
D0005,T0128,0,0.3507923781871795
D0005,T0129,0,0.3484822511672973
D0005,T0130,0,0.3555196225643158
D0005,T0131,0,0.3679019212722778
D0005,T0132,0,0.3558107018470764
D0005,T0133,0,0.3413762152194977
D0005,T0134,0,0.3545932471752167
D0005,T0135,0,0.3404833376407623
D0005,T0136,0,0.3463240563869476
D0005,T0137,0,0.3411336541175842
D0005,T0138,0,0.3549085259437561
D0005,T0139,0,0.3504310846328735
D0005,T0140,0,0.349759966135025
D0005,T0141,0,0.3350573778152466
D0005,T0142,0,0.3379311561584472
D0005,T0143,0,0.3264782428741455
D0005,T0144,0,0.3270362615585327
D0005,T0145,0,0.3543622493743896
D0005,T0146,0,0.3538664877414703
D0005,T0147,0,0.3431094586849212
D0005,T0148,0,0.35810187458992
D0005,T0149,0,0.3347713947296142
D0005,T0150,0,0.3435834050178528
D0005,T0151,0,0.3444937169551849
D0005,T0152,0,0.3445389866828918
D0005,T0153,0,0.3663740158081054
D0005,T0154,0,0.3663740158081054
D0005,T0155,0,0.3487361967563629
D0005,T0156,0,0.330480694770813
D0005,T0157,0,0.3689398169517517
D0005,T0158,0,0.3323244154453277
D0005,T0159,0,0.3323244154453277
D0005,T0160,0,0.3323244154453277
D0005,T0161,0,0.3323244154453277
D0005,T0162,0,0.3323244154453277
D0005,T0163,0,0.3323244154453277
D0005,T0164,0,0.3323244154453277
D0005,T0165,0,0.3646968007087707
D0005,T0166,0,0.3766192495822906
D0005,T0167,0,0.3223209083080292
D0005,T0168,0,0.4294047951698303
D0005,T0169,0,0.3303553760051727
D0005,T0170,0,0.3419521749019623
D0005,T0171,0,0.3368107378482818
D0005,T0172,0,0.3421376645565033
D0005,T0173,0,0.3709171116352081
D0005,T0174,0,0.3707574903964996
D0005,T0175,0,0.3290712535381317
D0005,T0176,0,0.3358342945575714
D0005,T0177,0,0.3338868916034698
D0005,T0178,0,0.3347904682159424
D0005,T0179,0,0.3581101298332214
D0005,T0180,0,0.3543661534786224
D0005,T0181,0,0.3834980130195617
D0005,T0182,1,0.3610210120677948
D0005,T0183,0,0.3617391586303711
D0005,T0184,0,0.362830251455307
D0005,T0185,0,0.3736073076725006
D0005,T0186,0,0.3261441886425018
D0005,T0187,0,0.3738336861133575
D0005,T0188,0,0.3687073588371277
D0005,T0189,0,0.3543042540550232
D0005,T0190,0,0.353547066450119
D0005,T0191,0,0.355497807264328
D0005,T0192,0,0.3958537578582763
D0005,T0193,0,0.3909058570861816
D0005,T0194,0,0.3909058570861816
D0005,T0195,0,0.4111686646938324
D0005,T0196,0,0.3986098766326904
D0005,T0197,0,0.3214752674102783
D0005,T0198,0,0.3284872174263
D0005,T0199,0,0.3215208053588867
D0005,T0200,0,0.3674659729003906
D0005,T0201,0,0.367466002702713
D0005,T0202,0,0.3674659729003906
D0005,T0203,0,0.3674659729003906
D0005,T0204,0,0.3674659729003906
D0005,T0205,0,0.3674659729003906
D0005,T0206,0,0.3674659729003906
D0005,T0207,0,0.3674659729003906
D0005,T0208,0,0.3527050912380218
D0005,T0209,0,0.3464679419994354
D0005,T0210,0,0.3195095956325531
D0005,T0211,0,0.3402881324291229
D0005,T0212,0,0.3396248817443847
D0005,T0213,0,0.3474187552928924
D0005,T0214,0,0.3613410592079162
D0005,T0215,0,0.3256347477436065
D0005,T0216,0,0.3256347477436065
D0005,T0217,0,0.3438375294208526
D0005,T0218,0,0.3281141817569732
D0005,T0219,0,0.362807422876358
D0005,T0220,1,0.3576217293739319
D0005,T0221,0,0.3743654191493988
D0005,T0222,0,0.3326035737991333
D0005,T0223,0,0.366302341222763
D0005,T0224,0,0.3606550097465515
D0005,T0225,0,0.3795215189456939
D0005,T0226,0,0.3540686368942261
D0005,T0227,0,0.3497197926044464
D0005,T0228,0,0.3629063367843628
D0005,T0229,0,0.345765471458435
D0005,T0230,0,0.3413968980312347
D0005,T0231,0,0.3624940514564514
D0005,T0232,0,0.3418582379817962
D0005,T0233,0,0.3410061001777649
D0005,T0234,0,0.3422406911849975
D0005,T0235,0,0.3422639071941376
D0005,T0236,0,0.3549732565879822
D0005,T0237,0,0.3513829410076141
D0005,T0238,0,0.3531911671161651
D0005,T0239,0,0.386051207780838
D0005,T0240,0,0.3763386011123657
D0005,T0241,0,0.3690524399280548
D0005,T0242,0,0.3781684339046478
D0005,T0243,0,0.3672995865345001
D0005,T0244,0,0.3357560932636261
D0005,T0245,0,0.3820458352565765
D0005,T0246,0,0.3820458054542541
D0005,T0247,0,0.3820458054542541
D0005,T0248,0,0.3649553954601288
D0005,T0249,0,0.3742060661315918
D0005,T0250,0,0.3525510430335998
D0005,T0251,0,0.3686266541481018
D0005,T0252,0,0.3517781794071197
D0005,T0253,0,0.349672794342041
D0005,T0254,0,0.3394068777561188
D0005,T0255,0,0.3571281135082245
D0005,T0256,0,0.347438097000122
D0005,T0257,0,0.3587621450424194
D0005,T0258,0,0.3471554517745971
D0005,T0259,0,0.3699772357940674
D0005,T0260,0,0.3490815460681915
D0005,T0261,0,0.3623793423175812
D0005,T0262,0,0.3663623034954071
D0005,T0263,0,0.3678849339485168
D0005,T0264,0,0.365635335445404
D0005,T0265,0,0.3477466404438019
D0005,T0266,0,0.3424806296825409
D0005,T0267,0,0.3556658029556274
D0005,T0268,0,0.3361451923847198
D0005,T0269,0,0.3381903171539306
D0005,T0270,0,0.3444266617298126
D0005,T0271,0,0.3402021825313568
D0005,T0272,0,0.3375022113323211
D0005,T0273,0,0.3383156955242157
D0005,T0274,0,0.3317830264568329
D0005,T0275,0,0.3357701599597931
D0005,T0276,0,0.3369411826133728
D0005,T0277,0,0.33270925283432
D0005,T0278,0,0.3414776027202606
D0005,T0279,0,0.3417302370071411
D0005,T0280,0,0.3276774287223816
D0005,T0281,0,0.3405997455120086
D0005,T0282,0,0.3428646028041839
D0005,T0283,0,0.3351723551750183
D0005,T0284,0,0.3700215816497803
D0005,T0285,0,0.3548387885093689
D0005,T0286,0,0.365277498960495
D0005,T0287,0,0.3652934730052948
D0005,T0288,0,0.3702876567840576
D0005,T0289,0,0.3730904161930084
D0005,T0290,0,0.3627174496650696
D0005,T0291,0,0.3706755340099334
D0005,T0292,0,0.3614344298839569
D0005,T0293,0,0.3763441741466522
D0005,T0294,0,0.3654385507106781
D0005,T0295,0,0.3608885109424591
D0005,T0296,0,0.3628234267234802
D0005,T0297,0,0.3585380911827087
D0005,T0298,0,0.3552874624729156
D0005,T0299,0,0.3473406434059143
D0005,T0300,0,0.3564118146896362
D0005,T0301,0,0.3332468271255493
D0005,T0302,0,0.3511432111263275
D0005,T0303,0,0.3553167581558227
D0005,T0304,0,0.3704681694507599
D0005,T0305,0,0.3579588532447815
D0005,T0306,0,0.3547890484333038
D0005,T0307,0,0.3483920395374298
D0005,T0308,0,0.3435875177383423
D0005,T0309,0,0.3435875177383423
D0005,T0310,0,0.3435875177383423
D0005,T0311,0,0.3435875177383423
D0005,T0312,0,0.3435875177383423
D0005,T0313,0,0.3435875177383423
D0005,T0314,0,0.3435875177383423
D0005,T0315,0,0.3435875177383423
D0005,T0316,0,0.3435875177383423
D0005,T0317,0,0.3435875177383423
D0005,T0318,0,0.3475376069545746
D0005,T0319,0,0.3426201343536377
D0005,T0320,0,0.3457662761211395
D0005,T0321,0,0.3341661691665649
D0005,T0322,0,0.3346628546714782
D0005,T0323,0,0.3343835175037384
D0005,T0324,0,0.3526034355163574
D0005,T0325,0,0.3785343468189239
D0005,T0326,0,0.3812912106513977
D0005,T0327,0,0.4002406895160675
D0005,T0328,0,0.3903179466724396
D0005,T0329,0,0.3579706251621246
D0005,T0330,0,0.3589252233505249
D0005,T0331,0,0.3204572796821594
D0005,T0332,0,0.3488016724586487
D0005,T0333,0,0.3361754715442657
D0005,T0334,0,0.3841865062713623
D0005,T0335,0,0.3320660591125488
D0005,T0336,0,0.3331234455108642
D0005,T0337,0,0.3532296419143677
D0005,T0338,0,0.3566340506076813
D0005,T0339,0,0.3852857649326324
D0005,T0340,0,0.3896491229534149
D0005,T0341,0,0.3844142556190491
D0005,T0342,0,0.356330394744873
D0005,T0343,0,0.3838838934898376
D0005,T0344,0,0.341522753238678
D0005,T0345,0,0.3390451669692993
D0005,T0346,0,0.3374774754047394
D0005,T0347,0,0.3495726883411407
D0005,T0348,0,0.3424105048179626
D0005,T0349,0,0.3188934028148651
D0005,T0350,0,0.3568859398365021
D0005,T0351,0,0.3242927193641662
D0005,T0352,0,0.3951389789581299
D0005,T0353,0,0.3600169420242309
D0005,T0354,0,0.3933236300945282
D0005,T0355,0,0.3863709568977356
D0005,T0356,0,0.3863709568977356
D0005,T0357,0,0.3863709568977356
D0005,T0358,0,0.3863709568977356
D0005,T0359,0,0.3368676304817199
D0005,T0360,0,0.3339030146598816
D0005,T0361,0,0.3319314122200012
D0005,T0362,0,0.3914310336112976
D0005,T0363,0,0.4001886546611786
D0005,T0364,0,0.3493531048297882
D0005,T0365,0,0.3747401833534241
D0005,T0366,0,0.3567607998847961
D0005,T0367,0,0.3656543493270874
D0005,T0368,0,0.3585069477558136
D0005,T0369,0,0.3497081100940704
D0005,T0370,0,0.3497081100940704
D0005,T0371,0,0.3261814713478088
D0005,T0372,0,0.3261815309524536
D0005,T0373,0,0.3476546704769134
D0005,T0374,0,0.3476546704769134
D0005,T0375,0,0.3529217839241028
D0005,T0376,0,0.3477257788181305
D0005,T0377,0,0.3477257788181305
D0005,T0378,0,0.3393073678016662
D0005,T0379,0,0.3393073678016662
D0005,T0380,0,0.3310270309448242
D0005,T0381,0,0.3606636524200439
D0005,T0382,0,0.3316108882427215
D0005,T0383,0,0.3306826055049896
D0005,T0384,0,0.3651201426982879
D0005,T0385,0,0.3734710216522217
D0005,T0386,0,0.3520541191101074
D0005,T0387,0,0.3512321412563324
D0005,T0388,0,0.3602955341339111
D0005,T0389,0,0.3256256282329559
D0005,T0390,0,0.3894807398319244
D0005,T0391,0,0.3228574991226196
D0005,T0392,0,0.3264992833137512
D0005,T0393,0,0.3253895342350006
D0005,T0394,0,0.3530011475086212
D0005,T0395,0,0.3779586553573608
D0005,T0396,0,0.3879100084304809
D0005,T0397,0,0.3354671895503998
D0005,T0398,0,0.3377026915550232
D0005,T0399,0,0.3730272948741913
D0005,T0400,0,0.3807497918605804
D0005,T0401,0,0.3737398087978363
D0005,T0402,0,0.3650552928447723
D0005,T0403,0,0.3693736791610718
D0005,T0404,0,0.3212619423866272
D0005,T0405,0,0.3835573494434356
D0005,T0406,0,0.3348443806171417
D0005,T0407,0,0.3468962907791137
D0005,T0408,0,0.3382196724414825
D0005,T0409,0,0.3706810772418976
D0005,T0410,0,0.3740619122982025
D0005,T0411,0,0.3292165696620941
D0005,T0412,0,0.3313045501708984
D0005,T0413,0,0.3599708080291748
D0005,T0414,0,0.3766224384307861
D0005,T0415,0,0.3534116446971893
D0005,T0416,0,0.3669037520885467
D0005,T0417,0,0.3295526206493377
D0005,T0418,0,0.3505794107913971
D0005,T0419,0,0.3439878821372986
D0005,T0420,0,0.3712323009967804
D0005,T0421,0,0.3390368223190307
D0005,T0422,0,0.3203663825988769
D0005,T0423,0,0.3947933316230774
D0005,T0424,0,0.3481239676475525
D0005,T0425,0,0.3481239676475525
D0005,T0426,0,0.346766322851181
D0005,T0427,0,0.3664044141769409
D0005,T0428,0,0.3634784519672394
D0005,T0429,0,0.3446848690509796
D0005,T0430,0,0.3644979298114776
D0005,T0431,0,0.3266882598400116
D0005,T0432,0,0.3182847797870636
D0005,T0433,0,0.3177158236503601
D0005,T0434,0,0.3479717075824737
D0005,T0435,0,0.3517833054065704
D0005,T0436,0,0.3518350422382355
D0005,T0437,0,0.338392823934555
D0005,T0438,0,0.3604938685894012
D0005,T0439,0,0.3698221743106842
D0005,T0440,0,0.3823130130767822
D0005,T0441,0,0.3653343915939331
D0009,T0000,0,0.3424090445041656
D0009,T0001,0,0.3930149376392364
D0009,T0002,0,0.3930149376392364
D0009,T0003,0,0.3930149376392364
D0009,T0004,0,0.3930149376392364
D0009,T0005,0,0.3930149376392364
D0009,T0006,0,0.3930149674415588
D0009,T0007,0,0.3930149376392364
D0009,T0008,0,0.3930149376392364
D0009,T0009,0,0.3930149376392364
D0009,T0010,0,0.3930149376392364
D0009,T0011,0,0.3930149376392364
D0009,T0012,0,0.3930149376392364
D0009,T0013,0,0.3930149376392364
D0009,T0014,0,0.3930149376392364
D0009,T0015,0,0.3930149376392364
D0009,T0016,0,0.3884408175945282
D0009,T0017,0,0.3513754904270172
D0009,T0018,0,0.3482777774333954
D0009,T0019,0,0.347232311964035
D0009,T0020,0,0.3584066927433014
D0009,T0021,0,0.3566524088382721
D0009,T0022,0,0.3357121646404266
D0009,T0023,0,0.3452979624271393
D0009,T0024,0,0.3653493225574493
D0009,T0025,0,0.3679985105991363
D0009,T0026,0,0.3703601956367492
D0009,T0027,0,0.3592326939105987
D0009,T0028,0,0.355796068906784
D0009,T0029,0,0.3693928718566894
D0009,T0030,0,0.3427812755107879
D0009,T0031,0,0.3994362652301788
D0009,T0032,0,0.3471023738384247
D0009,T0033,0,0.3559484779834747
D0009,T0034,0,0.3946065008640289
D0009,T0035,1,0.4114464521408081
D0009,T0036,1,0.429234892129898
D0009,T0037,0,0.3579880595207214
D0009,T0038,0,0.4236944317817688
D0009,T0039,0,0.3517403602600097
D0009,T0040,0,0.3496245145797729
D0009,T0041,0,0.3647090792655945
D0009,T0042,0,0.3582947254180908
D0009,T0043,0,0.3816817104816437
D0009,T0044,0,0.3649003505706787
D0009,T0045,0,0.3649003505706787
D0009,T0046,0,0.3732089102268219
D0009,T0047,0,0.3561145663261413
D0009,T0048,0,0.360729843378067
D0009,T0049,0,0.401469737291336
D0009,T0050,0,0.360452264547348
D0009,T0051,0,0.3606268763542175
D0009,T0052,0,0.3641985356807709
D0009,T0053,0,0.3676842153072357
D0009,T0054,0,0.3651984333992004
D0009,T0055,0,0.3643481731414795
D0009,T0056,0,0.3670670986175537
D0009,T0057,0,0.3506671786308288
D0009,T0058,0,0.3457479476928711
D0009,T0059,0,0.3455788493156433
D0009,T0060,0,0.3841399848461151
D0009,T0061,0,0.3449091017246246
D0009,T0062,0,0.3451531529426574
D0009,T0063,0,0.373948723077774
D0009,T0064,0,0.3415009975433349
D0009,T0065,0,0.3576238453388214
D0009,T0066,0,0.3544141054153442
D0009,T0067,0,0.359605997800827
D0009,T0068,0,0.359605997800827
D0009,T0069,0,0.3491829037666321
D0009,T0070,0,0.3589495122432709
D0009,T0071,0,0.3426327109336853
D0009,T0072,0,0.3516289591789245
D0009,T0073,0,0.3562852442264557
D0009,T0074,0,0.3566659986972809
D0009,T0075,0,0.3525450527667999
D0009,T0076,0,0.3609792292118072
D0009,T0077,0,0.3774532973766327
D0009,T0078,0,0.3741255104541778
D0009,T0079,0,0.3549647629261017
D0009,T0080,0,0.3296961188316345
D0009,T0081,0,0.331708699464798
D0009,T0082,0,0.3357142806053161
D0009,T0083,0,0.3299913108348846
D0009,T0084,0,0.5422478318214417
D0009,T0085,0,0.3659607470035553
D0009,T0086,0,0.3487635254859924
D0009,T0087,0,0.3477376103401184
D0009,T0088,0,0.3471816182136535
D0009,T0089,0,0.3472181856632232
D0009,T0090,0,0.34781414270401
D0009,T0091,0,0.3462853729724884
D0009,T0092,0,0.3457015752792358
D0009,T0093,0,0.3319870829582214
D0009,T0094,0,0.3312320709228515
D0009,T0095,0,0.3697467744350433
D0009,T0096,0,0.3766898214817047
D0009,T0097,0,0.3726216554641723
D0009,T0098,0,0.3932185173034668
D0009,T0099,0,0.3417129814624786
D0009,T0100,0,0.3410130441188812
D0009,T0101,0,0.3757888972759247
D0009,T0102,0,0.4737445414066314
D0009,T0103,0,0.4318808913230896
D0009,T0104,0,0.3420157432556152
D0009,T0105,0,0.3458199203014374
D0009,T0106,0,0.3469819128513336
D0009,T0107,0,0.4078697264194488
D0009,T0108,0,0.3836845159530639
D0009,T0109,0,0.3392669260501861
D0009,T0110,0,0.3464097380638122
D0009,T0111,0,0.3399561941623688
D0009,T0112,0,0.3595268130302429
D0009,T0113,0,0.3595268130302429
D0009,T0114,0,0.3595268130302429
D0009,T0115,0,0.3595268130302429
D0009,T0116,0,0.3595268130302429
D0009,T0117,0,0.3595268130302429
D0009,T0118,0,0.3595268130302429
D0009,T0119,0,0.3595268130302429
D0009,T0120,0,0.3595268130302429
D0009,T0121,0,0.3595268130302429
D0009,T0122,0,0.3595268130302429
D0009,T0123,0,0.3595268130302429
D0009,T0124,0,0.3335556983947754
D0009,T0125,0,0.3576959371566772
D0009,T0126,0,0.3489850759506225
D0009,T0127,0,0.3457284569740295
D0009,T0128,0,0.3501590192317962
D0009,T0129,0,0.3494216203689575
D0009,T0130,0,0.3543049395084381
D0009,T0131,0,0.3580997288227081
D0009,T0132,0,0.3556283414363861
D0009,T0133,0,0.3398012220859527
D0009,T0134,0,0.353702038526535
D0009,T0135,0,0.3430485129356384
D0009,T0136,0,0.3474305272102356
D0009,T0137,0,0.3497886657714844
D0009,T0138,0,0.3644681870937347
D0009,T0139,0,0.3645831644535064
D0009,T0140,0,0.3632936775684356
D0009,T0141,0,0.334628701210022
D0009,T0142,0,0.3375317752361297
D0009,T0143,0,0.3268877267837524
D0009,T0144,0,0.3277299702167511
D0009,T0145,0,0.3405942022800445
D0009,T0146,0,0.3427026569843292
D0009,T0147,0,0.3581275343894958
D0009,T0148,0,0.339602917432785
D0009,T0149,0,0.3409308195114136
D0009,T0150,0,0.3440017700195312
D0009,T0151,0,0.3396574258804321
D0009,T0152,0,0.3394007682800293
D0009,T0153,0,0.3575928807258606
D0009,T0154,0,0.3575929403305053
D0009,T0155,0,0.3410930335521698
D0009,T0156,0,0.3497024476528168
D0009,T0157,0,0.5518900156021118
D0009,T0158,1,0.4383655190467834
D0009,T0159,0,0.4383655190467834
D0009,T0160,0,0.4383655190467834
D0009,T0161,0,0.4383655190467834
D0009,T0162,1,0.4383655488491058
D0009,T0163,0,0.4383655190467834
D0009,T0164,0,0.4383655190467834
D0009,T0165,0,0.43943652510643
D0009,T0166,0,0.3937923908233642
D0009,T0167,0,0.3450228571891784
D0009,T0168,0,0.5127325654029846
D0009,T0169,0,0.343272864818573
D0009,T0170,0,0.3595269024372101
D0009,T0171,0,0.3510542213916778
D0009,T0172,0,0.3651371300220489
D0009,T0173,0,0.3601428568363189
D0009,T0174,0,0.3618002533912658
D0009,T0175,0,0.352243036031723
D0009,T0176,0,0.3485145270824432
D0009,T0177,0,0.3456796109676361
D0009,T0178,0,0.3456531167030334
D0009,T0179,0,0.3653347790241241
D0009,T0180,0,0.3717455863952636
D0009,T0181,0,0.3761998414993286
D0009,T0182,0,0.3555307686328888
D0009,T0183,0,0.3647487163543701
D0009,T0184,0,0.3721396327018738
D0009,T0185,0,0.3653001487255096
D0009,T0186,0,0.3492477536201477
D0009,T0187,0,0.3726364076137543
D0009,T0188,0,0.3737944364547729
D0009,T0189,0,0.3717993497848511
D0009,T0190,0,0.368534654378891
D0009,T0191,0,0.3700055181980133
D0009,T0192,0,0.3696438074111938
D0009,T0193,0,0.397772341966629
D0009,T0194,0,0.397772341966629
D0009,T0195,0,0.3991108536720276
D0009,T0196,0,0.3939569890499115
D0009,T0197,0,0.3354347944259643
D0009,T0198,0,0.3443778157234192
D0009,T0199,0,0.3364349901676178
D0009,T0200,1,0.5674518346786499
D0009,T0201,0,0.5674518346786499
D0009,T0202,0,0.5674518346786499
D0009,T0203,0,0.5674517750740051
D0009,T0204,0,0.5674517750740051
D0009,T0205,1,0.5674517750740051
D0009,T0206,1,0.5674517750740051
D0009,T0207,0,0.5674518346786499
D0009,T0208,0,0.3479540348052978
D0009,T0209,0,0.3433255553245544
D0009,T0210,0,0.3513092696666717
D0009,T0211,0,0.3542514145374298
D0009,T0212,0,0.3494719564914703
D0009,T0213,0,0.3635081648826599
D0009,T0214,0,0.531546413898468
D0009,T0215,0,0.3411115407943725
D0009,T0216,0,0.3411115407943725
D0009,T0217,0,0.3447601795196533
D0009,T0218,0,0.3508810698986053
D0009,T0219,0,0.3492781519889831
D0009,T0220,0,0.355328232049942
D0009,T0221,0,0.3562712371349334
D0009,T0222,0,0.3451599180698395
D0009,T0223,0,0.4023033082485199
D0009,T0224,0,0.3685917556285858
D0009,T0225,0,0.3866979777812958
D0009,T0226,0,0.3814907073974609
D0009,T0227,0,0.3703424036502838
D0009,T0228,0,0.4058526158332824
D0009,T0229,0,0.3665177822113037
D0009,T0230,0,0.3521580696105957
D0009,T0231,0,0.3636399507522583
D0009,T0232,0,0.3544890284538269
D0009,T0233,0,0.3564882576465606
D0009,T0234,0,0.3558708131313324
D0009,T0235,0,0.3516225218772888
D0009,T0236,0,0.3588775992393493
D0009,T0237,0,0.393896609544754
D0009,T0238,0,0.3888136446475982
D0009,T0239,0,0.3784238696098327
D0009,T0240,0,0.3730628788471222
D0009,T0241,1,0.4078086614608764
D0009,T0242,0,0.3870390653610229
D0009,T0243,0,0.3819074630737304
D0009,T0244,0,0.3592269718647003
D0009,T0245,0,0.3698195517063141
D0009,T0246,0,0.3698195517063141
D0009,T0247,0,0.3698195517063141
D0009,T0248,0,0.410087525844574
D0009,T0249,0,0.372997373342514
D0009,T0250,0,0.3615433275699615
D0009,T0251,0,0.3800338208675384
D0009,T0252,0,0.4277187287807464
D0009,T0253,0,0.3620835244655609
D0009,T0254,0,0.3487903773784637
D0009,T0255,0,0.3597203493118286
D0009,T0256,0,0.3445425033569336
D0009,T0257,0,0.3496040105819702
D0009,T0258,0,0.355013906955719
D0009,T0259,0,0.3648258745670318
D0009,T0260,0,0.3591909408569336
D0009,T0261,0,0.3699940741062164
D0009,T0262,0,0.3736676275730133
D0009,T0263,0,0.3674634397029876
D0009,T0264,0,0.3986953794956207
D0009,T0265,0,0.3526870608329773
D0009,T0266,0,0.414355456829071
D0009,T0267,0,0.3931360840797424
D0009,T0268,0,0.3454922437667846
D0009,T0269,0,0.3448050022125244
D0009,T0270,0,0.3473896980285644
D0009,T0271,0,0.3434718251228332
D0009,T0272,0,0.3450969159603119
D0009,T0273,0,0.3452307879924774
D0009,T0274,0,0.3391404449939728
D0009,T0275,0,0.3397540748119354
D0009,T0276,0,0.3450692892074585
D0009,T0277,0,0.3466817438602447
D0009,T0278,0,0.3456966280937195
D0009,T0279,0,0.3434391617774963
D0009,T0280,0,0.3320708274841308
D0009,T0281,0,0.343657374382019
D0009,T0282,0,0.343469887971878
D0009,T0283,0,0.3469466865062713
D0009,T0284,0,0.3697437942028045
D0009,T0285,0,0.3543598651885986
D0009,T0286,0,0.3682671189308166
D0009,T0287,0,0.3685298562049866
D0009,T0288,0,0.4009185433387756
D0009,T0289,0,0.4085412323474884
D0009,T0290,0,0.4118634760379791
D0009,T0291,0,0.3865734338760376
D0009,T0292,0,0.3779290020465851
D0009,T0293,0,0.3903889656066894
D0009,T0294,0,0.3670663833618164
D0009,T0295,0,0.3609661161899566
D0009,T0296,0,0.3602127134799957
D0009,T0297,0,0.5746073126792908
D0009,T0298,0,0.5294128060340881
D0009,T0299,0,0.3461426496505737
D0009,T0300,0,0.3710074424743652
D0009,T0301,0,0.3427222967147827
D0009,T0302,0,0.3579306006431579
D0009,T0303,0,0.3581169843673706
D0009,T0304,0,0.3789263963699341
D0009,T0305,0,0.3747412860393524
D0009,T0306,0,0.3358032703399658
D0009,T0307,0,0.3399132490158081
D0009,T0308,0,0.3378010392189026
D0009,T0309,0,0.3378010988235473
D0009,T0310,0,0.3378010988235473
D0009,T0311,0,0.3378010988235473
D0009,T0312,0,0.3378010392189026
D0009,T0313,0,0.3378010988235473
D0009,T0314,0,0.3378010988235473
D0009,T0315,0,0.3378010988235473
D0009,T0316,0,0.3378010988235473
D0009,T0317,0,0.3378010988235473
D0009,T0318,0,0.3372212946414947
D0009,T0319,0,0.3367025852203369
D0009,T0320,0,0.3364580869674682
D0009,T0321,0,0.335959792137146
D0009,T0322,0,0.3494660854339599
D0009,T0323,0,0.3440628051757812
D0009,T0324,0,0.3604016304016113
D0009,T0325,0,0.3655855059623718
D0009,T0326,0,0.3632550835609436
D0009,T0327,0,0.400505930185318
D0009,T0328,0,0.3916348218917846
D0009,T0329,0,0.3742651343345642
D0009,T0330,0,0.3743519783020019
D0009,T0331,0,0.3308275640010834
D0009,T0332,0,0.3649946451187134
D0009,T0333,0,0.3555975258350372
D0009,T0334,0,0.3846735656261444
D0009,T0335,0,0.3383028209209442
D0009,T0336,0,0.337054580450058
D0009,T0337,0,0.3515971302986145
D0009,T0338,0,0.4472483992576599
D0009,T0339,0,0.3938255906105041
D0009,T0340,0,0.4083295464515686
D0009,T0341,0,0.3996363580226898
D0009,T0342,0,0.3624843955039978
D0009,T0343,0,0.405175507068634
D0009,T0344,0,0.3585507869720459
D0009,T0345,0,0.355748176574707
D0009,T0346,0,0.3561901748180389
D0009,T0347,0,0.3644278049468994
D0009,T0348,0,0.3594419062137604
D0009,T0349,0,0.3280081450939178
D0009,T0350,0,0.3715845644474029
D0009,T0351,0,0.3382618427276611
D0009,T0352,0,0.3796855211257934
D0009,T0353,0,0.3662657141685486
D0009,T0354,0,0.3663182556629181
D0009,T0355,0,0.4359829425811767
D0009,T0356,0,0.4359829425811767
D0009,T0357,0,0.4359829425811767
D0009,T0358,0,0.4359829425811767
D0009,T0359,0,0.3536382615566253
D0009,T0360,0,0.3352238535881042
D0009,T0361,0,0.3469538986682892
D0009,T0362,0,0.3751949071884155
D0009,T0363,0,0.3856081068515777
D0009,T0364,0,0.3534958660602569
D0009,T0365,0,0.3760961294174194
D0009,T0366,0,0.3510347902774811
D0009,T0367,0,0.3589776754379272
D0009,T0368,0,0.3670637607574463
D0009,T0369,0,0.3538840711116791
D0009,T0370,0,0.3538840711116791
D0009,T0371,0,0.3370002210140228
D0009,T0372,0,0.3370002210140228
D0009,T0373,0,0.3508403301239013
D0009,T0374,0,0.3508403301239013
D0009,T0375,0,0.3548346757888794
D0009,T0376,0,0.3507004976272583
D0009,T0377,0,0.3507004976272583
D0009,T0378,0,0.3458669185638428
D0009,T0379,0,0.3458669185638428
D0009,T0380,0,0.3471614420413971
D0009,T0381,0,0.3637982308864593
D0009,T0382,0,0.3541927933692932
D0009,T0383,0,0.3503120243549347
D0009,T0384,0,0.3694457113742828
D0009,T0385,0,0.3910718262195587
D0009,T0386,0,0.5313065052032471
D0009,T0387,0,0.3652257621288299
D0009,T0388,0,0.3633649349212646
D0009,T0389,0,0.3494381010532379
D0009,T0390,0,0.3806306719779968
D0009,T0391,0,0.3362306952476501
D0009,T0392,0,0.3429239988327026
D0009,T0393,0,0.3422485888004303
D0009,T0394,0,0.3790502548217773
D0009,T0395,0,0.3807326555252075
D0009,T0396,0,0.4556303322315216
D0009,T0397,0,0.3417603969573974
D0009,T0398,0,0.3476265072822571
D0009,T0399,0,0.3574862480163574
D0009,T0400,0,0.3839437961578369
D0009,T0401,0,0.3668173253536224
D0009,T0402,0,0.3626174032688141
D0009,T0403,0,0.3651490807533264
D0009,T0404,0,0.3432497978210449
D0009,T0405,0,0.3621174097061157
D0009,T0406,0,0.3450050055980682
D0009,T0407,0,0.345478355884552
D0009,T0408,0,0.338855504989624
D0009,T0409,0,0.3766051828861236
D0009,T0410,0,0.3915271461009979
D0009,T0411,0,0.3443299233913421
D0009,T0412,0,0.3444393277168274
D0009,T0413,0,0.3981498479843139
D0009,T0414,0,0.3728574216365814
D0009,T0415,0,0.3594599664211273
D0009,T0416,0,0.367394357919693
D0009,T0417,0,0.3557475209236145
D0009,T0418,0,0.3866444230079651
D0009,T0419,0,0.3718968033790588
D0009,T0420,0,0.358739972114563
D0009,T0421,0,0.3504533469676971
D0009,T0422,0,0.3485784828662872
D0009,T0423,0,0.3698874413967132
D0009,T0424,0,0.3605898022651672
D0009,T0425,0,0.3605897426605224
D0009,T0426,0,0.3513520956039428
D0009,T0427,0,0.3738182187080383
D0009,T0428,0,0.3681148886680603
D0009,T0429,0,0.3577446937561035
D0009,T0430,0,0.519763171672821
D0009,T0431,0,0.336885005235672
D0009,T0432,0,0.3252623677253723
D0009,T0433,0,0.3248493075370788
D0009,T0434,0,0.353040874004364
D0009,T0435,0,0.3542332649230957
D0009,T0436,0,0.3433425724506378
D0009,T0437,0,0.3512043952941894
D0009,T0438,0,0.3691440522670746
D0009,T0439,0,0.5086018443107605
D0009,T0440,0,0.3708542883396148
D0009,T0441,0,0.3488279581069946
D0012,T0000,0,0.3745679557323456
D0012,T0001,0,0.9773444533348083
D0012,T0002,0,0.9773444533348083
D0012,T0003,0,0.9773444533348083
D0012,T0004,0,0.9773444533348083
D0012,T0005,0,0.9773444533348083
D0012,T0006,0,0.9773444533348083
D0012,T0007,0,0.9773444533348083
D0012,T0008,0,0.9773444533348083
D0012,T0009,0,0.9773444533348083
D0012,T0010,0,0.9773444533348083
D0012,T0011,0,0.9773444533348083
D0012,T0012,0,0.9773444533348083
D0012,T0013,0,0.9773444533348083
D0012,T0014,0,0.9773444533348083
D0012,T0015,0,0.9773444533348083
D0012,T0016,0,0.9698600769042968
D0012,T0017,0,0.3582216501235962
D0012,T0018,0,0.3554934859275818
D0012,T0019,0,0.3513804376125335
D0012,T0020,0,0.3619573712348938
D0012,T0021,0,0.3654509782791137
D0012,T0022,0,0.3428380489349365
D0012,T0023,0,0.3537273108959198
D0012,T0024,0,0.363101452589035
D0012,T0025,0,0.3650005757808685
D0012,T0026,0,0.3659640848636627
D0012,T0027,0,0.3678996562957763
D0012,T0028,0,0.3407486975193023
D0012,T0029,0,0.3552316427230835
D0012,T0030,0,0.3417792618274688
D0012,T0031,0,0.3871934413909912
D0012,T0032,0,0.3560254573822021
D0012,T0033,0,0.3591067492961883
D0012,T0034,0,0.3986780941486358
D0012,T0035,0,0.4030982255935669
D0012,T0036,0,0.4234972298145294
D0012,T0037,0,0.3784408271312713
D0012,T0038,0,0.7207058072090149
D0012,T0039,0,0.3611325621604919
D0012,T0040,0,0.3551546633243561
D0012,T0041,0,0.3718611299991607
D0012,T0042,0,0.3658434152603149
D0012,T0043,0,0.3890108466148376
D0012,T0044,0,0.3737739026546478
D0012,T0045,0,0.3737739026546478
D0012,T0046,0,0.3809064924716949
D0012,T0047,0,0.3663787543773651
D0012,T0048,0,0.3665895164012909
D0012,T0049,0,0.4066157341003418
D0012,T0050,0,0.3449685275554657
D0012,T0051,0,0.3481704890727997
D0012,T0052,0,0.3581093251705169
D0012,T0053,0,0.3540254235267639
D0012,T0054,0,0.3647301495075226
D0012,T0055,0,0.350611537694931
D0012,T0056,0,0.3510365486145019
D0012,T0057,0,0.3518294990062713
D0012,T0058,0,0.3415089845657348
D0012,T0059,0,0.3389889001846313
D0012,T0060,0,0.3794991970062256
D0012,T0061,0,0.4114709794521332
D0012,T0062,0,0.4180258214473724
D0012,T0063,0,0.8432009220123291
D0012,T0064,0,0.713234007358551
D0012,T0065,0,0.4545784890651703
D0012,T0066,0,0.4574458003044128
D0012,T0067,0,0.5135483741760254
D0012,T0068,0,0.5135484337806702
D0012,T0069,0,0.5766720175743103
D0012,T0070,0,0.6265154480934143
D0012,T0071,0,0.6872392892837524
D0012,T0072,0,0.6279097199440002
D0012,T0073,0,0.7318664789199829
D0012,T0074,0,0.576302170753479
D0012,T0075,0,0.800572395324707
D0012,T0076,0,0.6999843120574951
D0012,T0077,0,0.3698256611824035
D0012,T0078,0,0.3743647336959839
D0012,T0079,0,0.355973333120346
D0012,T0080,0,0.3120498657226562
D0012,T0081,0,0.314710408449173
D0012,T0082,0,0.3363168239593506
D0012,T0083,0,0.3115377426147461
D0012,T0084,0,0.9074334502220154
D0012,T0085,0,0.3791692852973938
D0012,T0086,0,0.3601642549037933
D0012,T0087,0,0.3591982126235962
D0012,T0088,0,0.3589067161083221
D0012,T0089,0,0.3588878214359283
D0012,T0090,0,0.3594506680965423
D0012,T0091,0,0.3554928004741668
D0012,T0092,0,0.3551334142684936
D0012,T0093,0,0.3554669618606567
D0012,T0094,0,0.3566889464855194
D0012,T0095,0,0.3734875023365021
D0012,T0096,0,0.3740635812282562
D0012,T0097,0,0.3695451915264129
D0012,T0098,0,0.3767246007919311
D0012,T0099,0,0.3450996279716491
D0012,T0100,0,0.3448493182659149
D0012,T0101,0,0.3739238083362579
D0012,T0102,1,0.9022300839424132
D0012,T0103,0,0.7598551511764526
D0012,T0104,0,0.4673682749271393
D0012,T0105,0,0.3488257527351379
D0012,T0106,0,0.3518518805503845
D0012,T0107,0,0.3777315616607666
D0012,T0108,0,0.3734854459762573
D0012,T0109,0,0.3567216694355011
D0012,T0110,0,0.3766859471797943
D0012,T0111,0,0.355903297662735
D0012,T0112,0,0.3590224385261535
D0012,T0113,0,0.3590224385261535
D0012,T0114,0,0.3590224385261535
D0012,T0115,0,0.3590224385261535
D0012,T0116,0,0.3590224385261535
D0012,T0117,0,0.3590224385261535
D0012,T0118,0,0.3590224385261535
D0012,T0119,0,0.3590224385261535
D0012,T0120,0,0.3590224385261535
D0012,T0121,0,0.3590224385261535
D0012,T0122,0,0.3590224385261535
D0012,T0123,0,0.3590224385261535
D0012,T0124,0,0.3347344696521759
D0012,T0125,0,0.3811990916728973
D0012,T0126,0,0.3608012199401855
D0012,T0127,0,0.3567405939102173
D0012,T0128,0,0.3606015741825104
D0012,T0129,0,0.3568865954875946
D0012,T0130,0,0.361244648694992
D0012,T0131,0,0.3635396659374237
D0012,T0132,0,0.3735855221748352
D0012,T0133,0,0.3455236554145813
D0012,T0134,0,0.3607471585273742
D0012,T0135,0,0.3540994822978973
D0012,T0136,0,0.3778516054153442
D0012,T0137,0,0.3702526688575744
D0012,T0138,0,0.3682431280612945
D0012,T0139,0,0.367461234331131
D0012,T0140,0,0.3655677139759063
D0012,T0141,0,0.4240936934947967
D0012,T0142,0,0.4271210134029388
D0012,T0143,0,0.39479461312294
D0012,T0144,0,0.4001654386520386
D0012,T0145,0,0.4051541984081268
D0012,T0146,0,0.3764014840126037
D0012,T0147,0,0.3555723428726196
D0012,T0148,0,0.3448091447353363
D0012,T0149,0,0.3395885825157165
D0012,T0150,0,0.3454935252666473
D0012,T0151,0,0.3743720352649688
D0012,T0152,0,0.3693746030330658
D0012,T0153,0,0.3817493319511413
D0012,T0154,0,0.3817493319511413
D0012,T0155,0,0.3673568665981293
D0012,T0156,0,0.3559218645095825
D0012,T0157,0,0.8986297249794006
D0012,T0158,0,0.8353110551834106
D0012,T0159,0,0.8353110551834106
D0012,T0160,0,0.8353110551834106
D0012,T0161,0,0.8353110551834106
D0012,T0162,0,0.8353110551834106
D0012,T0163,0,0.8353109955787659
D0012,T0164,0,0.8353109955787659
D0012,T0165,0,0.8405478000640869
D0012,T0166,0,0.4085862338542938
D0012,T0167,0,0.3457566499710083
D0012,T0168,0,0.6102413535118103
D0012,T0169,0,0.3417055308818817
D0012,T0170,0,0.3432257175445556
D0012,T0171,0,0.3395954072475433
D0012,T0172,0,0.3462800085544586
D0012,T0173,0,0.6146302223205566
D0012,T0174,0,0.6874298453330994
D0012,T0175,0,0.3586060106754303
D0012,T0176,0,0.3783857822418213
D0012,T0177,0,0.3726624548435211
D0012,T0178,0,0.3760435581207275
D0012,T0179,0,0.7647320628166199
D0012,T0180,0,0.3794666230678558
D0012,T0181,0,0.3746644556522369
D0012,T0182,0,0.4194620251655578
D0012,T0183,0,0.3736073076725006
D0012,T0184,0,0.3686130940914154
D0012,T0185,0,0.36921426653862
D0012,T0186,0,0.3456953763961792
D0012,T0187,0,0.3786701261997223
D0012,T0188,0,0.3790104389190674
D0012,T0189,0,0.3619757294654846
D0012,T0190,0,0.3632214069366455
D0012,T0191,0,0.366983562707901
D0012,T0192,0,0.3794685006141662
D0012,T0193,0,0.4056125581264496
D0012,T0194,0,0.4056125581264496
D0012,T0195,0,0.4009788632392883
D0012,T0196,0,0.3929881751537323
D0012,T0197,0,0.4146161377429962
D0012,T0198,0,0.4358438551425934
D0012,T0199,0,0.4146415293216705
D0012,T0200,0,0.9030251502990724
D0012,T0201,0,0.9030251502990724
D0012,T0202,0,0.9030252695083618
D0012,T0203,0,0.9030251502990724
D0012,T0204,0,0.9030251502990724
D0012,T0205,0,0.9030251502990724
D0012,T0206,0,0.9030251502990724
D0012,T0207,0,0.9030252695083618
D0012,T0208,0,0.3462303876876831
D0012,T0209,0,0.3433480858802795
D0012,T0210,0,0.3622005581855774
D0012,T0211,0,0.3549182713031769
D0012,T0212,0,0.352647602558136
D0012,T0213,0,0.3752554059028625
D0012,T0214,0,0.4834027588367462
D0012,T0215,0,0.333268791437149
D0012,T0216,0,0.333268791437149
D0012,T0217,0,0.3612881898880005
D0012,T0218,0,0.3660180270671844
D0012,T0219,0,0.4594253897666931
D0012,T0220,0,0.4941964447498321
D0012,T0221,0,0.3657834827899933
D0012,T0222,0,0.3390555381774902
D0012,T0223,0,0.3848633468151092
D0012,T0224,0,0.357701301574707
D0012,T0225,0,0.3911235332489013
D0012,T0226,0,0.3890153169631958
D0012,T0227,0,0.3779903948307037
D0012,T0228,0,0.3899904191493988
D0012,T0229,0,0.3705876171588897
D0012,T0230,0,0.355511724948883
D0012,T0231,0,0.3648430109024048
D0012,T0232,0,0.3525322675704956
D0012,T0233,0,0.3566751778125763
D0012,T0234,0,0.3533013463020324
D0012,T0235,0,0.3585724830627441
D0012,T0236,0,0.3588710427284241
D0012,T0237,0,0.3892358839511871
D0012,T0238,0,0.3837785124778747
D0012,T0239,0,0.3762809336185455
D0012,T0240,0,0.376140683889389
D0012,T0241,0,0.391529768705368
D0012,T0242,0,0.3748897612094879
D0012,T0243,0,0.3731912672519684
D0012,T0244,0,0.371428906917572
D0012,T0245,0,0.4425954818725586
D0012,T0246,0,0.4425954818725586
D0012,T0247,0,0.4425954818725586
D0012,T0248,0,0.3916776478290558
D0012,T0249,0,0.3907996714115143
D0012,T0250,0,0.4172991812229156
D0012,T0251,0,0.4286464750766754
D0012,T0252,0,0.4367545247077942
D0012,T0253,0,0.3566109538078308
D0012,T0254,0,0.3654375672340393
D0012,T0255,0,0.4134933650493622
D0012,T0256,0,0.3470070958137512
D0012,T0257,0,0.352744847536087
D0012,T0258,0,0.3403473198413849
D0012,T0259,0,0.4164411127567291
D0012,T0260,0,0.3437332510948181
D0012,T0261,0,0.3644941449165344
D0012,T0262,0,0.3698604106903076
D0012,T0263,0,0.3746507167816162
D0012,T0264,0,0.6392086744308472
D0012,T0265,0,0.3652815222740173
D0012,T0266,0,0.4262783825397491
D0012,T0267,0,0.3839927911758423
D0012,T0268,0,0.3554666638374328
D0012,T0269,0,0.3548620343208313
D0012,T0270,0,0.3448113203048706
D0012,T0271,0,0.3419757485389709
D0012,T0272,0,0.3395580053329468
D0012,T0273,0,0.3447721600532532
D0012,T0274,0,0.3372681140899658
D0012,T0275,0,0.3393770456314087
D0012,T0276,0,0.3404590487480163
D0012,T0277,0,0.3401618599891662
D0012,T0278,0,0.3460199534893036
D0012,T0279,0,0.3449427485466003
D0012,T0280,0,0.3299093246459961
D0012,T0281,0,0.3505954444408417
D0012,T0282,0,0.6291662454605103
D0012,T0283,0,0.3509732782840729
D0012,T0284,0,0.7317786812782288
D0012,T0285,0,0.5704676508903503
D0012,T0286,0,0.6976832151412964
D0012,T0287,0,0.6219918131828308
D0012,T0288,0,0.3803783655166626
D0012,T0289,0,0.4020061790943146
D0012,T0290,0,0.4219650626182556
D0012,T0291,0,0.3755683600902557
D0012,T0292,0,0.3605726659297943
D0012,T0293,0,0.3783615827560425
D0012,T0294,0,0.7704941034317017
D0012,T0295,0,0.7728301882743835
D0012,T0296,0,0.6590186357498169
D0012,T0297,0,0.9253313541412354
D0012,T0298,0,0.9360851049423218
D0012,T0299,0,0.347330778837204
D0012,T0300,0,0.4311812222003937
D0012,T0301,0,0.4441130459308624
D0012,T0302,0,0.667498767375946
D0012,T0303,0,0.6619085669517517
D0012,T0304,0,0.3871290981769562
D0012,T0305,0,0.3660452365875244
D0012,T0306,0,0.3493245840072632
D0012,T0307,0,0.346631646156311
D0012,T0308,0,0.3441289961338043
D0012,T0309,0,0.3441289961338043
D0012,T0310,0,0.3441289961338043
D0012,T0311,0,0.3441290259361267
D0012,T0312,0,0.3441289961338043
D0012,T0313,0,0.3441290259361267
D0012,T0314,0,0.3441290259361267
D0012,T0315,0,0.3441289961338043
D0012,T0316,0,0.3441289961338043
D0012,T0317,0,0.3441290259361267
D0012,T0318,0,0.3436150848865509
D0012,T0319,0,0.3428711891174316
D0012,T0320,0,0.341819703578949
D0012,T0321,0,0.3442733287811279
D0012,T0322,0,0.3512448072433471
D0012,T0323,0,0.3523353338241577
D0012,T0324,0,0.3664447665214538
D0012,T0325,0,0.3718820810317993
D0012,T0326,0,0.3701432347297668
D0012,T0327,0,0.4175154268741607
D0012,T0328,0,0.3971558809280395
D0012,T0329,0,0.3669414222240448
D0012,T0330,0,0.3669439256191253
D0012,T0331,0,0.3340927362442016
D0012,T0332,0,0.3533140420913696
D0012,T0333,0,0.3447313904762268
D0012,T0334,0,0.3807295560836792
D0012,T0335,0,0.337715595960617
D0012,T0336,0,0.3374109864234924
D0012,T0337,0,0.35136479139328
D0012,T0338,0,0.4423245787620544
D0012,T0339,0,0.3900367021560669
D0012,T0340,0,0.3949052393436432
D0012,T0341,0,0.3911448419094085
D0012,T0342,0,0.3687700629234314
D0012,T0343,0,0.3904826939105987
D0012,T0344,0,0.3557372093200683
D0012,T0345,0,0.3535856902599334
D0012,T0346,0,0.3531084358692169
D0012,T0347,0,0.3673889338970184
D0012,T0348,0,0.3552004396915436
D0012,T0349,0,0.3289256393909454
D0012,T0350,0,0.3643598854541778
D0012,T0351,0,0.3451514542102813
D0012,T0352,0,0.3855197727680206
D0012,T0353,0,0.3659889101982116
D0012,T0354,0,0.3744199573993683
D0012,T0355,0,0.652445375919342
D0012,T0356,0,0.652445375919342
D0012,T0357,0,0.6524454355239868
D0012,T0358,0,0.652445375919342
D0012,T0359,0,0.3529880046844482
D0012,T0360,0,0.3387408554553985
D0012,T0361,0,0.3470241129398346
D0012,T0362,0,0.3786210417747497
D0012,T0363,0,0.393742024898529
D0012,T0364,0,0.3548024296760559
D0012,T0365,0,0.3782126307487488
D0012,T0366,0,0.354046493768692
D0012,T0367,0,0.3623878061771393
D0012,T0368,0,0.3962175250053406
D0012,T0369,0,0.3529922366142273
D0012,T0370,0,0.3529922068119049
D0012,T0371,0,0.3372193574905395
D0012,T0372,0,0.3372193574905395
D0012,T0373,0,0.3480687141418457
D0012,T0374,0,0.3480687141418457
D0012,T0375,0,0.3524572551250458
D0012,T0376,0,0.3477872610092163
D0012,T0377,0,0.3477872610092163
D0012,T0378,0,0.3433887064456939
D0012,T0379,0,0.3433887362480163
D0012,T0380,0,0.3427824676036834
D0012,T0381,0,0.3697667419910431
D0012,T0382,0,0.3488313853740692
D0012,T0383,0,0.3454650342464447
D0012,T0384,0,0.37960284948349
D0012,T0385,0,0.4014020562171936
D0012,T0386,0,0.5845957398414612
D0012,T0387,0,0.3607538044452667
D0012,T0388,0,0.3698272407054901
D0012,T0389,0,0.3580438196659088
D0012,T0390,0,0.3929203152656555
D0012,T0391,0,0.3367752134799957
D0012,T0392,0,0.3420881032943725
D0012,T0393,0,0.3396177291870117
D0012,T0394,0,0.3843213617801666
D0012,T0395,0,0.3815395832061767
D0012,T0396,0,0.4805112481117248
D0012,T0397,0,0.3407311737537384
D0012,T0398,0,0.3541072309017181
D0012,T0399,0,0.359266459941864
D0012,T0400,0,0.4374805092811584
D0012,T0401,0,0.3845520615577698
D0012,T0402,0,0.3808632791042328
D0012,T0403,0,0.3836790323257446
D0012,T0404,0,0.3345289826393127
D0012,T0405,0,0.3746143877506256
D0012,T0406,0,0.3441729843616485
D0012,T0407,0,0.3512164950370788
D0012,T0408,0,0.3429532349109649
D0012,T0409,0,0.450276255607605
D0012,T0410,0,0.440358817577362
D0012,T0411,0,0.3418436646461487
D0012,T0412,0,0.3412488996982574
D0012,T0413,0,0.383980393409729
D0012,T0414,0,0.3761062324047088
D0012,T0415,0,0.363837867975235
D0012,T0416,0,0.3754816949367523
D0012,T0417,0,0.381045401096344
D0012,T0418,0,0.3969360291957855
D0012,T0419,0,0.4117989540100097
D0012,T0420,0,0.3653774261474609
D0012,T0421,0,0.3522776663303375
D0012,T0422,0,0.3437702655792236
D0012,T0423,0,0.3812585175037384
D0012,T0424,0,0.3669175803661346
D0012,T0425,0,0.3669175803661346
D0012,T0426,0,0.4026273787021637
D0012,T0427,0,0.3697531223297119
D0012,T0428,0,0.3625871241092682
D0012,T0429,0,0.3553079962730407
D0012,T0430,0,0.9053452014923096
D0012,T0431,0,0.3430515825748443
D0012,T0432,0,0.3282293379306793
D0012,T0433,0,0.3279953002929687
D0012,T0434,0,0.3577665090560913
D0012,T0435,0,0.3585033416748047
D0012,T0436,0,0.3578598797321319
D0012,T0437,0,0.3548054695129394
D0012,T0438,0,0.3636482954025268
D0012,T0439,0,0.4334284961223602
D0012,T0440,0,0.7091819047927856
D0012,T0441,0,0.3469835221767425
D0016,T0000,0,0.3389532566070556
D0016,T0001,0,0.3454096615314483
D0016,T0002,0,0.3454096615314483
D0016,T0003,0,0.3454096615314483
D0016,T0004,0,0.3454096615314483
D0016,T0005,0,0.3454096615314483
D0016,T0006,0,0.3454096615314483
D0016,T0007,0,0.3454096615314483
D0016,T0008,0,0.3454096615314483
D0016,T0009,0,0.3454096615314483
D0016,T0010,0,0.3454096615314483
D0016,T0011,1,0.3454096615314483
D0016,T0012,1,0.3454096615314483
D0016,T0013,0,0.3454096615314483
D0016,T0014,0,0.3454096615314483
D0016,T0015,0,0.3454096615314483
D0016,T0016,0,0.3523911535739898
D0016,T0017,0,0.3773745000362396
D0016,T0018,0,0.3740663230419159
D0016,T0019,0,0.3700320720672607
D0016,T0020,0,0.381000816822052
D0016,T0021,0,0.3847214579582214
D0016,T0022,0,0.3549209237098694
D0016,T0023,0,0.366958737373352
D0016,T0024,0,0.3644147515296936
D0016,T0025,0,0.3668442964553833
D0016,T0026,0,0.3665339648723602
D0016,T0027,1,0.376515656709671
D0016,T0028,0,0.3404138684272766
D0016,T0029,0,0.3513502478599548
D0016,T0030,0,0.35862797498703
D0016,T0031,0,0.3603054881095886
D0016,T0032,0,0.3501858413219452
D0016,T0033,0,0.3529163002967834
D0016,T0034,0,0.3650976717472076
D0016,T0035,0,0.3869906067848205
D0016,T0036,0,0.3757530748844147
D0016,T0037,1,0.3376958072185516
D0016,T0038,0,0.3594862222671509
D0016,T0039,0,0.3149633407592773
D0016,T0040,0,0.3763225972652435
D0016,T0041,0,0.390508621931076
D0016,T0042,0,0.387197732925415
D0016,T0043,0,0.3958666622638702
D0016,T0044,0,0.3786307275295257
D0016,T0045,0,0.3786307871341705
D0016,T0046,0,0.3741405308246612
D0016,T0047,0,0.3520186841487884
D0016,T0048,0,0.349068820476532
D0016,T0049,0,0.3859754502773285
D0016,T0050,0,0.3386049568653106
D0016,T0051,0,0.3408091068267822
D0016,T0052,0,0.3504037261009216
D0016,T0053,0,0.345982551574707
D0016,T0054,0,0.3446401059627533
D0016,T0055,0,0.3372829854488373
D0016,T0056,0,0.3437739312648773
D0016,T0057,0,0.3708323836326599
D0016,T0058,0,0.3397960364818573
D0016,T0059,0,0.3379129469394684
D0016,T0060,0,0.3723877966403961
D0016,T0061,0,0.3614010214805603
D0016,T0062,0,0.3630037605762481
D0016,T0063,0,0.3723098635673523
D0016,T0064,0,0.3580181896686554
D0016,T0065,0,0.3722637593746185
D0016,T0066,0,0.37085822224617
D0016,T0067,0,0.3765703737735748
D0016,T0068,0,0.3765703737735748
D0016,T0069,0,0.3699435293674469
D0016,T0070,0,0.3807375729084015
D0016,T0071,0,0.3571507930755615
D0016,T0072,0,0.3723048567771911
D0016,T0073,0,0.3804949820041656
D0016,T0074,0,0.3790575265884399
D0016,T0075,0,0.3723618388175964
D0016,T0076,0,0.3811955749988556
D0016,T0077,0,0.3538692593574524
D0016,T0078,0,0.3702130615711212
D0016,T0079,0,0.3701216280460357
D0016,T0080,0,0.3094905316829681
D0016,T0081,0,0.3118352591991424
D0016,T0082,0,0.3192267119884491
D0016,T0083,0,0.3080692589282989
D0016,T0084,0,0.364079862833023
D0016,T0085,0,0.3821397721767425
D0016,T0086,0,0.3660959899425506
D0016,T0087,0,0.3650925755500793
D0016,T0088,0,0.3648848533630371
D0016,T0089,0,0.3649012446403503
D0016,T0090,0,0.3660044372081756
D0016,T0091,0,0.3645922839641571
D0016,T0092,0,0.3651145994663238
D0016,T0093,0,0.3470839858055115
D0016,T0094,0,0.3468926548957824
D0016,T0095,0,0.3805484771728515
D0016,T0096,0,0.3636045157909393
D0016,T0097,0,0.3524696826934814
D0016,T0098,0,0.353708416223526
D0016,T0099,0,0.364662230014801
D0016,T0100,0,0.3638138175010681
D0016,T0101,0,0.3670120537281036
D0016,T0102,0,0.3644724488258362
D0016,T0103,0,0.3590068817138672
D0016,T0104,0,0.362362265586853
D0016,T0105,0,0.3675162196159363
D0016,T0106,0,0.3666499853134155
D0016,T0107,0,0.3467772305011749
D0016,T0108,0,0.3465374410152435
D0016,T0109,0,0.3319688737392425
D0016,T0110,0,0.3422888815402984
D0016,T0111,0,0.3283202350139618
D0016,T0112,0,0.3489294946193695
D0016,T0113,0,0.3489294648170471
D0016,T0114,0,0.3489294648170471
D0016,T0115,0,0.3489294648170471
D0016,T0116,0,0.3489294648170471
D0016,T0117,0,0.3489294946193695
D0016,T0118,0,0.3489294648170471
D0016,T0119,0,0.3489294946193695
D0016,T0120,0,0.3489294648170471
D0016,T0121,0,0.3489294648170471
D0016,T0122,0,0.3489294946193695
D0016,T0123,0,0.3489294648170471
D0016,T0124,0,0.3545936048030853
D0016,T0125,0,0.3369426727294922
D0016,T0126,0,0.3286914229393005
D0016,T0127,0,0.3271746039390564
D0016,T0128,0,0.3316481113433838
D0016,T0129,0,0.3311720490455627
D0016,T0130,0,0.3394488990306854
D0016,T0131,0,0.3470213413238525
D0016,T0132,0,0.3408332467079162
D0016,T0133,0,0.3198758661746979
D0016,T0134,0,0.3334559798240661
D0016,T0135,0,0.322734385728836
D0016,T0136,0,0.3288957178592682
D0016,T0137,1,0.3306228220462799
D0016,T0138,0,0.358256459236145
D0016,T0139,0,0.3545054197311401
D0016,T0140,0,0.3551638424396515
D0016,T0141,0,0.359873503446579
D0016,T0142,0,0.3622682988643646
D0016,T0143,0,0.3514702916145324
D0016,T0144,0,0.3513716757297516
D0016,T0145,0,0.3620400428771972
D0016,T0146,0,0.3592258095741272
D0016,T0147,0,0.3551837801933288
D0016,T0148,0,0.3613782525062561
D0016,T0149,0,0.3418490588665008
D0016,T0150,0,0.3543504774570465
D0016,T0151,0,0.3638496100902557
D0016,T0152,0,0.3639094531536102
D0016,T0153,0,0.377087265253067
D0016,T0154,0,0.377087265253067
D0016,T0155,0,0.3651909530162811
D0016,T0156,0,0.3209756314754486
D0016,T0157,0,0.3723845183849334
D0016,T0158,0,0.3493996560573578
D0016,T0159,0,0.3493996858596802
D0016,T0160,0,0.3493996560573578
D0016,T0161,0,0.3493996560573578
D0016,T0162,0,0.3493996560573578
D0016,T0163,0,0.3493996560573578
D0016,T0164,0,0.3493996858596802
D0016,T0165,0,0.3745600879192352
D0016,T0166,0,0.3566060364246368
D0016,T0167,0,0.3181779682636261
D0016,T0168,0,0.3662602007389068
D0016,T0169,0,0.3506177961826324
D0016,T0170,0,0.341262012720108
D0016,T0171,0,0.3307911455631256
D0016,T0172,0,0.3302671909332275
D0016,T0173,0,0.3835349678993225
D0016,T0174,0,0.385836124420166
D0016,T0175,0,0.3147872984409332
D0016,T0176,0,0.3428744971752167
D0016,T0177,0,0.3388693034648895
D0016,T0178,0,0.3393891453742981
D0016,T0179,0,0.362670749425888
D0016,T0180,0,0.3522010147571563
D0016,T0181,0,0.3814063370227813
D0016,T0182,0,0.374420553445816
D0016,T0183,0,0.3732883036136627
D0016,T0184,0,0.3667985200881958
D0016,T0185,0,0.3768820166587829
D0016,T0186,0,0.3337799310684204
D0016,T0187,0,0.37627774477005
D0016,T0188,0,0.370619386434555
D0016,T0189,0,0.3496384918689728
D0016,T0190,0,0.3394313752651214
D0016,T0191,0,0.3528399467468261
D0016,T0192,0,0.39730966091156
D0016,T0193,0,0.3979780375957489
D0016,T0194,0,0.3979780375957489
D0016,T0195,0,0.4097747206687927
D0016,T0196,0,0.3744750320911407
D0016,T0197,0,0.3519454300403595
D0016,T0198,0,0.3585736751556396
D0016,T0199,0,0.3528111279010772
D0016,T0200,0,0.3724784553050995
D0016,T0201,0,0.3724784553050995
D0016,T0202,0,0.3724784851074219
D0016,T0203,0,0.3724784553050995
D0016,T0204,0,0.3724784851074219
D0016,T0205,0,0.3724784553050995
D0016,T0206,0,0.3724784851074219
D0016,T0207,0,0.3724784553050995
D0016,T0208,0,0.3693606257438659
D0016,T0209,0,0.3664317429065704
D0016,T0210,0,0.3162656426429748
D0016,T0211,0,0.3631088733673095
D0016,T0212,0,0.3601363897323608
D0016,T0213,0,0.3501685857772827
D0016,T0214,0,0.342950701713562
D0016,T0215,0,0.3307045102119446
D0016,T0216,0,0.3307045102119446
D0016,T0217,1,0.3601394891738891
D0016,T0218,0,0.3161543905735016
D0016,T0219,0,0.3668612837791443
D0016,T0220,0,0.370690256357193
D0016,T0221,0,0.3819707632064819
D0016,T0222,0,0.3340175747871399
D0016,T0223,0,0.3488020896911621
D0016,T0224,0,0.344200074672699
D0016,T0225,0,0.3858920335769653
D0016,T0226,0,0.3520680069923401
D0016,T0227,0,0.3451752066612243
D0016,T0228,0,0.3331286907196045
D0016,T0229,0,0.3400733172893524
D0016,T0230,0,0.3565651178359985
D0016,T0231,0,0.3572195768356323
D0016,T0232,0,0.339081734418869
D0016,T0233,0,0.3395286798477173
D0016,T0234,0,0.3424200117588043
D0016,T0235,0,0.3458884656429291
D0016,T0236,0,0.3578626215457916
D0016,T0237,0,0.3343810439109802
D0016,T0238,0,0.334267795085907
D0016,T0239,0,0.3571854829788208
D0016,T0240,0,0.3541942536830902
D0016,T0241,0,0.3390977382659912
D0016,T0242,0,0.3497964143753052
D0016,T0243,0,0.3553105592727661
D0016,T0244,1,0.3418035805225372
D0016,T0245,1,0.3828912377357483
D0016,T0246,1,0.382891297340393
D0016,T0247,1,0.3828912377357483
D0016,T0248,0,0.3374072909355163
D0016,T0249,0,0.3626755177974701
D0016,T0250,0,0.3467002511024475
D0016,T0251,0,0.3534564077854156
D0016,T0252,0,0.3489691913127899
D0016,T0253,0,0.3515632748603821
D0016,T0254,0,0.3458293974399566
D0016,T0255,0,0.3615609109401703
D0016,T0256,0,0.3696521520614624
D0016,T0257,0,0.3755089342594147
D0016,T0258,0,0.3274637758731842
D0016,T0259,1,0.376901626586914
D0016,T0260,0,0.3293538987636566
D0016,T0261,0,0.3453139066696167
D0016,T0262,0,0.3477842807769775
D0016,T0263,0,0.3854768574237823
D0016,T0264,0,0.3574086725711822
D0016,T0265,0,0.3454803824424743
D0016,T0266,0,0.3533576428890228
D0016,T0267,0,0.3479328453540802
D0016,T0268,0,0.3540120124816894
D0016,T0269,0,0.3565929234027862
D0016,T0270,0,0.3661159873008728
D0016,T0271,0,0.3663195669651031
D0016,T0272,0,0.3430212736129761
D0016,T0273,0,0.3595992624759674
D0016,T0274,0,0.3472023904323578
D0016,T0275,0,0.3528766632080078
D0016,T0276,0,0.3535114228725433
D0016,T0277,0,0.3501597642898559
D0016,T0278,0,0.3505743741989136
D0016,T0279,0,0.3509998917579651
D0016,T0280,0,0.349296897649765
D0016,T0281,0,0.3634425401687622
D0016,T0282,0,0.3741566836833954
D0016,T0283,0,0.3431192338466644
D0016,T0284,0,0.3857602477073669
D0016,T0285,0,0.3770034909248352
D0016,T0286,0,0.3810001909732818
D0016,T0287,0,0.3777895271778106
D0016,T0288,0,0.353390485048294
D0016,T0289,0,0.3543254435062408
D0016,T0290,0,0.3472237884998321
D0016,T0291,0,0.3700729310512543
D0016,T0292,0,0.3496312201023102
D0016,T0293,0,0.3701233267784118
D0016,T0294,0,0.3863065540790558
D0016,T0295,0,0.3767347633838653
D0016,T0296,0,0.3766196668148041
D0016,T0297,0,0.3619503676891327
D0016,T0298,0,0.357779324054718
D0016,T0299,0,0.3674523532390594
D0016,T0300,0,0.3552623391151428
D0016,T0301,0,0.36054128408432
D0016,T0302,0,0.3795465230941772
D0016,T0303,0,0.3799864053726196
D0016,T0304,0,0.3552276194095611
D0016,T0305,0,0.3440777659416199
D0016,T0306,0,0.357632577419281
D0016,T0307,0,0.3613634705543518
D0016,T0308,0,0.3597012162208557
D0016,T0309,0,0.3597012162208557
D0016,T0310,0,0.3597012162208557
D0016,T0311,0,0.3597012162208557
D0016,T0312,0,0.3597012162208557
D0016,T0313,0,0.3597012162208557
D0016,T0314,0,0.3597012162208557
D0016,T0315,0,0.3597011864185333
D0016,T0316,0,0.3597012162208557
D0016,T0317,0,0.3597012162208557
D0016,T0318,0,0.3596040904521942
D0016,T0319,0,0.3555038869380951
D0016,T0320,0,0.3593794107437134
D0016,T0321,0,0.3525393903255462
D0016,T0322,0,0.3541076183319092
D0016,T0323,0,0.356806218624115
D0016,T0324,0,0.3685076832771301
D0016,T0325,0,0.3896073698997497
D0016,T0326,0,0.3873823583126068
D0016,T0327,0,0.3825069963932037
D0016,T0328,0,0.3806741535663605
D0016,T0329,0,0.3683741092681885
D0016,T0330,0,0.3685803115367889
D0016,T0331,0,0.3462148606777191
D0016,T0332,0,0.3448739647865295
D0016,T0333,0,0.3430398106575012
D0016,T0334,0,0.3847147524356842
D0016,T0335,0,0.3544719815254211
D0016,T0336,0,0.3518359065055847
D0016,T0337,0,0.3686050176620483
D0016,T0338,0,0.3532672524452209
D0016,T0339,0,0.3878958523273468
D0016,T0340,0,0.4049930572509765
D0016,T0341,0,0.3981334567070007
D0016,T0342,0,0.3777374625205993
D0016,T0343,0,0.3895925283432007
D0016,T0344,0,0.3461652100086212
D0016,T0345,0,0.3427694141864776
D0016,T0346,0,0.3432760834693908
D0016,T0347,0,0.3654224276542663
D0016,T0348,0,0.3513953387737274
D0016,T0349,0,0.346739113330841
D0016,T0350,0,0.3634328246116638
D0016,T0351,0,0.3202234208583832
D0016,T0352,0,0.3748725652694702
D0016,T0353,0,0.3485754132270813
D0016,T0354,0,0.3762655854225158
D0016,T0355,0,0.3688743412494659
D0016,T0356,0,0.3688742518424988
D0016,T0357,0,0.3688742518424988
D0016,T0358,0,0.3688743412494659
D0016,T0359,0,0.3428612351417541
D0016,T0360,0,0.3526656925678253
D0016,T0361,0,0.3419704139232635
D0016,T0362,0,0.3946264684200287
D0016,T0363,0,0.3952398002147674
D0016,T0364,0,0.367816686630249
D0016,T0365,0,0.3694077134132385
D0016,T0366,0,0.3677916526794433
D0016,T0367,0,0.3613916933536529
D0016,T0368,1,0.3557919561862945
D0016,T0369,0,0.3678261637687683
D0016,T0370,0,0.3678261637687683
D0016,T0371,0,0.3509866893291473
D0016,T0372,0,0.3509866893291473
D0016,T0373,0,0.3685810267925262
D0016,T0374,0,0.3685810267925262
D0016,T0375,0,0.3707316219806671
D0016,T0376,0,0.3694442808628082
D0016,T0377,0,0.3694442808628082
D0016,T0378,0,0.3628348410129547
D0016,T0379,0,0.3628348410129547
D0016,T0380,0,0.3564720749855041
D0016,T0381,0,0.362180233001709
D0016,T0382,0,0.3633826076984405
D0016,T0383,0,0.345751404762268
D0016,T0384,0,0.352471262216568
D0016,T0385,0,0.3555722534656524
D0016,T0386,1,0.347332626581192
D0016,T0387,0,0.3453856706619262
D0016,T0388,0,0.3657065629959106
D0016,T0389,0,0.3212038874626159
D0016,T0390,0,0.3729563355445862
D0016,T0391,0,0.3265732228755951
D0016,T0392,0,0.3288402259349823
D0016,T0393,0,0.3293991684913635
D0016,T0394,0,0.3483557403087616
D0016,T0395,0,0.3691377341747284
D0016,T0396,0,0.3887563645839691
D0016,T0397,0,0.3570432364940643
D0016,T0398,0,0.3462583720684051
D0016,T0399,0,0.3772184550762176
D0016,T0400,0,0.3648755550384521
D0016,T0401,0,0.3587414622306824
D0016,T0402,0,0.357145756483078
D0016,T0403,0,0.3613435626029968
D0016,T0404,0,0.3296186625957489
D0016,T0405,0,0.3866378962993622
D0016,T0406,0,0.3517820835113525
D0016,T0407,0,0.3707996308803558
D0016,T0408,0,0.3613575994968414
D0016,T0409,0,0.3645496368408203
D0016,T0410,0,0.3685065507888794
D0016,T0411,0,0.3374650180339813
D0016,T0412,0,0.3355935513973236
D0016,T0413,0,0.3365125954151153
D0016,T0414,0,0.3532455265522003
D0016,T0415,0,0.3348245918750763
D0016,T0416,0,0.3856463134288788
D0016,T0417,0,0.3415104746818542
D0016,T0418,0,0.3533349931240082
D0016,T0419,0,0.3471153080463409
D0016,T0420,0,0.3794771432876587
D0016,T0421,0,0.3396153151988983
D0016,T0422,0,0.3315029144287109
D0016,T0423,0,0.3928782045841217
D0016,T0424,0,0.3727269470691681
D0016,T0425,0,0.3727269470691681
D0016,T0426,0,0.3547505736351013
D0016,T0427,0,0.3561915159225464
D0016,T0428,0,0.3537408113479614
D0016,T0429,0,0.3576495945453644
D0016,T0430,0,0.3699739873409271
D0016,T0431,0,0.3418804109096527
D0016,T0432,0,0.3375874161720276
D0016,T0433,0,0.3360391855239868
D0016,T0434,0,0.3721911311149597
D0016,T0435,0,0.3717813491821289
D0016,T0436,0,0.3681144416332245
D0016,T0437,0,0.3194721341133117
D0016,T0438,0,0.3447383642196655
D0016,T0439,0,0.3468400537967682
D0016,T0440,0,0.3795235157012939
D0016,T0441,0,0.3681124448776245
D0025,T0000,0,0.3590254783630371
D0025,T0001,0,0.3965496718883514
D0025,T0002,0,0.3965496718883514
D0025,T0003,0,0.3965496718883514
D0025,T0004,0,0.3965496718883514
D0025,T0005,0,0.396549642086029
D0025,T0006,0,0.3965496718883514
D0025,T0007,0,0.3965496718883514
D0025,T0008,0,0.3965496718883514
D0025,T0009,0,0.3965496718883514
D0025,T0010,0,0.3965496718883514
D0025,T0011,0,0.3965496718883514
D0025,T0012,0,0.396549642086029
D0025,T0013,0,0.3965496718883514
D0025,T0014,0,0.396549642086029
D0025,T0015,0,0.3965496718883514
D0025,T0016,0,0.3917263746261596
D0025,T0017,0,0.3701865971088409
D0025,T0018,0,0.3680519461631775
D0025,T0019,0,0.3681673407554626
D0025,T0020,0,0.3764993846416473
D0025,T0021,0,0.383617490530014
D0025,T0022,0,0.364555150270462
D0025,T0023,0,0.3751415014266968
D0025,T0024,0,0.3707781732082367
D0025,T0025,0,0.3732731640338897
D0025,T0026,0,0.3734985888004303
D0025,T0027,0,0.3793736696243286
D0025,T0028,0,0.3680392503738403
D0025,T0029,0,0.3855612277984619
D0025,T0030,0,0.363016277551651
D0025,T0031,0,0.3962570428848266
D0025,T0032,0,0.371970385313034
D0025,T0033,0,0.3806075751781463
D0025,T0034,0,0.3862277269363403
D0025,T0035,0,0.4044916331768036
D0025,T0036,0,0.4302554428577423
D0025,T0037,0,0.3674320876598358
D0025,T0038,0,0.4158406853675842
D0025,T0039,0,0.3629688620567322
D0025,T0040,0,0.3688972890377044
D0025,T0041,0,0.3868817985057831
D0025,T0042,0,0.3850434720516205
D0025,T0043,0,0.3950591385364532
D0025,T0044,0,0.3756332993507385
D0025,T0045,0,0.3756332993507385
D0025,T0046,0,0.3856002390384674
D0025,T0047,0,0.3730498552322387
D0025,T0048,0,0.3754290640354156
D0025,T0049,0,0.4028491675853729
D0025,T0050,0,0.3644546866416931
D0025,T0051,0,0.369255393743515
D0025,T0052,0,0.3694352507591247
D0025,T0053,0,0.37790247797966
D0025,T0054,0,0.3790967166423797
D0025,T0055,0,0.3731826245784759
D0025,T0056,0,0.3755404949188232
D0025,T0057,0,0.3707149028778076
D0025,T0058,0,0.3655333817005157
D0025,T0059,0,0.3635331094264984
D0025,T0060,0,0.3811220824718475
D0025,T0061,0,0.3566201627254486
D0025,T0062,0,0.3570013046264648
D0025,T0063,0,0.3789352476596832
D0025,T0064,0,0.351910650730133
D0025,T0065,0,0.3624865710735321
D0025,T0066,0,0.3618870973587036
D0025,T0067,0,0.369008868932724
D0025,T0068,0,0.369008868932724
D0025,T0069,0,0.357574313879013
D0025,T0070,0,0.3671949505805969
D0025,T0071,0,0.3519247472286224
D0025,T0072,0,0.3595219552516937
D0025,T0073,0,0.3699625134468078
D0025,T0074,0,0.3704223334789276
D0025,T0075,0,0.3669437170028686
D0025,T0076,0,0.3731386065483093
D0025,T0077,0,0.3802616894245147
D0025,T0078,0,0.3746006786823272
D0025,T0079,0,0.3596415817737579
D0025,T0080,0,0.3270120918750763
D0025,T0081,0,0.3307563066482544
D0025,T0082,0,0.3344635963439941
D0025,T0083,0,0.3279006481170654
D0025,T0084,1,0.5121226906776428
D0025,T0085,0,0.3829106986522674
D0025,T0086,0,0.3692484200000763
D0025,T0087,0,0.3699795305728912
D0025,T0088,0,0.3679784834384918
D0025,T0089,0,0.3679541349411011
D0025,T0090,0,0.3730348646640777
D0025,T0091,0,0.3670622706413269
D0025,T0092,0,0.36690154671669
D0025,T0093,0,0.3415468335151672
D0025,T0094,0,0.3400847613811493
D0025,T0095,0,0.3800073266029358
D0025,T0096,0,0.3690565824508667
D0025,T0097,0,0.3673372864723205
D0025,T0098,0,0.3829245567321777
D0025,T0099,0,0.360680341720581
D0025,T0100,0,0.3658016324043274
D0025,T0101,0,0.3830651044845581
D0025,T0102,0,0.5401493310928345
D0025,T0103,0,0.5065612196922302
D0025,T0104,0,0.3629977405071258
D0025,T0105,0,0.3614642024040222
D0025,T0106,0,0.3614130616188049
D0025,T0107,0,0.3948836326599121
D0025,T0108,0,0.3698056638240814
D0025,T0109,0,0.3553805649280548
D0025,T0110,0,0.3642971515655517
D0025,T0111,0,0.3510620594024658
D0025,T0112,0,0.3652195334434509
D0025,T0113,0,0.3652195334434509
D0025,T0114,0,0.3652195334434509
D0025,T0115,0,0.3652195334434509
D0025,T0116,0,0.3652195334434509
D0025,T0117,0,0.3652195334434509
D0025,T0118,0,0.3652195334434509
D0025,T0119,0,0.3652195334434509
D0025,T0120,0,0.3652195334434509
D0025,T0121,0,0.3652195334434509
D0025,T0122,0,0.3652195334434509
D0025,T0123,0,0.3652195334434509
D0025,T0124,0,0.3554613292217254
D0025,T0125,0,0.3585215210914612
D0025,T0126,0,0.3527101278305053
D0025,T0127,0,0.349381148815155
D0025,T0128,0,0.3534432053565979
D0025,T0129,0,0.3498414158821106
D0025,T0130,0,0.3568000197410583
D0025,T0131,0,0.3632165193557739
D0025,T0132,0,0.3596656322479248
D0025,T0133,0,0.3388084173202514
D0025,T0134,0,0.354754239320755
D0025,T0135,0,0.3410667181015014
D0025,T0136,0,0.3483254313468933
D0025,T0137,0,0.3507736921310425
D0025,T0138,0,0.3667376637458801
D0025,T0139,0,0.3672604858875274
D0025,T0140,0,0.3680302500724792
D0025,T0141,0,0.3479343056678772
D0025,T0142,0,0.350480854511261
D0025,T0143,0,0.345509260892868
D0025,T0144,0,0.3447113335132599
D0025,T0145,0,0.3542641401290893
D0025,T0146,0,0.3524170219898224
D0025,T0147,0,0.3687193691730499
D0025,T0148,0,0.3659447133541107
D0025,T0149,0,0.3626648485660553
D0025,T0150,0,0.3693207502365112
D0025,T0151,0,0.3660210371017456
D0025,T0152,0,0.3673687279224396
D0025,T0153,0,0.3777342736721039
D0025,T0154,0,0.3777343034744262
D0025,T0155,0,0.3657043576240539
D0025,T0156,0,0.3588650524616241
D0025,T0157,0,0.4704615473747253
D0025,T0158,0,0.4261008501052856
D0025,T0159,0,0.426100879907608
D0025,T0160,0,0.426100879907608
D0025,T0161,0,0.426100879907608
D0025,T0162,0,0.4261008501052856
D0025,T0163,0,0.426100879907608
D0025,T0164,0,0.4261008501052856
D0025,T0165,0,0.4344615638256073
D0025,T0166,0,0.4009205102920532
D0025,T0167,0,0.356002926826477
D0025,T0168,0,0.4596176147460937
D0025,T0169,0,0.3651322722434997
D0025,T0170,0,0.365050733089447
D0025,T0171,0,0.3602927327156067
D0025,T0172,0,0.3749361932277679
D0025,T0173,0,0.3662005066871643
D0025,T0174,0,0.3683068454265594
D0025,T0175,0,0.3631553947925567
D0025,T0176,0,0.3552298545837402
D0025,T0177,0,0.3524904251098633
D0025,T0178,0,0.3520960509777069
D0025,T0179,0,0.3715889751911163
D0025,T0180,0,0.3797045946121216
D0025,T0181,0,0.3804309666156769
D0025,T0182,0,0.3683786392211914
D0025,T0183,0,0.3766371607780456
D0025,T0184,0,0.3971978724002838
D0025,T0185,0,0.3773324191570282
D0025,T0186,0,0.3547227382659912
D0025,T0187,0,0.3819926977157593
D0025,T0188,0,0.3787866532802582
D0025,T0189,0,0.3910435438156128
D0025,T0190,0,0.3845317959785461
D0025,T0191,0,0.3842005133628845
D0025,T0192,0,0.3848035335540771
D0025,T0193,0,0.4104868769645691
D0025,T0194,0,0.4104868769645691
D0025,T0195,0,0.4034773111343384
D0025,T0196,0,0.4137845635414123
D0025,T0197,0,0.3469921350479126
D0025,T0198,0,0.3559830486774444
D0025,T0199,0,0.3486246168613434
D0025,T0200,0,0.4648533463478088
D0025,T0201,0,0.4648533463478088
D0025,T0202,0,0.4648534059524536
D0025,T0203,0,0.4648533463478088
D0025,T0204,0,0.4648534059524536
D0025,T0205,0,0.4648533463478088
D0025,T0206,0,0.4648533463478088
D0025,T0207,0,0.4648534059524536
D0025,T0208,0,0.3594482541084289
D0025,T0209,0,0.3588910102844238
D0025,T0210,0,0.3629011511802673
D0025,T0211,0,0.3876155018806457
D0025,T0212,0,0.3715711236000061
D0025,T0213,0,0.362398624420166
D0025,T0214,0,0.4609920680522918
D0025,T0215,0,0.3577698171138763
D0025,T0216,0,0.3577697873115539
D0025,T0217,0,0.3692226111888885
D0025,T0218,0,0.3615829944610595
D0025,T0219,0,0.3686184287071228
D0025,T0220,0,0.3655135035514831
D0025,T0221,0,0.3748991191387176
D0025,T0222,0,0.3578749299049377
D0025,T0223,0,0.4164043962955475
D0025,T0224,0,0.3825069963932037
D0025,T0225,0,0.3930259048938751
D0025,T0226,0,0.3872487843036651
D0025,T0227,0,0.3771094977855682
D0025,T0228,0,0.4298331439495086
D0025,T0229,0,0.3769850432872772
D0025,T0230,0,0.351548969745636
D0025,T0231,0,0.374705970287323
D0025,T0232,0,0.3686602115631103
D0025,T0233,0,0.3693432509899139
D0025,T0234,0,0.3687726855278015
D0025,T0235,0,0.3684951066970825
D0025,T0236,0,0.3731180131435394
D0025,T0237,0,0.4098344147205353
D0025,T0238,0,0.4070932865142822
D0025,T0239,0,0.4031461179256439
D0025,T0240,0,0.3879852890968323
D0025,T0241,0,0.4315349459648132
D0025,T0242,0,0.4053921699523926
D0025,T0243,0,0.389364629983902
D0025,T0244,0,0.3722988069057464
D0025,T0245,0,0.3795967400074005
D0025,T0246,0,0.3795967400074005
D0025,T0247,0,0.3795967400074005
D0025,T0248,0,0.4339785873889923
D0025,T0249,0,0.3984906077384949
D0025,T0250,0,0.368240475654602
D0025,T0251,0,0.3884850144386291
D0025,T0252,0,0.4184085726737976
D0025,T0253,0,0.3900347948074341
D0025,T0254,0,0.3758603036403656
D0025,T0255,0,0.3858242332935333
D0025,T0256,0,0.3582636713981628
D0025,T0257,0,0.3614210486412048
D0025,T0258,0,0.3765579164028168
D0025,T0259,0,0.3804554045200348
D0025,T0260,0,0.383852481842041
D0025,T0261,0,0.3737099766731262
D0025,T0262,0,0.3798594772815704
D0025,T0263,0,0.3888543248176574
D0025,T0264,0,0.3878957331180572
D0025,T0265,0,0.3682708144187927
D0025,T0266,0,0.397204726934433
D0025,T0267,0,0.3889520466327667
D0025,T0268,0,0.360789805650711
D0025,T0269,0,0.3643425703048706
D0025,T0270,0,0.361454427242279
D0025,T0271,0,0.3608012795448303
D0025,T0272,0,0.3587893843650818
D0025,T0273,0,0.3590835928916931
D0025,T0274,0,0.355128139257431
D0025,T0275,0,0.3560713529586792
D0025,T0276,0,0.3716098964214325
D0025,T0277,0,0.3725059032440185
D0025,T0278,0,0.35993093252182
D0025,T0279,0,0.3598889410495758
D0025,T0280,0,0.3443705439567566
D0025,T0281,0,0.3691063821315765
D0025,T0282,0,0.3595258295536041
D0025,T0283,0,0.3651384711265564
D0025,T0284,0,0.3705517649650574
D0025,T0285,0,0.3624143004417419
D0025,T0286,0,0.3687081038951874
D0025,T0287,0,0.3666398823261261
D0025,T0288,0,0.4119918942451477
D0025,T0289,0,0.4180547595024109
D0025,T0290,0,0.4171696603298187
D0025,T0291,0,0.4017278552055359
D0025,T0292,0,0.3926631510257721
D0025,T0293,0,0.4028638303279876
D0025,T0294,0,0.3715977370738983
D0025,T0295,0,0.3638485968112945
D0025,T0296,0,0.3634997904300689
D0025,T0297,0,0.5018578171730042
D0025,T0298,0,0.5192574858665466
D0025,T0299,0,0.3581454157829284
D0025,T0300,0,0.3759474754333496
D0025,T0301,0,0.3536868095397949
D0025,T0302,0,0.3679293394088745
D0025,T0303,0,0.367724061012268
D0025,T0304,0,0.3967534899711609
D0025,T0305,0,0.3896911442279815
D0025,T0306,0,0.3584301471710205
D0025,T0307,0,0.3688432574272156
D0025,T0308,0,0.366810142993927
D0025,T0309,0,0.366810142993927
D0025,T0310,0,0.3668100833892822
D0025,T0311,0,0.366810142993927
D0025,T0312,0,0.366810142993927
D0025,T0313,0,0.3668100833892822
D0025,T0314,0,0.366810142993927
D0025,T0315,0,0.366810142993927
D0025,T0316,0,0.3668100833892822
D0025,T0317,0,0.366810142993927
D0025,T0318,0,0.3650660216808319
D0025,T0319,0,0.3651880919933319
D0025,T0320,0,0.3634229898452759
D0025,T0321,0,0.3624014556407928
D0025,T0322,0,0.3572402894496918
D0025,T0323,0,0.3638288974761963
D0025,T0324,0,0.366050511598587
D0025,T0325,0,0.3824957609176636
D0025,T0326,0,0.3831799030303955
D0025,T0327,0,0.4283536970615387
D0025,T0328,0,0.4061741828918457
D0025,T0329,0,0.3792884349822998
D0025,T0330,0,0.3785872459411621
D0025,T0331,0,0.3491367101669311
D0025,T0332,0,0.3797871470451355
D0025,T0333,0,0.3700461089611053
D0025,T0334,0,0.3862590193748474
D0025,T0335,0,0.3498358428478241
D0025,T0336,0,0.3420641720294952
D0025,T0337,0,0.3544133305549621
D0025,T0338,0,0.4193887114524841
D0025,T0339,0,0.3840965032577514
D0025,T0340,0,0.389813095331192
D0025,T0341,0,0.3853453993797302
D0025,T0342,0,0.3728177547454834
D0025,T0343,0,0.3950904607772827
D0025,T0344,0,0.3554368317127228
D0025,T0345,0,0.3536171019077301
D0025,T0346,0,0.3532248437404632
D0025,T0347,0,0.3602167963981628
D0025,T0348,0,0.3681716322898865
D0025,T0349,0,0.3469609022140503
D0025,T0350,0,0.3867902755737304
D0025,T0351,0,0.3362748026847839
D0025,T0352,0,0.3915911912918091
D0025,T0353,0,0.3805980682373047
D0025,T0354,0,0.3785537183284759
D0025,T0355,0,0.4372626841068268
D0025,T0356,0,0.4372626841068268
D0025,T0357,0,0.4372626841068268
D0025,T0358,0,0.4372627139091491
D0025,T0359,0,0.3586615920066833
D0025,T0360,0,0.3607214689254761
D0025,T0361,0,0.3559081256389618
D0025,T0362,0,0.386245846748352
D0025,T0363,0,0.3975973725318908
D0025,T0364,0,0.3743798434734344
D0025,T0365,0,0.389925092458725
D0025,T0366,0,0.3615865409374237
D0025,T0367,0,0.3756962716579437
D0025,T0368,0,0.3745410740375519
D0025,T0369,0,0.3549656569957733
D0025,T0370,0,0.3549656569957733
D0025,T0371,0,0.3538973927497864
D0025,T0372,0,0.3538973927497864
D0025,T0373,0,0.3515347242355346
D0025,T0374,0,0.3515347242355346
D0025,T0375,0,0.3554549217224121
D0025,T0376,0,0.352940022945404
D0025,T0377,0,0.352940022945404
D0025,T0378,0,0.3506149351596832
D0025,T0379,0,0.3506149351596832
D0025,T0380,0,0.3580170273780823
D0025,T0381,0,0.3712508976459503
D0025,T0382,0,0.3773142695426941
D0025,T0383,0,0.3560646772384643
D0025,T0384,0,0.3820589184761047
D0025,T0385,0,0.399681955575943
D0025,T0386,0,0.4628933668136596
D0025,T0387,0,0.375705748796463
D0025,T0388,0,0.3798999786376953
D0025,T0389,0,0.3592068254947662
D0025,T0390,0,0.3907193541526794
D0025,T0391,0,0.346320241689682
D0025,T0392,0,0.3525418639183044
D0025,T0393,0,0.3520208895206451
D0025,T0394,0,0.3711805641651153
D0025,T0395,0,0.3850364089012146
D0025,T0396,0,0.444234549999237
D0025,T0397,0,0.3612410426139831
D0025,T0398,0,0.364247590303421
D0025,T0399,0,0.3717745244503021
D0025,T0400,0,0.4072565138339996
D0025,T0401,0,0.3831734657287597
D0025,T0402,0,0.3820457756519317
D0025,T0403,0,0.3809320628643036
D0025,T0404,0,0.3498678505420685
D0025,T0405,0,0.3785485327243805
D0025,T0406,0,0.3652007281780243
D0025,T0407,0,0.3679335415363312
D0025,T0408,0,0.3650235533714294
D0025,T0409,0,0.3976534605026245
D0025,T0410,0,0.3982036113739013
D0025,T0411,0,0.3616187572479248
D0025,T0412,0,0.3604083359241485
D0025,T0413,0,0.4225970804691314
D0025,T0414,0,0.3901691138744354
D0025,T0415,0,0.3677147626876831
D0025,T0416,0,0.3805968463420868
D0025,T0417,0,0.3603977560997009
D0025,T0418,0,0.393135130405426
D0025,T0419,0,0.3866403698921203
D0025,T0420,0,0.3760546147823334
D0025,T0421,0,0.3616171479225158
D0025,T0422,0,0.3539469838142395
D0025,T0423,0,0.3807069361209869
D0025,T0424,0,0.3890430927276611
D0025,T0425,0,0.3890430927276611
D0025,T0426,0,0.3661020696163177
D0025,T0427,0,0.3888896405696869
D0025,T0428,0,0.3792570233345032
D0025,T0429,0,0.381857305765152
D0025,T0430,0,0.4546951055526733
D0025,T0431,0,0.3586165010929107
D0025,T0432,0,0.3389911353588104
D0025,T0433,0,0.3403418958187103
D0025,T0434,0,0.3699163496494293
D0025,T0435,0,0.3633979260921478
D0025,T0436,0,0.3565155863761902
D0025,T0437,0,0.3616069257259369
D0025,T0438,0,0.3704526722431183
D0025,T0439,0,0.4441730082035064
D0025,T0440,0,0.3978104293346405
D0025,T0441,0,0.362469345331192
D0028,T0000,0,0.4258904755115509
D0028,T0001,0,0.7554675936698914
D0028,T0002,0,0.7554675936698914
D0028,T0003,0,0.7554675936698914
D0028,T0004,0,0.7554676532745361
D0028,T0005,0,0.7554675936698914
D0028,T0006,0,0.7554677128791809
D0028,T0007,0,0.7554676532745361
D0028,T0008,0,0.7554675936698914
D0028,T0009,0,0.7554675936698914
D0028,T0010,0,0.7554675936698914
D0028,T0011,0,0.7554675936698914
D0028,T0012,0,0.7554675936698914
D0028,T0013,0,0.7554675340652466
D0028,T0014,0,0.7554675936698914
D0028,T0015,0,0.7554676532745361
D0028,T0016,0,0.4761838912963867
D0028,T0017,0,0.3441753089427948
D0028,T0018,1,0.3433381617069244
D0028,T0019,0,0.3475372493267059
D0028,T0020,0,0.3590323328971863
D0028,T0021,0,0.3535382151603699
D0028,T0022,0,0.333154559135437
D0028,T0023,0,0.3367705345153808
D0028,T0024,0,0.3569649755954742
D0028,T0025,0,0.3589773774147033
D0028,T0026,0,0.3628292679786682
D0028,T0027,0,0.3571408689022064
D0028,T0028,0,0.3937195241451263
D0028,T0029,1,0.4213589131832123
D0028,T0030,0,0.3233264982700348
D0028,T0031,0,0.4295375943183899
D0028,T0032,0,0.3526481389999389
D0028,T0033,0,0.3595496416091919
D0028,T0034,0,0.3857631385326385
D0028,T0035,0,0.4008549153804779
D0028,T0036,0,0.4086022078990936
D0028,T0037,1,0.4093157649040222
D0028,T0038,0,0.5383337736129761
D0028,T0039,1,0.6401280760765076
D0028,T0040,0,0.3447736203670501
D0028,T0041,0,0.3560177683830261
D0028,T0042,0,0.3549821674823761
D0028,T0043,0,0.372004747390747
D0028,T0044,0,0.3631483018398285
D0028,T0045,0,0.3631483614444732
D0028,T0046,0,0.3761027455329895
D0028,T0047,0,0.3789321780204773
D0028,T0048,0,0.3873938620090484
D0028,T0049,0,0.4185636341571808
D0028,T0050,0,0.3740690052509308
D0028,T0051,0,0.3674032390117645
D0028,T0052,0,0.3711654543876648
D0028,T0053,0,0.3849067389965057
D0028,T0054,0,0.3695122599601745
D0028,T0055,0,0.3825629651546478
D0028,T0056,0,0.3810754716396332
D0028,T0057,0,0.3602519929409027
D0028,T0058,0,0.3452237844467163
D0028,T0059,0,0.3505703806877136
D0028,T0060,0,0.3713214695453644
D0028,T0061,0,0.3529866635799408
D0028,T0062,0,0.3511826992034912
D0028,T0063,0,0.3785614967346191
D0028,T0064,0,0.3277773261070251
D0028,T0065,0,0.3602089583873749
D0028,T0066,0,0.35936439037323
D0028,T0067,0,0.3688535690307617
D0028,T0068,0,0.3688535690307617
D0028,T0069,0,0.3539906740188598
D0028,T0070,0,0.3474660217761993
D0028,T0071,0,0.325859397649765
D0028,T0072,0,0.3445121943950653
D0028,T0073,0,0.3424354493618011
D0028,T0074,0,0.336628258228302
D0028,T0075,0,0.3325159251689911
D0028,T0076,0,0.3462911248207092
D0028,T0077,1,0.3960884213447571
D0028,T0078,0,0.3788561224937439
D0028,T0079,0,0.3549779653549194
D0028,T0080,0,0.3722054958343506
D0028,T0081,0,0.3591382801532745
D0028,T0082,0,0.3584752082824707
D0028,T0083,0,0.3814299702644348
D0028,T0084,1,0.5792123675346375
D0028,T0085,0,0.3682997226715088
D0028,T0086,0,0.3447407186031341
D0028,T0087,0,0.3430289626121521
D0028,T0088,0,0.3436489999294281
D0028,T0089,0,0.3446728587150574
D0028,T0090,0,0.3391880095005035
D0028,T0091,0,0.3383350968360901
D0028,T0092,0,0.3388876020908355
D0028,T0093,0,0.3176004290580749
D0028,T0094,0,0.3174606561660766
D0028,T0095,0,0.3661930859088897
D0028,T0096,0,0.3663286566734314
D0028,T0097,0,0.3818939626216888
D0028,T0098,0,0.3828978836536407
D0028,T0099,0,0.357127845287323
D0028,T0100,0,0.3568832874298095
D0028,T0101,0,0.3926184177398681
D0028,T0102,1,0.4228164553642273
D0028,T0103,0,0.3827597200870514
D0028,T0104,0,0.3410831391811371
D0028,T0105,0,0.3438372015953064
D0028,T0106,0,0.3464910089969635
D0028,T0107,0,0.4358328282833099
D0028,T0108,0,0.4040310382843017
D0028,T0109,0,0.3561581075191498
D0028,T0110,0,0.364379346370697
D0028,T0111,0,0.3596765697002411
D0028,T0112,0,0.3606982231140136
D0028,T0113,0,0.3606981933116913
D0028,T0114,0,0.3606981933116913
D0028,T0115,0,0.3606981933116913
D0028,T0116,0,0.3606981933116913
D0028,T0117,0,0.3606981933116913
D0028,T0118,0,0.3606981933116913
D0028,T0119,0,0.3606981933116913
D0028,T0120,0,0.3606981933116913
D0028,T0121,0,0.3606981635093689
D0028,T0122,0,0.3606981933116913
D0028,T0123,0,0.3606981933116913
D0028,T0124,0,0.3312485814094543
D0028,T0125,0,0.359086126089096
D0028,T0126,0,0.3611017763614654
D0028,T0127,0,0.372297078371048
D0028,T0128,0,0.3739896416664123
D0028,T0129,0,0.3642858266830444
D0028,T0130,0,0.3689382076263428
D0028,T0131,0,0.3713616132736206
D0028,T0132,0,0.3706942498683929
D0028,T0133,0,0.3542966544628143
D0028,T0134,0,0.3724679350852966
D0028,T0135,0,0.346964031457901
D0028,T0136,0,0.3621916770935058
D0028,T0137,0,0.3595251739025116
D0028,T0138,0,0.3708698153495788
D0028,T0139,0,0.3714549839496612
D0028,T0140,0,0.3696005642414093
D0028,T0141,0,0.3243389427661896
D0028,T0142,0,0.3265726864337921
D0028,T0143,0,0.320467084646225
D0028,T0144,0,0.3224948644638061
D0028,T0145,0,0.3320738077163696
D0028,T0146,0,0.3477344214916229
D0028,T0147,0,0.3838954269886017
D0028,T0148,0,0.3343716263771057
D0028,T0149,0,0.3398052155971527
D0028,T0150,0,0.3365916907787323
D0028,T0151,0,0.3410519659519195
D0028,T0152,0,0.3392718732357025
D0028,T0153,0,0.3489180505275726
D0028,T0154,0,0.3489180505275726
D0028,T0155,0,0.3400461375713348
D0028,T0156,0,0.4702107012271881
D0028,T0157,0,0.4614869058132171
D0028,T0158,1,0.8223673701286316
D0028,T0159,1,0.822367250919342
D0028,T0160,1,0.8223673105239868
D0028,T0161,1,0.822367250919342
D0028,T0162,1,0.8223673701286316
D0028,T0163,1,0.822367250919342
D0028,T0164,0,0.822367250919342
D0028,T0165,0,0.4057367146015167
D0028,T0166,0,0.5194034576416016
D0028,T0167,0,0.3971570432186126
D0028,T0168,0,0.6310935616493225
D0028,T0169,0,0.3481694459915161
D0028,T0170,0,0.378238707780838
D0028,T0171,0,0.3604081869125366
D0028,T0172,0,0.3807970285415649
D0028,T0173,0,0.3553538024425506
D0028,T0174,0,0.3551257252693176
D0028,T0175,0,0.6396474838256836
D0028,T0176,0,0.3417512476444244
D0028,T0177,0,0.3438078165054321
D0028,T0178,0,0.3441249132156372
D0028,T0179,0,0.3474688827991485
D0028,T0180,0,0.3896436989307403
D0028,T0181,0,0.3960899412631988
D0028,T0182,0,0.3481230437755584
D0028,T0183,0,0.3653925955295563
D0028,T0184,0,0.3594148755073547
D0028,T0185,0,0.3742496967315674
D0028,T0186,0,0.3687227368354797
D0028,T0187,0,0.3814824819564819
D0028,T0188,0,0.3797723650932312
D0028,T0189,0,0.4481549263000488
D0028,T0190,0,0.3799789249897003
D0028,T0191,0,0.4383098185062408
D0028,T0192,0,0.3658460676670074
D0028,T0193,0,0.3967642188072204
D0028,T0194,0,0.3967642188072204
D0028,T0195,1,0.403481513261795
D0028,T0196,1,0.4238600730895996
D0028,T0197,0,0.3301829695701599
D0028,T0198,0,0.3417883217334747
D0028,T0199,0,0.32978555560112
D0028,T0200,1,0.5613206624984741
D0028,T0201,0,0.5613206624984741
D0028,T0202,0,0.5613207221031189
D0028,T0203,1,0.5613206624984741
D0028,T0204,1,0.5613206624984741
D0028,T0205,1,0.5613206624984741
D0028,T0206,0,0.5613206624984741
D0028,T0207,1,0.5613207221031189
D0028,T0208,0,0.3598619401454925
D0028,T0209,0,0.3580303490161896
D0028,T0210,0,0.4984007477760315
D0028,T0211,0,0.3308869302272796
D0028,T0212,0,0.3334477245807647
D0028,T0213,0,0.3718581199645996
D0028,T0214,0,0.6400577425956726
D0028,T0215,0,0.3457165658473968
D0028,T0216,0,0.3457165658473968
D0028,T0217,0,0.3375757038593292
D0028,T0218,0,0.5219559073448181
D0028,T0219,0,0.3471400141716003
D0028,T0220,0,0.3430981934070587
D0028,T0221,0,0.346876710653305
D0028,T0222,0,0.3585179448127746
D0028,T0223,0,0.4730378985404968
D0028,T0224,0,0.4462799429893493
D0028,T0225,0,0.3950511217117309
D0028,T0226,0,0.3971454501152038
D0028,T0227,0,0.3853512406349182
D0028,T0228,0,0.5718836784362793
D0028,T0229,0,0.3769862353801727
D0028,T0230,0,0.3586020767688751
D0028,T0231,0,0.3669876456260681
D0028,T0232,0,0.3792289197444916
D0028,T0233,0,0.3827581107616424
D0028,T0234,0,0.3770096600055694
D0028,T0235,0,0.3674818575382232
D0028,T0236,0,0.3758569955825805
D0028,T0237,0,0.481501817703247
D0028,T0238,0,0.4585017263889313
D0028,T0239,0,0.4479903280735016
D0028,T0240,0,0.4270118772983551
D0028,T0241,0,0.5136513113975525
D0028,T0242,0,0.4336485266685486
D0028,T0243,0,0.391156941652298
D0028,T0244,0,0.3784027695655823
D0028,T0245,0,0.3625611066818237
D0028,T0246,0,0.3625611066818237
D0028,T0247,0,0.3625611364841461
D0028,T0248,0,0.5808935165405273
D0028,T0249,0,0.380791962146759
D0028,T0250,0,0.3637243509292602
D0028,T0251,0,0.389024406671524
D0028,T0252,0,0.4536525905132293
D0028,T0253,0,0.3778784573078155
D0028,T0254,0,0.3493614196777344
D0028,T0255,0,0.3586331307888031
D0028,T0256,0,0.3381387591361999
D0028,T0257,0,0.3467143177986145
D0028,T0258,0,0.448360413312912
D0028,T0259,0,0.3596757352352142
D0028,T0260,0,0.4331893622875213
D0028,T0261,0,0.3981324732303619
D0028,T0262,0,0.4076341986656189
D0028,T0263,0,0.3530557751655578
D0028,T0264,0,0.3752018809318542
D0028,T0265,0,0.3826761245727539
D0028,T0266,0,0.4068568050861358
D0028,T0267,0,0.4438648819923401
D0028,T0268,0,0.3480034470558166
D0028,T0269,0,0.3465613722801208
D0028,T0270,0,0.354416936635971
D0028,T0271,0,0.3519493043422699
D0028,T0272,0,0.3365449011325836
D0028,T0273,0,0.3303105533123016
D0028,T0274,0,0.3300236463546753
D0028,T0275,0,0.3358975946903229
D0028,T0276,0,0.3289077281951904
D0028,T0277,0,0.3295490145683288
D0028,T0278,0,0.3377835750579834
D0028,T0279,0,0.3410962522029876
D0028,T0280,0,0.3223415911197662
D0028,T0281,0,0.3491376042366028
D0028,T0282,0,0.3289202451705932
D0028,T0283,0,0.3504858314990997
D0028,T0284,0,0.348426342010498
D0028,T0285,0,0.3348426520824432
D0028,T0286,0,0.360231339931488
D0028,T0287,0,0.3608028888702392
D0028,T0288,0,0.4488795101642608
D0028,T0289,0,0.4492369592189789
D0028,T0290,0,0.4430220425128937
D0028,T0291,0,0.4357025921344757
D0028,T0292,0,0.440173476934433
D0028,T0293,0,0.4461547136306762
D0028,T0294,0,0.3627602159976959
D0028,T0295,0,0.3728391528129577
D0028,T0296,0,0.3726605474948883
D0028,T0297,1,0.7628719210624695
D0028,T0298,1,0.8350378274917603
D0028,T0299,0,0.3525344133377075
D0028,T0300,0,0.376560628414154
D0028,T0301,0,0.3373574912548065
D0028,T0302,0,0.3494925796985626
D0028,T0303,0,0.3525656759738922
D0028,T0304,0,0.4256690442562103
D0028,T0305,0,0.4330811202526092
D0028,T0306,0,0.3352357447147369
D0028,T0307,0,0.3303748965263366
D0028,T0308,0,0.3255790472030639
D0028,T0309,0,0.3255790472030639
D0028,T0310,0,0.3255790472030639
D0028,T0311,0,0.3255790472030639
D0028,T0312,0,0.3255790472030639
D0028,T0313,0,0.3255790472030639
D0028,T0314,0,0.3255790472030639
D0028,T0315,0,0.3255790472030639
D0028,T0316,0,0.3255790472030639
D0028,T0317,0,0.3255790472030639
D0028,T0318,0,0.3281779587268829
D0028,T0319,0,0.3236899673938751
D0028,T0320,0,0.3252273797988891
D0028,T0321,0,0.3283585608005523
D0028,T0322,0,0.3604696393013
D0028,T0323,0,0.3613952398300171
D0028,T0324,0,0.3775873780250549
D0028,T0325,0,0.3557111620903015
D0028,T0326,0,0.357085257768631
D0028,T0327,0,0.417639672756195
D0028,T0328,0,0.3965143263339996
D0028,T0329,0,0.3707113564014435
D0028,T0330,0,0.3723104894161224
D0028,T0331,0,0.3251665532588959
D0028,T0332,0,0.380813717842102
D0028,T0333,0,0.3716164529323578
D0028,T0334,0,0.3827335834503174
D0028,T0335,0,0.3322114050388336
D0028,T0336,0,0.3348934054374695
D0028,T0337,0,0.356915682554245
D0028,T0338,0,0.4415783882141113
D0028,T0339,0,0.3933084011077881
D0028,T0340,0,0.4019976258277893
D0028,T0341,0,0.3945036828517914
D0028,T0342,0,0.3627220690250397
D0028,T0343,0,0.3993687927722931
D0028,T0344,0,0.3608153760433197
D0028,T0345,0,0.3585911691188812
D0028,T0346,0,0.3591279983520508
D0028,T0347,0,0.3701263964176178
D0028,T0348,0,0.3607799410820007
D0028,T0349,0,0.3221747875213623
D0028,T0350,0,0.3688354790210724
D0028,T0351,0,0.3573200404644012
D0028,T0352,0,0.3801220655441284
D0028,T0353,0,0.4146014451980591
D0028,T0354,0,0.3580700159072876
D0028,T0355,1,0.578894317150116
D0028,T0356,1,0.578894317150116
D0028,T0357,1,0.5788942575454712
D0028,T0358,1,0.5788942575454712
D0028,T0359,0,0.366235613822937
D0028,T0360,0,0.3259750604629516
D0028,T0361,0,0.3625938296318054
D0028,T0362,0,0.3568241596221924
D0028,T0363,0,0.3861661255359649
D0028,T0364,0,0.3358407318592071
D0028,T0365,0,0.41663858294487
D0028,T0366,0,0.3510901033878326
D0028,T0367,0,0.3631360232830047
D0028,T0368,0,0.3750414550304413
D0028,T0369,0,0.3627766072750091
D0028,T0370,0,0.3627766072750091
D0028,T0371,0,0.3345430195331573
D0028,T0372,0,0.3345430195331573
D0028,T0373,0,0.3650641739368438
D0028,T0374,0,0.3650641739368438
D0028,T0375,0,0.3673084080219269
D0028,T0376,0,0.3675872087478637
D0028,T0377,0,0.3675872087478637
D0028,T0378,0,0.3542828261852264
D0028,T0379,0,0.354282796382904
D0028,T0380,0,0.341573029756546
D0028,T0381,0,0.3749817907810211
D0028,T0382,0,0.3579734563827514
D0028,T0383,0,0.3488276898860931
D0028,T0384,0,0.3957476615905761
D0028,T0385,0,0.4220407605171203
D0028,T0386,0,0.5596293807029724
D0028,T0387,0,0.4361386001110077
D0028,T0388,0,0.3986102640628814
D0028,T0389,0,0.499042809009552
D0028,T0390,0,0.4062608778476715
D0028,T0391,0,0.356240302324295
D0028,T0392,0,0.377545028924942
D0028,T0393,0,0.3698696494102478
D0028,T0394,1,0.7463083863258362
D0028,T0395,0,0.4263035953044891
D0028,T0396,0,0.6483537554740906
D0028,T0397,0,0.3341516256332397
D0028,T0398,0,0.3514540791511535
D0028,T0399,0,0.363239049911499
D0028,T0400,1,0.3796975016593933
D0028,T0401,0,0.4039951860904693
D0028,T0402,0,0.3765744566917419
D0028,T0403,0,0.395146369934082
D0028,T0404,0,0.3755008578300476
D0028,T0405,0,0.3620097637176513
D0028,T0406,0,0.3262336552143097
D0028,T0407,0,0.3392861187458038
D0028,T0408,0,0.3357583582401275
D0028,T0409,0,0.3705381751060486
D0028,T0410,0,0.3789720237255096
D0028,T0411,0,0.35748490691185
D0028,T0412,0,0.3553506433963775
D0028,T0413,0,0.5667096972465515
D0028,T0414,0,0.3940969705581665
D0028,T0415,0,0.4045756459236145
D0028,T0416,0,0.3501926958560943
D0028,T0417,0,0.3609190285205841
D0028,T0418,0,0.3832147717475891
D0028,T0419,0,0.3647887110710144
D0028,T0420,0,0.3540297746658325
D0028,T0421,0,0.3633174896240234
D0028,T0422,0,0.3801430761814117
D0028,T0423,0,0.3727293312549591
D0028,T0424,1,0.3511259257793426
D0028,T0425,0,0.3511259257793426
D0028,T0426,0,0.3552863001823425
D0028,T0427,0,0.4313042163848877
D0028,T0428,0,0.4246487021446228
D0028,T0429,0,0.3950179815292358
D0028,T0430,0,0.4253252744674682
D0028,T0431,0,0.3319404125213623
D0028,T0432,0,0.3246321380138397
D0028,T0433,0,0.3240975439548492
D0028,T0434,0,0.3456832766532898
D0028,T0435,0,0.3478193879127502
D0028,T0436,0,0.3465171456336975
D0028,T0437,0,0.4971023499965668
D0028,T0438,0,0.4043346345424652
D0028,T0439,0,0.9322018027305604
D0028,T0440,0,0.3695974051952362
D0028,T0441,0,0.3562397956848144
D0041,T0000,0,0.4911427497863769
D0041,T0001,0,0.3437561988830566
D0041,T0002,0,0.3437561988830566
D0041,T0003,0,0.3437561988830566
D0041,T0004,0,0.3437561988830566
D0041,T0005,0,0.3437561988830566
D0041,T0006,0,0.3437561988830566
D0041,T0007,0,0.3437561988830566
D0041,T0008,0,0.3437561988830566
D0041,T0009,0,0.3437561988830566
D0041,T0010,0,0.3437561988830566
D0041,T0011,0,0.3437561988830566
D0041,T0012,0,0.3437561988830566
D0041,T0013,0,0.3437562584877014
D0041,T0014,0,0.3437561988830566
D0041,T0015,0,0.3437561988830566
D0041,T0016,0,0.3513763844966888
D0041,T0017,0,0.3726859986782074
D0041,T0018,0,0.369327038526535
D0041,T0019,0,0.3769835233688354
D0041,T0020,0,0.4045883119106293
D0041,T0021,0,0.3875696957111358
D0041,T0022,0,0.3511473834514618
D0041,T0023,0,0.354581207036972
D0041,T0024,0,0.3927265703678131
D0041,T0025,0,0.3943536877632141
D0041,T0026,0,0.402534544467926
D0041,T0027,0,0.3690850436687469
D0041,T0028,0,0.4206422567367553
D0041,T0029,0,0.452194333076477
D0041,T0030,0,0.3276063799858093
D0041,T0031,0,0.4627925455570221
D0041,T0032,0,0.3693345189094543
D0041,T0033,0,0.3752580285072326
D0041,T0034,0,0.4198695719242096
D0041,T0035,0,0.4339677989482879
D0041,T0036,0,0.4606419205665588
D0041,T0037,0,0.417534202337265
D0041,T0038,0,0.7148154377937317
D0041,T0039,0,0.3291561007499695
D0041,T0040,0,0.3753615915775299
D0041,T0041,0,0.4015887081623077
D0041,T0042,0,0.3829308450222015
D0041,T0043,0,0.3738923370838165
D0041,T0044,0,0.3930784165859222
D0041,T0045,0,0.3930783867835998
D0041,T0046,0,0.3648649752140045
D0041,T0047,0,0.4200831353664398
D0041,T0048,0,0.4276538491249084
D0041,T0049,0,0.3924577832221985
D0041,T0050,0,0.4179352223873138
D0041,T0051,0,0.4070976674556732
D0041,T0052,0,0.4105169773101806
D0041,T0053,0,0.4202346801757812
D0041,T0054,0,0.4001968204975128
D0041,T0055,0,0.4192753136157989
D0041,T0056,0,0.4186207950115204
D0041,T0057,0,0.382010281085968
D0041,T0058,0,0.3851682841777801
D0041,T0059,0,0.3988184928894043
D0041,T0060,0,0.377989113330841
D0041,T0061,0,0.3829596638679504
D0041,T0062,0,0.3838319778442383
D0041,T0063,0,0.4147189855575561
D0041,T0064,0,0.3466942310333252
D0041,T0065,0,0.3944506347179413
D0041,T0066,0,0.3944903314113617
D0041,T0067,0,0.4232802093029022
D0041,T0068,0,0.4232802093029022
D0041,T0069,0,0.3823542296886444
D0041,T0070,0,0.3844604790210724
D0041,T0071,0,0.3441851139068603
D0041,T0072,0,0.3765060007572174
D0041,T0073,0,0.3745344281196594
D0041,T0074,0,0.3725665509700775
D0041,T0075,0,0.357641339302063
D0041,T0076,0,0.3839359879493713
D0041,T0077,0,0.4146661758422851
D0041,T0078,0,0.3981854915618896
D0041,T0079,0,0.3719907104969024
D0041,T0080,0,0.4238104820251465
D0041,T0081,0,0.4083957076072693
D0041,T0082,0,0.3895415663719177
D0041,T0083,0,0.4321986734867096
D0041,T0084,0,0.4557121098041534
D0041,T0085,0,0.3529457449913025
D0041,T0086,0,0.3574608564376831
D0041,T0087,0,0.3561384677886963
D0041,T0088,0,0.3588595688343048
D0041,T0089,0,0.360367476940155
D0041,T0090,0,0.3529687225818634
D0041,T0091,0,0.3533971607685089
D0041,T0092,0,0.354311853647232
D0041,T0093,0,0.3378511071205139
D0041,T0094,0,0.3376772403717041
D0041,T0095,0,0.3614172041416168
D0041,T0096,0,0.3879773914813995
D0041,T0097,0,0.4240473806858063
D0041,T0098,0,0.4405538141727447
D0041,T0099,0,0.3788503408432007
D0041,T0100,0,0.3772218823432922
D0041,T0101,0,0.426362544298172
D0041,T0102,0,0.3714494705200195
D0041,T0103,0,0.3656041026115417
D0041,T0104,0,0.3420582115650177
D0041,T0105,0,0.3651423156261444
D0041,T0106,0,0.3624646067619324
D0041,T0107,0,0.5601581931114197
D0041,T0108,0,0.4445648193359375
D0041,T0109,0,0.3875315189361572
D0041,T0110,0,0.391249269247055
D0041,T0111,0,0.3921608030796051
D0041,T0112,0,0.3871753513813019
D0041,T0113,0,0.3871753513813019
D0041,T0114,0,0.3871753215789795
D0041,T0115,0,0.3871753513813019
D0041,T0116,0,0.3871753513813019
D0041,T0117,0,0.3871753215789795
D0041,T0118,0,0.3871753513813019
D0041,T0119,0,0.3871753215789795
D0041,T0120,0,0.3871753513813019
D0041,T0121,0,0.3871753513813019
D0041,T0122,0,0.3871753513813019
D0041,T0123,0,0.3871753513813019
D0041,T0124,0,0.3466512560844421
D0041,T0125,0,0.3581458628177643
D0041,T0126,0,0.344237208366394
D0041,T0127,0,0.3479250967502594
D0041,T0128,0,0.350077360868454
D0041,T0129,0,0.3539637923240661
D0041,T0130,0,0.365311324596405
D0041,T0131,0,0.3599461913108825
D0041,T0132,0,0.3549357950687408
D0041,T0133,0,0.3340959846973419
D0041,T0134,0,0.3615449666976928
D0041,T0135,0,0.3385645449161529
D0041,T0136,0,0.3462740182876587
D0041,T0137,0,0.3479297161102295
D0041,T0138,0,0.4030860662460327
D0041,T0139,0,0.4055536985397339
D0041,T0140,0,0.3980139195919037
D0041,T0141,0,0.3471697270870209
D0041,T0142,0,0.3522104024887085
D0041,T0143,0,0.3365938663482666
D0041,T0144,0,0.3394207656383514
D0041,T0145,0,0.3538318574428558
D0041,T0146,0,0.3705646991729736
D0041,T0147,0,0.4033710658550262
D0041,T0148,0,0.3393783867359161
D0041,T0149,0,0.3424482047557831
D0041,T0150,0,0.3403427898883819
D0041,T0151,0,0.3409043848514557
D0041,T0152,0,0.3423601984977722
D0041,T0153,0,0.3495800793170929
D0041,T0154,0,0.3495800793170929
D0041,T0155,0,0.340409904718399
D0041,T0156,0,0.3330653011798858
D0041,T0157,0,0.5025559067726135
D0041,T0158,0,0.9149177074432372
D0041,T0159,0,0.9149177074432372
D0041,T0160,0,0.9149177074432372
D0041,T0161,0,0.9149177074432372
D0041,T0162,0,0.9149178266525269
D0041,T0163,0,0.9149177074432372
D0041,T0164,0,0.9149177074432372
D0041,T0165,0,0.4141874015331268
D0041,T0166,0,0.3745034635066986
D0041,T0167,0,0.3294772505760193
D0041,T0168,0,0.7174414992332458
D0041,T0169,0,0.3726414442062378
D0041,T0170,0,0.4195156395435333
D0041,T0171,0,0.3927812278270721
D0041,T0172,0,0.4172751009464264
D0041,T0173,0,0.3777036666870117
D0041,T0174,0,0.3779204487800598
D0041,T0175,0,0.3270657062530517
D0041,T0176,0,0.3623428344726562
D0041,T0177,0,0.3679486215114593
D0041,T0178,0,0.367618203163147
D0041,T0179,0,0.3637802004814148
D0041,T0180,0,0.426773190498352
D0041,T0181,0,0.4165122807025909
D0041,T0182,0,0.3824034929275512
D0041,T0183,0,0.3871695697307586
D0041,T0184,0,0.3809528052806854
D0041,T0185,0,0.4100579619407654
D0041,T0186,0,0.4035127758979797
D0041,T0187,0,0.3985389471054077
D0041,T0188,0,0.3978115022182464
D0041,T0189,0,0.5596510171890259
D0041,T0190,0,0.4342854022979736
D0041,T0191,0,0.5313718914985657
D0041,T0192,0,0.3755063712596893
D0041,T0193,0,0.4209147691726684
D0041,T0194,0,0.4209147691726684
D0041,T0195,0,0.4347028732299804
D0041,T0196,0,0.4588311910629272
D0041,T0197,0,0.3581361770629883
D0041,T0198,0,0.3742046952247619
D0041,T0199,0,0.3577050864696502
D0041,T0200,0,0.4811970591545105
D0041,T0201,0,0.4811970591545105
D0041,T0202,0,0.4811970591545105
D0041,T0203,0,0.4811970591545105
D0041,T0204,0,0.4811970591545105
D0041,T0205,0,0.4811970591545105
D0041,T0206,0,0.4811970591545105
D0041,T0207,0,0.4811970591545105
D0041,T0208,0,0.3906241655349731
D0041,T0209,0,0.3937833607196808
D0041,T0210,0,0.3251702189445495
D0041,T0211,0,0.3388375341892242
D0041,T0212,0,0.3416462242603302
D0041,T0213,0,0.3994127511978149
D0041,T0214,0,0.5612120032310486
D0041,T0215,0,0.370268702507019
D0041,T0216,0,0.370268702507019
D0041,T0217,0,0.3428902328014374
D0041,T0218,0,0.3251599669456482
D0041,T0219,0,0.3488706648349762
D0041,T0220,0,0.3686503469944
D0041,T0221,0,0.3546797335147857
D0041,T0222,0,0.3880893588066101
D0041,T0223,0,0.5168906450271606
D0041,T0224,0,0.4711497724056244
D0041,T0225,0,0.3855460584163666
D0041,T0226,0,0.4078978300094604
D0041,T0227,0,0.3907457292079925
D0041,T0228,0,0.62959885597229
D0041,T0229,0,0.3842924535274505
D0041,T0230,0,0.3810372054576874
D0041,T0231,0,0.4018669724464416
D0041,T0232,0,0.4107139706611633
D0041,T0233,0,0.4205507934093475
D0041,T0234,0,0.401416152715683
D0041,T0235,0,0.3913088738918304
D0041,T0236,0,0.4271723926067352
D0041,T0237,0,0.4451234042644501
D0041,T0238,0,0.4261285960674286
D0041,T0239,0,0.4822222888469696
D0041,T0240,0,0.4681101441383362
D0041,T0241,0,0.4582787752151489
D0041,T0242,0,0.4715324640274048
D0041,T0243,0,0.4312255978584289
D0041,T0244,0,0.3978047668933868
D0041,T0245,1,0.3805843889713287
D0041,T0246,1,0.3805844485759735
D0041,T0247,1,0.3805844485759735
D0041,T0248,0,0.6434431076049805
D0041,T0249,0,0.4066431522369385
D0041,T0250,0,0.3782538473606109
D0041,T0251,0,0.4183149337768554
D0041,T0252,0,0.5583382844924927
D0041,T0253,0,0.3923008441925049
D0041,T0254,0,0.3644700348377228
D0041,T0255,0,0.3695643544197082
D0041,T0256,0,0.3510071337223053
D0041,T0257,0,0.3650961220264435
D0041,T0258,0,0.5645522475242615
D0041,T0259,0,0.3728573024272918
D0041,T0260,0,0.5603853464126587
D0041,T0261,0,0.448983758687973
D0041,T0262,0,0.4531860947608948
D0041,T0263,0,0.3548449873924255
D0041,T0264,0,0.3771964907646179
D0041,T0265,0,0.3902979791164398
D0041,T0266,0,0.4728968143463135
D0041,T0267,0,0.5222033262252808
D0041,T0268,0,0.358043372631073
D0041,T0269,0,0.3560527861118316
D0041,T0270,0,0.3725791573524475
D0041,T0271,0,0.3728254735469818
D0041,T0272,0,0.3391159474849701
D0041,T0273,0,0.3463609218597412
D0041,T0274,0,0.3424945473670959
D0041,T0275,0,0.3512823283672333
D0041,T0276,0,0.3420703709125519
D0041,T0277,0,0.3439390361309051
D0041,T0278,0,0.3564843237400055
D0041,T0279,0,0.3572637140750885
D0041,T0280,0,0.3367524147033691
D0041,T0281,0,0.3674162328243255
D0041,T0282,0,0.3562768399715423
D0041,T0283,0,0.3622246980667114
D0041,T0284,0,0.3873103559017181
D0041,T0285,0,0.3673585653305053
D0041,T0286,0,0.3960669040679931
D0041,T0287,0,0.3910808563232422
D0041,T0288,0,0.5339117050170898
D0041,T0289,0,0.5331868529319763
D0041,T0290,0,0.5216563940048218
D0041,T0291,0,0.4953573942184448
D0041,T0292,0,0.5287716388702393
D0041,T0293,0,0.5201430320739746
D0041,T0294,0,0.4065759181976318
D0041,T0295,0,0.4067379534244537
D0041,T0296,0,0.405398428440094
D0041,T0297,0,0.5344008207321167
D0041,T0298,0,0.6351357102394104
D0041,T0299,0,0.378426194190979
D0041,T0300,0,0.4274986386299133
D0041,T0301,0,0.3643235564231872
D0041,T0302,0,0.3824313879013061
D0041,T0303,0,0.381675511598587
D0041,T0304,0,0.4969123601913452
D0041,T0305,0,0.5051475167274475
D0041,T0306,0,0.3432398736476898
D0041,T0307,0,0.3365077972412109
D0041,T0308,0,0.3310795426368713
D0041,T0309,0,0.3310795426368713
D0041,T0310,0,0.3310795426368713
D0041,T0311,0,0.3310795724391937
D0041,T0312,0,0.3310795724391937
D0041,T0313,0,0.3310795426368713
D0041,T0314,0,0.3310795426368713
D0041,T0315,0,0.3310795426368713
D0041,T0316,0,0.3310795724391937
D0041,T0317,0,0.3310795426368713
D0041,T0318,0,0.3327454924583435
D0041,T0319,0,0.3267725706100464
D0041,T0320,0,0.3313915431499481
D0041,T0321,0,0.3373837769031524
D0041,T0322,0,0.387999415397644
D0041,T0323,0,0.3986296653747558
D0041,T0324,0,0.4180996716022491
D0041,T0325,0,0.3674629032611847
D0041,T0326,0,0.3714330792427063
D0041,T0327,0,0.4288144111633301
D0041,T0328,0,0.4012075066566467
D0041,T0329,0,0.4192028641700744
D0041,T0330,0,0.4288762211799621
D0041,T0331,0,0.3421695828437805
D0041,T0332,0,0.4165947139263153
D0041,T0333,0,0.4192131757736206
D0041,T0334,0,0.4708012640476227
D0041,T0335,0,0.3506037890911102
D0041,T0336,0,0.3633004128932953
D0041,T0337,0,0.3873098492622375
D0041,T0338,0,0.4359627068042755
D0041,T0339,0,0.4616085886955261
D0041,T0340,0,0.5078175067901611
D0041,T0341,0,0.4864091277122497
D0041,T0342,0,0.3935363292694092
D0041,T0343,0,0.4864294528961181
D0041,T0344,0,0.3775890171527862
D0041,T0345,0,0.3797423243522644
D0041,T0346,0,0.3771901428699493
D0041,T0347,0,0.4179437458515167
D0041,T0348,0,0.411505252122879
D0041,T0349,0,0.3473390638828277
D0041,T0350,0,0.4144924283027649
D0041,T0351,0,0.3743960261344909
D0041,T0352,0,0.3743338882923126
D0041,T0353,0,0.4595619142055511
D0041,T0354,0,0.3953203558921814
D0041,T0355,0,0.6556118726730347
D0041,T0356,0,0.6556118726730347
D0041,T0357,0,0.6556118726730347
D0041,T0358,0,0.6556118726730347
D0041,T0359,0,0.4049953818321228
D0041,T0360,0,0.3470749855041504
D0041,T0361,0,0.3989937007427215
D0041,T0362,0,0.3739461898803711
D0041,T0363,0,0.4074350297451019
D0041,T0364,0,0.3399012982845306
D0041,T0365,0,0.4471107721328735
D0041,T0366,0,0.372394323348999
D0041,T0367,0,0.3681344091892242
D0041,T0368,0,0.3831923007965088
D0041,T0369,0,0.3879345953464508
D0041,T0370,0,0.3879345953464508
D0041,T0371,0,0.3570857346057892
D0041,T0372,0,0.3570857346057892
D0041,T0373,0,0.3884048461914062
D0041,T0374,0,0.3884048461914062
D0041,T0375,0,0.3975631594657898
D0041,T0376,0,0.3903087675571441
D0041,T0377,0,0.390308678150177
D0041,T0378,0,0.3766126930713653
D0041,T0379,0,0.3766126930713653
D0041,T0380,0,0.376647800207138
D0041,T0381,0,0.396379292011261
D0041,T0382,0,0.3828842043876648
D0041,T0383,0,0.3951774835586548
D0041,T0384,0,0.4161969125270843
D0041,T0385,0,0.4328210949897766
D0041,T0386,0,0.4746011197566986
D0041,T0387,0,0.4922800660133362
D0041,T0388,0,0.4226092100143432
D0041,T0389,0,0.3357569575309753
D0041,T0390,0,0.3810808360576629
D0041,T0391,0,0.3812765181064605
D0041,T0392,0,0.3978514969348907
D0041,T0393,0,0.3954979479312897
D0041,T0394,0,0.6526902914047241
D0041,T0395,0,0.4594603180885315
D0041,T0396,0,0.5778219699859619
D0041,T0397,0,0.3619062602519989
D0041,T0398,0,0.3678012192249298
D0041,T0399,0,0.3628713190555572
D0041,T0400,0,0.4079947471618652
D0041,T0401,0,0.4060449302196502
D0041,T0402,0,0.3826266825199127
D0041,T0403,0,0.401963472366333
D0041,T0404,0,0.4156353175640106
D0041,T0405,0,0.3616777658462524
D0041,T0406,0,0.3358235657215118
D0041,T0407,0,0.3621533215045929
D0041,T0408,0,0.351990133523941
D0041,T0409,0,0.3762710690498352
D0041,T0410,0,0.3812220990657806
D0041,T0411,0,0.3848451972007751
D0041,T0412,0,0.3804833889007568
D0041,T0413,0,0.63282710313797
D0041,T0414,0,0.383766770362854
D0041,T0415,0,0.354726642370224
D0041,T0416,0,0.352018654346466
D0041,T0417,0,0.3844418823719024
D0041,T0418,0,0.4275124669075012
D0041,T0419,0,0.3755701184272766
D0041,T0420,0,0.3725054562091827
D0041,T0421,0,0.3962266445159912
D0041,T0422,0,0.443572074174881
D0041,T0423,0,0.3693495988845825
D0041,T0424,0,0.3633759915828705
D0041,T0425,0,0.3633759915828705
D0041,T0426,0,0.3599880933761596
D0041,T0427,0,0.4985138475894928
D0041,T0428,0,0.4908937215805053
D0041,T0429,0,0.4178789854049682
D0041,T0430,0,0.4208142161369324
D0041,T0431,0,0.3522404134273529
D0041,T0432,0,0.3355555236339569
D0041,T0433,0,0.3347716033458709
D0041,T0434,0,0.359682023525238
D0041,T0435,0,0.359172523021698
D0041,T0436,0,0.3622027337551117
D0041,T0437,0,0.3325867354869842
D0041,T0438,0,0.4360063076019287
D0041,T0439,0,0.9267118573188782
D0041,T0440,0,0.3887709975242615
D0041,T0441,0,0.3646630644798279
D0046,T0000,0,0.3453862965106964
D0046,T0001,0,0.3422489166259765
D0046,T0002,0,0.3422489166259765
D0046,T0003,0,0.3422489166259765
D0046,T0004,0,0.3422489166259765
D0046,T0005,0,0.3422489166259765
D0046,T0006,0,0.3422489166259765
D0046,T0007,0,0.3422489166259765
D0046,T0008,0,0.3422489166259765
D0046,T0009,0,0.3422489166259765
D0046,T0010,0,0.3422489166259765
D0046,T0011,0,0.3422489166259765
D0046,T0012,0,0.3422489166259765
D0046,T0013,0,0.3422489166259765
D0046,T0014,0,0.3422489166259765
D0046,T0015,0,0.3422489166259765
D0046,T0016,0,0.3471738696098327
D0046,T0017,0,0.3937625288963318
D0046,T0018,0,0.3899343013763428
D0046,T0019,0,0.3787553012371063
D0046,T0020,0,0.387877345085144
D0046,T0021,0,0.3954661786556244
D0046,T0022,0,0.3610033690929413
D0046,T0023,0,0.3698805272579193
D0046,T0024,0,0.3705010116100311
D0046,T0025,0,0.3728633224964142
D0046,T0026,0,0.3717423379421234
D0046,T0027,0,0.3946565687656402
D0046,T0028,0,0.3461309969425201
D0046,T0029,0,0.3547797501087188
D0046,T0030,0,0.3680920302867889
D0046,T0031,0,0.3599339723587036
D0046,T0032,0,0.3517634570598602
D0046,T0033,0,0.3524640500545501
D0046,T0034,0,0.350707471370697
D0046,T0035,0,0.3637880384922027
D0046,T0036,0,0.3550363779067993
D0046,T0037,0,0.3427947759628296
D0046,T0038,0,0.36016446352005
D0046,T0039,0,0.3214181065559387
D0046,T0040,0,0.3906234204769134
D0046,T0041,0,0.3995159566402435
D0046,T0042,0,0.3919938206672668
D0046,T0043,0,0.38912233710289
D0046,T0044,0,0.3804057240486145
D0046,T0045,0,0.3804056942462921
D0046,T0046,0,0.3742557168006897
D0046,T0047,0,0.3558076322078705
D0046,T0048,0,0.3529213070869446
D0046,T0049,0,0.387115329504013
D0046,T0050,0,0.3433160483837127
D0046,T0051,0,0.3443701565265655
D0046,T0052,0,0.3543415367603302
D0046,T0053,0,0.3529728055000305
D0046,T0054,0,0.3497484028339386
D0046,T0055,0,0.3457668423652649
D0046,T0056,0,0.3505704402923584
D0046,T0057,0,0.3665478825569153
D0046,T0058,0,0.348599761724472
D0046,T0059,0,0.3468520641326904
D0046,T0060,0,0.3622975945472717
D0046,T0061,0,0.3642236888408661
D0046,T0062,0,0.366759181022644
D0046,T0063,0,0.3679354190826416
D0046,T0064,0,0.3558796942234039
D0046,T0065,0,0.3756279349327087
D0046,T0066,0,0.3750258386135101
D0046,T0067,0,0.375615656375885
D0046,T0068,0,0.375615656375885
D0046,T0069,0,0.3752456307411194
D0046,T0070,0,0.3813976347446441
D0046,T0071,0,0.3528714776039123
D0046,T0072,0,0.3778915405273437
D0046,T0073,0,0.381121814250946
D0046,T0074,0,0.3800505399703979
D0046,T0075,0,0.3704220652580261
D0046,T0076,0,0.3798789381980896
D0046,T0077,0,0.350326657295227
D0046,T0078,0,0.3668552041053772
D0046,T0079,0,0.3731753826141357
D0046,T0080,0,0.3225976526737213
D0046,T0081,0,0.3252725601196289
D0046,T0082,0,0.3308343887329101
D0046,T0083,0,0.321629136800766
D0046,T0084,0,0.3784051537513733
D0046,T0085,0,0.3802092373371124
D0046,T0086,0,0.3749268054962158
D0046,T0087,0,0.373963326215744
D0046,T0088,0,0.3754743039608001
D0046,T0089,0,0.3754558861255646
D0046,T0090,0,0.3750992715358734
D0046,T0091,0,0.3743452429771423
D0046,T0092,0,0.3756304681301117
D0046,T0093,0,0.3646398782730102
D0046,T0094,0,0.3627496659755707
D0046,T0095,0,0.3770201802253723
D0046,T0096,0,0.3588838875293731
D0046,T0097,0,0.3451870083808899
D0046,T0098,0,0.348635196685791
D0046,T0099,0,0.3719260096549988
D0046,T0100,0,0.367612212896347
D0046,T0101,0,0.3649374842643738
D0046,T0102,0,0.365414559841156
D0046,T0103,0,0.3580081164836883
D0046,T0104,0,0.3631744682788849
D0046,T0105,0,0.3742909729480743
D0046,T0106,0,0.3716566860675812
D0046,T0107,0,0.3476042449474334
D0046,T0108,0,0.3369186818599701
D0046,T0109,0,0.3383198082447052
D0046,T0110,0,0.3472410142421722
D0046,T0111,0,0.3366089463233948
D0046,T0112,0,0.3411610722541809
D0046,T0113,0,0.3411610722541809
D0046,T0114,0,0.3411610722541809
D0046,T0115,0,0.3411610722541809
D0046,T0116,0,0.3411610722541809
D0046,T0117,0,0.3411610722541809
D0046,T0118,0,0.3411610722541809
D0046,T0119,0,0.3411610722541809
D0046,T0120,0,0.3411610722541809
D0046,T0121,0,0.3411610722541809
D0046,T0122,0,0.3411610722541809
D0046,T0123,0,0.3411610722541809
D0046,T0124,0,0.3637196123600006
D0046,T0125,0,0.3486482799053192
D0046,T0126,0,0.3408924639225006
D0046,T0127,0,0.339454174041748
D0046,T0128,0,0.3429928719997406
D0046,T0129,0,0.3415003418922424
D0046,T0130,0,0.3532353937625885
D0046,T0131,0,0.3568004369735718
D0046,T0132,0,0.3530319929122925
D0046,T0133,0,0.3327486515045166
D0046,T0134,0,0.3468677401542663
D0046,T0135,0,0.3359889090061188
D0046,T0136,0,0.3411898016929626
D0046,T0137,0,0.3438908159732818
D0046,T0138,0,0.3524959981441498
D0046,T0139,0,0.3516030609607696
D0046,T0140,0,0.3469172418117523
D0046,T0141,0,0.3703528046607971
D0046,T0142,0,0.3734547793865204
D0046,T0143,0,0.3549709916114807
D0046,T0144,0,0.3557355403900146
D0046,T0145,0,0.3739069402217865
D0046,T0146,0,0.3751517534255981
D0046,T0147,0,0.3536141514778137
D0046,T0148,0,0.3574953973293304
D0046,T0149,0,0.3411448299884796
D0046,T0150,0,0.3642547726631164
D0046,T0151,0,0.3670206069946289
D0046,T0152,0,0.3653471767902374
D0046,T0153,0,0.3826536238193512
D0046,T0154,0,0.3826535940170288
D0046,T0155,0,0.3751271963119507
D0046,T0156,0,0.32579106092453
D0046,T0157,0,0.3782231509685516
D0046,T0158,0,0.3396867215633392
D0046,T0159,0,0.3396867215633392
D0046,T0160,0,0.3396867215633392
D0046,T0161,0,0.3396867215633392
D0046,T0162,0,0.3396867215633392
D0046,T0163,0,0.3396867215633392
D0046,T0164,0,0.3396867215633392
D0046,T0165,0,0.3686371445655823
D0046,T0166,0,0.3662372231483459
D0046,T0167,0,0.3207116723060608
D0046,T0168,0,0.3628607392311096
D0046,T0169,0,0.3531695008277893
D0046,T0170,0,0.3435242474079132
D0046,T0171,0,0.3358542323112488
D0046,T0172,0,0.3363660275936126
D0046,T0173,0,0.3896998763084411
D0046,T0174,0,0.3902290761470794
D0046,T0175,0,0.3206960558891296
D0046,T0176,0,0.340478777885437
D0046,T0177,0,0.3374612629413605
D0046,T0178,0,0.3375200927257538
D0046,T0179,0,0.35859215259552
D0046,T0180,0,0.3444428443908691
D0046,T0181,0,0.3741437494754791
D0046,T0182,0,0.3740453124046325
D0046,T0183,0,0.3691465258598327
D0046,T0184,0,0.3670214712619781
D0046,T0185,0,0.3727482259273529
D0046,T0186,0,0.3331667482852936
D0046,T0187,0,0.372201532125473
D0046,T0188,0,0.3675821125507355
D0046,T0189,0,0.3697983622550964
D0046,T0190,0,0.3558313250541687
D0046,T0191,0,0.365431010723114
D0046,T0192,0,0.3909880816936493
D0046,T0193,0,0.3880465626716614
D0046,T0194,0,0.3880465626716614
D0046,T0195,0,0.3984599411487579
D0046,T0196,0,0.3737363517284393
D0046,T0197,0,0.3547985255718231
D0046,T0198,0,0.3603352606296539
D0046,T0199,0,0.355884313583374
D0046,T0200,0,0.3832460045814514
D0046,T0201,0,0.3832460045814514
D0046,T0202,0,0.3832460045814514
D0046,T0203,0,0.3832460045814514
D0046,T0204,0,0.3832460045814514
D0046,T0205,0,0.3832460045814514
D0046,T0206,0,0.3832460045814514
D0046,T0207,0,0.3832460045814514
D0046,T0208,0,0.3651363849639892
D0046,T0209,0,0.3656769692897796
D0046,T0210,0,0.3205492794513702
D0046,T0211,0,0.3690178394317627
D0046,T0212,0,0.3697563707828522
D0046,T0213,0,0.3481163084506988
D0046,T0214,0,0.3513291776180267
D0046,T0215,0,0.3421938419342041
D0046,T0216,0,0.3421938419342041
D0046,T0217,0,0.3726162910461426
D0046,T0218,0,0.3215173482894897
D0046,T0219,0,0.3725384175777435
D0046,T0220,0,0.3696519434452057
D0046,T0221,0,0.3769887685775757
D0046,T0222,0,0.3374788761138916
D0046,T0223,0,0.3522629141807556
D0046,T0224,0,0.3490838706493377
D0046,T0225,0,0.38936647772789
D0046,T0226,0,0.3411671221256256
D0046,T0227,0,0.3382220566272735
D0046,T0228,0,0.3357188999652862
D0046,T0229,0,0.3331106007099151
D0046,T0230,0,0.3501559495925903
D0046,T0231,0,0.3517200946807861
D0046,T0232,0,0.3460684418678283
D0046,T0233,0,0.3452613651752472
D0046,T0234,0,0.3483754098415375
D0046,T0235,0,0.3495247364044189
D0046,T0236,0,0.3647179007530212
D0046,T0237,0,0.3416855037212372
D0046,T0238,0,0.3402000069618225
D0046,T0239,0,0.3581728339195251
D0046,T0240,0,0.3545086681842804
D0046,T0241,0,0.3477973043918609
D0046,T0242,0,0.350545197725296
D0046,T0243,0,0.3550074100494385
D0046,T0244,0,0.3435320258140564
D0046,T0245,0,0.3866709470748901
D0046,T0246,0,0.3866709470748901
D0046,T0247,0,0.3866709470748901
D0046,T0248,0,0.3373749852180481
D0046,T0249,0,0.3666025400161743
D0046,T0250,0,0.3499701619148254
D0046,T0251,0,0.3564071953296661
D0046,T0252,0,0.3433243930339813
D0046,T0253,0,0.3634923100471496
D0046,T0254,0,0.3574434220790863
D0046,T0255,0,0.3678370714187622
D0046,T0256,0,0.3758020401000976
D0046,T0257,0,0.3770418465137481
D0046,T0258,0,0.3285126090049743
D0046,T0259,0,0.3816912174224853
D0046,T0260,0,0.3312340378761291
D0046,T0261,0,0.3433082997798919
D0046,T0262,0,0.3442295491695404
D0046,T0263,0,0.384430468082428
D0046,T0264,0,0.3585864603519439
D0046,T0265,0,0.3495607674121856
D0046,T0266,0,0.3402779698371887
D0046,T0267,0,0.3446125984191894
D0046,T0268,0,0.3619193434715271
D0046,T0269,0,0.3637405037879944
D0046,T0270,0,0.3716109693050384
D0046,T0271,0,0.3730834424495697
D0046,T0272,0,0.3386029601097107
D0046,T0273,0,0.3630533814430237
D0046,T0274,0,0.347216933965683
D0046,T0275,0,0.354639321565628
D0046,T0276,0,0.3499712347984314
D0046,T0277,0,0.3514696061611175
D0046,T0278,0,0.3558010160923004
D0046,T0279,0,0.3576071262359619
D0046,T0280,0,0.3621731996536255
D0046,T0281,0,0.3661967515945434
D0046,T0282,0,0.3769519925117492
D0046,T0283,0,0.3406192362308502
D0046,T0284,0,0.3856797218322754
D0046,T0285,0,0.380102276802063
D0046,T0286,0,0.3812157213687897
D0046,T0287,0,0.3786964416503906
D0046,T0288,0,0.3517777025699615
D0046,T0289,0,0.3517457842826843
D0046,T0290,0,0.3465832471847534
D0046,T0291,0,0.3615932166576385
D0046,T0292,0,0.349833607673645
D0046,T0293,0,0.3633500039577484
D0046,T0294,0,0.3840335011482239
D0046,T0295,0,0.3747458457946777
D0046,T0296,0,0.3800817430019378
D0046,T0297,0,0.3716970086097717
D0046,T0298,0,0.3734788298606872
D0046,T0299,0,0.3746274709701538
D0046,T0300,0,0.3593790531158447
D0046,T0301,0,0.3617838323116302
D0046,T0302,0,0.3819786310195923
D0046,T0303,0,0.3815358877182007
D0046,T0304,0,0.3656014800071716
D0046,T0305,0,0.3590288162231445
D0046,T0306,0,0.3713834881782532
D0046,T0307,0,0.3693765103816986
D0046,T0308,1,0.3661608695983886
D0046,T0309,1,0.3661608695983886
D0046,T0310,1,0.3661608695983886
D0046,T0311,1,0.3661608397960663
D0046,T0312,1,0.3661608695983886
D0046,T0313,1,0.3661608397960663
D0046,T0314,1,0.3661608695983886
D0046,T0315,1,0.3661608695983886
D0046,T0316,1,0.3661608695983886
D0046,T0317,1,0.3661608397960663
D0046,T0318,1,0.3672121167182922
D0046,T0319,1,0.3650699257850647
D0046,T0320,0,0.3664939999580383
D0046,T0321,0,0.3569115698337555
D0046,T0322,0,0.3628622889518738
D0046,T0323,0,0.3674883544445038
D0046,T0324,0,0.3728909492492676
D0046,T0325,0,0.392814576625824
D0046,T0326,0,0.3876582682132721
D0046,T0327,0,0.3693453371524811
D0046,T0328,0,0.3682526051998138
D0046,T0329,0,0.3673609495162964
D0046,T0330,0,0.3672721683979034
D0046,T0331,0,0.348087340593338
D0046,T0332,0,0.3483668863773346
D0046,T0333,0,0.345603883266449
D0046,T0334,0,0.3755024671554565
D0046,T0335,0,0.3587395548820495
D0046,T0336,0,0.3575962781906128
D0046,T0337,0,0.3762943744659424
D0046,T0338,0,0.3534780442714691
D0046,T0339,0,0.3911126554012298
D0046,T0340,0,0.404108315706253
D0046,T0341,0,0.3980174660682678
D0046,T0342,0,0.382248967885971
D0046,T0343,0,0.3872026801109314
D0046,T0344,0,0.343124121427536
D0046,T0345,0,0.3400799930095672
D0046,T0346,0,0.3403343856334686
D0046,T0347,0,0.3756521344184875
D0046,T0348,0,0.3598662912845611
D0046,T0349,0,0.354425698518753
D0046,T0350,0,0.3631500601768493
D0046,T0351,0,0.3296182453632355
D0046,T0352,0,0.3651859164237976
D0046,T0353,0,0.3532915413379669
D0046,T0354,0,0.3806770443916321
D0046,T0355,0,0.3922426402568817
D0046,T0356,0,0.3922426402568817
D0046,T0357,0,0.3922426402568817
D0046,T0358,0,0.3922426402568817
D0046,T0359,0,0.3441733419895172
D0046,T0360,0,0.3607865869998932
D0046,T0361,0,0.3510920703411102
D0046,T0362,0,0.395803302526474
D0046,T0363,0,0.3978388011455536
D0046,T0364,0,0.3740889430046081
D0046,T0365,0,0.3746262192726135
D0046,T0366,0,0.3679503798484802
D0046,T0367,0,0.3603018224239349
D0046,T0368,0,0.3557257354259491
D0046,T0369,0,0.3723350763320923
D0046,T0370,0,0.3723350763320923
D0046,T0371,0,0.3598706424236297
D0046,T0372,0,0.3598706424236297
D0046,T0373,0,0.3773686289787292
D0046,T0374,0,0.3773686289787292
D0046,T0375,0,0.3788477182388305
D0046,T0376,0,0.3794005215167999
D0046,T0377,0,0.3794005215167999
D0046,T0378,0,0.3750209510326385
D0046,T0379,0,0.3750208914279938
D0046,T0380,0,0.3647010028362274
D0046,T0381,0,0.3583877384662628
D0046,T0382,0,0.3795610666275024
D0046,T0383,0,0.3546018600463867
D0046,T0384,0,0.3545340597629547
D0046,T0385,0,0.3585730791091919
D0046,T0386,0,0.3489696085453033
D0046,T0387,0,0.3522496819496155
D0046,T0388,0,0.3612470924854278
D0046,T0389,0,0.3242027163505554
D0046,T0390,0,0.3692613244056701
D0046,T0391,0,0.3323278129100799
D0046,T0392,0,0.3367863893508911
D0046,T0393,0,0.3368061184883117
D0046,T0394,0,0.3539030849933624
D0046,T0395,0,0.3717603087425232
D0046,T0396,0,0.3825128376483917
D0046,T0397,0,0.3596787750720978
D0046,T0398,0,0.343921422958374
D0046,T0399,0,0.378367930650711
D0046,T0400,0,0.3667724430561065
D0046,T0401,0,0.3615770637989044
D0046,T0402,0,0.3629988431930542
D0046,T0403,0,0.3679410815238952
D0046,T0404,0,0.3328532874584198
D0046,T0405,0,0.3869678378105163
D0046,T0406,0,0.3625068366527557
D0046,T0407,0,0.3869584202766418
D0046,T0408,0,0.3763190507888794
D0046,T0409,0,0.3585900068283081
D0046,T0410,0,0.3643157184123993
D0046,T0411,0,0.3389064371585846
D0046,T0412,0,0.3365317583084106
D0046,T0413,0,0.3380700647830963
D0046,T0414,0,0.3564391434192657
D0046,T0415,0,0.3336216509342193
D0046,T0416,0,0.3958997130393982
D0046,T0417,0,0.3417742252349853
D0046,T0418,0,0.3480247259140014
D0046,T0419,0,0.3455285429954529
D0046,T0420,0,0.3844359517097473
D0046,T0421,0,0.3395226299762726
D0046,T0422,0,0.3301970064640045
D0046,T0423,0,0.3875003755092621
D0046,T0424,0,0.3834699392318725
D0046,T0425,0,0.3834699392318725
D0046,T0426,0,0.354076623916626
D0046,T0427,0,0.3653033971786499
D0046,T0428,0,0.3590192198753357
D0046,T0429,0,0.3657073676586151
D0046,T0430,0,0.3700238764286041
D0046,T0431,0,0.3448878526687622
D0046,T0432,0,0.3404978215694427
D0046,T0433,0,0.3386869430541992
D0046,T0434,0,0.3823274672031402
D0046,T0435,0,0.3841396570205688
D0046,T0436,0,0.379555732011795
D0046,T0437,0,0.3246023654937744
D0046,T0438,0,0.3430424630641937
D0046,T0439,0,0.3562142550945282
D0046,T0440,0,0.3738509118556976
D0046,T0441,0,0.374562919139862
D0047,T0000,0,0.3594276309013366
D0047,T0001,0,0.4064221978187561
D0047,T0002,0,0.4064221978187561
D0047,T0003,0,0.4064221978187561
D0047,T0004,0,0.4064221978187561
D0047,T0005,0,0.4064221978187561
D0047,T0006,0,0.4064221978187561
D0047,T0007,0,0.4064221978187561
D0047,T0008,0,0.4064221978187561
D0047,T0009,0,0.4064221978187561
D0047,T0010,0,0.4064221978187561
D0047,T0011,0,0.4064221978187561
D0047,T0012,0,0.4064221978187561
D0047,T0013,0,0.4064221978187561
D0047,T0014,0,0.4064221978187561
D0047,T0015,0,0.4064221978187561
D0047,T0016,0,0.3959913551807403
D0047,T0017,0,0.3659029603004455
D0047,T0018,0,0.3633680939674377
D0047,T0019,0,0.3709998428821563
D0047,T0020,0,0.3838652074337005
D0047,T0021,0,0.3795199692249298
D0047,T0022,0,0.3589450120925903
D0047,T0023,0,0.3723290562629699
D0047,T0024,0,0.3625186085700989
D0047,T0025,0,0.3646782338619232
D0047,T0026,0,0.3666862249374389
D0047,T0027,0,0.375101774930954
D0047,T0028,0,0.3769844472408294
D0047,T0029,0,0.3959876298904419
D0047,T0030,0,0.3491592407226562
D0047,T0031,0,0.4014599621295929
D0047,T0032,0,0.3659650683403015
D0047,T0033,0,0.374489277601242
D0047,T0034,0,0.3860365748405456
D0047,T0035,0,0.4017176330089569
D0047,T0036,0,0.4129230678081512
D0047,T0037,0,0.374504417181015
D0047,T0038,0,0.416624516248703
D0047,T0039,1,0.3756674826145172
D0047,T0040,0,0.3669762909412384
D0047,T0041,0,0.3886137306690216
D0047,T0042,0,0.377756655216217
D0047,T0043,0,0.3999493420124054
D0047,T0044,0,0.3881970643997192
D0047,T0045,0,0.3881970643997192
D0047,T0046,0,0.3907788693904876
D0047,T0047,0,0.3773395121097564
D0047,T0048,0,0.3817651569843292
D0047,T0049,0,0.4179160296916961
D0047,T0050,0,0.3627752065658569
D0047,T0051,0,0.3669349253177643
D0047,T0052,0,0.3706408143043518
D0047,T0053,0,0.3781439065933227
D0047,T0054,0,0.379593014717102
D0047,T0055,0,0.3730648756027221
D0047,T0056,0,0.3765828609466553
D0047,T0057,0,0.3642338514328003
D0047,T0058,0,0.3575084507465362
D0047,T0059,0,0.3583004772663116
D0047,T0060,0,0.3887137770652771
D0047,T0061,0,0.356381207704544
D0047,T0062,0,0.3573406636714935
D0047,T0063,0,0.3868934214115143
D0047,T0064,0,0.3532667160034179
D0047,T0065,0,0.3688008189201355
D0047,T0066,0,0.3671534657478332
D0047,T0067,0,0.3723156452178955
D0047,T0068,0,0.3723156452178955
D0047,T0069,0,0.3614090085029602
D0047,T0070,0,0.3703393340110779
D0047,T0071,0,0.3543732464313507
D0047,T0072,0,0.3654747009277344
D0047,T0073,0,0.3667779564857483
D0047,T0074,0,0.3728738129138946
D0047,T0075,0,0.3737415373325348
D0047,T0076,0,0.3828071653842926
D0047,T0077,0,0.3840349614620209
D0047,T0078,0,0.3803150653839111
D0047,T0079,0,0.3680630028247833
D0047,T0080,0,0.3330114483833313
D0047,T0081,0,0.3355087339878082
D0047,T0082,0,0.3381526172161102
D0047,T0083,0,0.3340938091278076
D0047,T0084,0,0.5656265616416931
D0047,T0085,0,0.3864974677562713
D0047,T0086,0,0.3612776696681976
D0047,T0087,0,0.3603539168834686
D0047,T0088,0,0.3597919344902038
D0047,T0089,0,0.3605393171310425
D0047,T0090,0,0.3639251291751861
D0047,T0091,0,0.3618761599063873
D0047,T0092,0,0.3618667423725128
D0047,T0093,0,0.3365378975868225
D0047,T0094,1,0.3354393541812897
D0047,T0095,0,0.3856985867023468
D0047,T0096,0,0.3760697841644287
D0047,T0097,0,0.3757670819759369
D0047,T0098,1,0.392027735710144
D0047,T0099,0,0.3593529760837555
D0047,T0100,0,0.3672617375850677
D0047,T0101,0,0.3949346542358398
D0047,T0102,1,0.5089700222015381
D0047,T0103,0,0.4325714111328125
D0047,T0104,0,0.3580947816371918
D0047,T0105,0,0.3591132164001465
D0047,T0106,0,0.3652504682540893
D0047,T0107,0,0.3933879137039184
D0047,T0108,1,0.3737027049064636
D0047,T0109,0,0.3541370332241058
D0047,T0110,0,0.3643381893634796
D0047,T0111,0,0.3508167564868927
D0047,T0112,0,0.3645526766777038
D0047,T0113,0,0.3645526766777038
D0047,T0114,0,0.3645526766777038
D0047,T0115,0,0.3645526766777038
D0047,T0116,0,0.3645526766777038
D0047,T0117,0,0.3645526766777038
D0047,T0118,0,0.3645526766777038
D0047,T0119,0,0.3645526766777038
D0047,T0120,0,0.3645527064800262
D0047,T0121,0,0.3645526766777038
D0047,T0122,0,0.3645527064800262
D0047,T0123,0,0.3645526766777038
D0047,T0124,0,0.346416711807251
D0047,T0125,0,0.3699440360069275
D0047,T0126,0,0.3648887574672699
D0047,T0127,0,0.3572795391082763
D0047,T0128,0,0.3637114763259887
D0047,T0129,0,0.3608189225196838
D0047,T0130,0,0.3649381101131439
D0047,T0131,0,0.371479332447052
D0047,T0132,0,0.3669278919696808
D0047,T0133,0,0.3495261073112488
D0047,T0134,0,0.3632008731365204
D0047,T0135,0,0.3526248335838318
D0047,T0136,0,0.3574308156967163
D0047,T0137,0,0.358599990606308
D0047,T0138,0,0.3678673207759857
D0047,T0139,0,0.3711142838001251
D0047,T0140,0,0.3686579465866089
D0047,T0141,0,0.3503990471363067
D0047,T0142,0,0.352404922246933
D0047,T0143,0,0.3408648669719696
D0047,T0144,0,0.3406744301319122
D0047,T0145,0,0.3535298109054565
D0047,T0146,0,0.3520511388778686
D0047,T0147,0,0.3649242222309112
D0047,T0148,0,0.3576670885086059
D0047,T0149,0,0.3586155772209167
D0047,T0150,0,0.3643227815628052
D0047,T0151,0,0.3683061301708221
D0047,T0152,0,0.3659557104110718
D0047,T0153,0,0.3791738748550415
D0047,T0154,0,0.3791739344596863
D0047,T0155,0,0.3663898706436157
D0047,T0156,0,0.3726630508899688
D0047,T0157,1,0.5944034457206726
D0047,T0158,1,0.4101942479610443
D0047,T0159,1,0.4101942181587219
D0047,T0160,1,0.4101942181587219
D0047,T0161,1,0.4101942181587219
D0047,T0162,1,0.4101942181587219
D0047,T0163,1,0.4101942181587219
D0047,T0164,1,0.4101942479610443
D0047,T0165,1,0.4479908347129822
D0047,T0166,0,0.4062091708183288
D0047,T0167,1,0.3691241145133972
D0047,T0168,0,0.5272640585899353
D0047,T0169,1,0.3562874794006347
D0047,T0170,0,0.3643946945667267
D0047,T0171,0,0.3600648641586303
D0047,T0172,0,0.3769262135028839
D0047,T0173,0,0.3671718537807464
D0047,T0174,0,0.3677183389663696
D0047,T0175,0,0.3748342990875244
D0047,T0176,0,0.3578131794929504
D0047,T0177,0,0.3558582663536072
D0047,T0178,0,0.3561584949493408
D0047,T0179,0,0.3797272145748138
D0047,T0180,0,0.3811309337615967
D0047,T0181,0,0.3928700983524322
D0047,T0182,0,0.3737503290176391
D0047,T0183,0,0.3841187357902527
D0047,T0184,0,0.3937035501003265
D0047,T0185,0,0.3877259790897369
D0047,T0186,1,0.3519180119037628
D0047,T0187,0,0.3875835239887237
D0047,T0188,0,0.3889992833137512
D0047,T0189,1,0.3980690836906433
D0047,T0190,1,0.3911313712596893
D0047,T0191,0,0.3826037645339966
D0047,T0192,0,0.3944618999958038
D0047,T0193,1,0.4116822183132171
D0047,T0194,0,0.4116822183132171
D0047,T0195,1,0.4144954979419708
D0047,T0196,0,0.4234321713447571
D0047,T0197,0,0.3441579639911651
D0047,T0198,0,0.3537545204162597
D0047,T0199,0,0.3446253836154938
D0047,T0200,1,0.4759059250354767
D0047,T0201,1,0.4759058654308319
D0047,T0202,1,0.4759058654308319
D0047,T0203,1,0.4759058654308319
D0047,T0204,1,0.4759058654308319
D0047,T0205,1,0.4759058654308319
D0047,T0206,1,0.4759058654308319
D0047,T0207,0,0.4759058654308319
D0047,T0208,0,0.3693521618843078
D0047,T0209,0,0.3658484816551208
D0047,T0210,0,0.3754029273986816
D0047,T0211,0,0.3684324920177459
D0047,T0212,0,0.3591176569461822
D0047,T0213,0,0.3649154901504516
D0047,T0214,0,0.4357202351093292
D0047,T0215,0,0.3527613580226898
D0047,T0216,1,0.3527613878250122
D0047,T0217,0,0.3686353862285614
D0047,T0218,1,0.3751688003540039
D0047,T0219,0,0.3634827435016632
D0047,T0220,0,0.3683726787567138
D0047,T0221,0,0.3796196281909942
D0047,T0222,0,0.3599515259265899
D0047,T0223,0,0.4076332747936249
D0047,T0224,0,0.3790528774261474
D0047,T0225,0,0.3977422714233398
D0047,T0226,0,0.3856290280818939
D0047,T0227,0,0.3797179460525512
D0047,T0228,0,0.4169237017631531
D0047,T0229,0,0.3742877840995788
D0047,T0230,0,0.3590385913848877
D0047,T0231,0,0.3804224133491516
D0047,T0232,0,0.3689417839050293
D0047,T0233,0,0.3707861602306366
D0047,T0234,0,0.3676898777484894
D0047,T0235,0,0.3677057027816772
D0047,T0236,0,0.3745947778224945
D0047,T0237,0,0.40735524892807
D0047,T0238,0,0.4059299826622009
D0047,T0239,0,0.4070955812931061
D0047,T0240,0,0.395377904176712
D0047,T0241,0,0.4259463548660278
D0047,T0242,0,0.4064516723155975
D0047,T0243,0,0.3962063789367676
D0047,T0244,0,0.3744280636310577
D0047,T0245,0,0.3768126666545868
D0047,T0246,0,0.3768126666545868
D0047,T0247,0,0.3768126666545868
D0047,T0248,0,0.4192336201667785
D0047,T0249,0,0.3968767523765564
D0047,T0250,0,0.3770997822284698
D0047,T0251,0,0.3991835415363312
D0047,T0252,0,0.4070690870285034
D0047,T0253,1,0.3775962889194488
D0047,T0254,1,0.3628864586353302
D0047,T0255,1,0.3783252835273742
D0047,T0256,0,0.3587045967578888
D0047,T0257,0,0.3671907484531402
D0047,T0258,0,0.3825278282165527
D0047,T0259,0,0.3823581635951996
D0047,T0260,0,0.3873316049575805
D0047,T0261,0,0.3862148821353912
D0047,T0262,0,0.3918957412242889
D0047,T0263,0,0.379055768251419
D0047,T0264,0,0.3868032991886139
D0047,T0265,0,0.3743110299110412
D0047,T0266,0,0.3936807513236999
D0047,T0267,0,0.394712895154953
D0047,T0268,0,0.3598594665527344
D0047,T0269,0,0.3625335097312927
D0047,T0270,0,0.3632261753082275
D0047,T0271,0,0.3594061136245727
D0047,T0272,0,0.3570533990859985
D0047,T0273,0,0.3554208278656006
D0047,T0274,0,0.3494942188262939
D0047,T0275,0,0.3539686501026153
D0047,T0276,0,0.3621060252189636
D0047,T0277,1,0.3626725673675537
D0047,T0278,1,0.3573134243488312
D0047,T0279,1,0.3562169373035431
D0047,T0280,1,0.3397601842880249
D0047,T0281,0,0.3686129748821258
D0047,T0282,0,0.3627257645130157
D0047,T0283,0,0.3601258099079132
D0047,T0284,0,0.3766905069351196
D0047,T0285,0,0.366020143032074
D0047,T0286,0,0.3755147457122803
D0047,T0287,0,0.3732689619064331
D0047,T0288,0,0.4071531891822815
D0047,T0289,0,0.4109151363372803
D0047,T0290,0,0.4049332737922668
D0047,T0291,0,0.4060742259025574
D0047,T0292,0,0.3981014788150787
D0047,T0293,0,0.4081109166145324
D0047,T0294,0,0.3815188705921173
D0047,T0295,0,0.3746879994869232
D0047,T0296,0,0.3696284592151642
D0047,T0297,0,0.5087903141975403
D0047,T0298,1,0.6205124258995056
D0047,T0299,0,0.3585363626480102
D0047,T0300,0,0.379761666059494
D0047,T0301,0,0.3553881049156189
D0047,T0302,0,0.3699598908424377
D0047,T0303,0,0.3701285719871521
D0047,T0304,0,0.4010595381259918
D0047,T0305,0,0.3995585143566131
D0047,T0306,0,0.3555825054645538
D0047,T0307,0,0.3582760989665985
D0047,T0308,0,0.3550513088703155
D0047,T0309,0,0.3550512790679931
D0047,T0310,0,0.3550512790679931
D0047,T0311,0,0.3550512790679931
D0047,T0312,0,0.3550512790679931
D0047,T0313,0,0.3550513088703155
D0047,T0314,0,0.3550512790679931
D0047,T0315,0,0.3550512790679931
D0047,T0316,0,0.3550513088703155
D0047,T0317,0,0.3550513088703155
D0047,T0318,0,0.3562759160995483
D0047,T0319,0,0.3537012636661529
D0047,T0320,0,0.3541080355644226
D0047,T0321,0,0.3556737005710602
D0047,T0322,0,0.3583097755908966
D0047,T0323,0,0.3610404133796692
D0047,T0324,0,0.3735275864601135
D0047,T0325,0,0.3799095451831817
D0047,T0326,0,0.3836142122745514
D0047,T0327,0,0.4303620159626007
D0047,T0328,0,0.4133361577987671
D0047,T0329,0,0.3748595416545868
D0047,T0330,0,0.3753782212734222
D0047,T0331,0,0.3426174819469452
D0047,T0332,0,0.3726973831653595
D0047,T0333,0,0.3602177500724792
D0047,T0334,0,0.3885951638221741
D0047,T0335,0,0.3499567806720733
D0047,T0336,0,0.3471956849098205
D0047,T0337,1,0.3640614151954651
D0047,T0338,1,0.4184667468070984
D0047,T0339,0,0.392362117767334
D0047,T0340,0,0.3940457999706268
D0047,T0341,0,0.3904399871826172
D0047,T0342,0,0.3695101737976074
D0047,T0343,0,0.4002048075199127
D0047,T0344,0,0.3591989576816559
D0047,T0345,0,0.3574618697166443
D0047,T0346,0,0.3576944470405578
D0047,T0347,0,0.3651237785816192
D0047,T0348,0,0.3632431626319885
D0047,T0349,0,0.3367005288600921
D0047,T0350,0,0.3772867619991302
D0047,T0351,0,0.3459088504314422
D0047,T0352,1,0.4009121060371399
D0047,T0353,0,0.3843896389007568
D0047,T0354,0,0.393746942281723
D0047,T0355,1,0.4632076919078827
D0047,T0356,1,0.4632076919078827
D0047,T0357,1,0.4632076919078827
D0047,T0358,1,0.4632076919078827
D0047,T0359,0,0.364207774400711
D0047,T0360,0,0.3487691283226013
D0047,T0361,0,0.3558659553527832
D0047,T0362,0,0.3883841633796692
D0047,T0363,0,0.4044207334518432
D0047,T0364,0,0.363418847322464
D0047,T0365,0,0.4024929404258728
D0047,T0366,0,0.3711535930633545
D0047,T0367,0,0.3695345818996429
D0047,T0368,1,0.383704662322998
D0047,T0369,0,0.3596706092357635
D0047,T0370,0,0.3596706092357635
D0047,T0371,0,0.3450545072555542
D0047,T0372,0,0.3450544774532318
D0047,T0373,0,0.3586866557598114
D0047,T0374,0,0.3586866855621338
D0047,T0375,0,0.3645932376384735
D0047,T0376,0,0.3587822616100311
D0047,T0377,0,0.3587822616100311
D0047,T0378,0,0.3518438935279846
D0047,T0379,0,0.3518438935279846
D0047,T0380,0,0.349540650844574
D0047,T0381,0,0.3802943825721741
D0047,T0382,0,0.3631247282028198
D0047,T0383,0,0.3484733998775482
D0047,T0384,0,0.3979856967926025
D0047,T0385,0,0.413794606924057
D0047,T0386,0,0.4233843088150024
D0047,T0387,0,0.3842362761497497
D0047,T0388,0,0.3888757228851318
D0047,T0389,1,0.3725639283657074
D0047,T0390,0,0.403428167104721
D0047,T0391,0,0.3484481871128082
D0047,T0392,0,0.3543008267879486
D0047,T0393,0,0.3534042537212372
D0047,T0394,1,0.3808253109455108
D0047,T0395,0,0.395921379327774
D0047,T0396,0,0.4334617853164673
D0047,T0397,0,0.3550035655498504
D0047,T0398,0,0.359421044588089
D0047,T0399,1,0.3743668794631958
D0047,T0400,0,0.412546157836914
D0047,T0401,0,0.3949877619743347
D0047,T0402,0,0.3918344378471374
D0047,T0403,0,0.3877294957637787
D0047,T0404,1,0.346391886472702
D0047,T0405,0,0.3842307925224304
D0047,T0406,0,0.3535005152225494
D0047,T0407,0,0.3615378439426422
D0047,T0408,0,0.3579510152339935
D0047,T0409,0,0.3831456005573272
D0047,T0410,0,0.3890500664710998
D0047,T0411,0,0.3540037870407104
D0047,T0412,0,0.3544756472110748
D0047,T0413,0,0.4136022627353668
D0047,T0414,1,0.3918339014053345
D0047,T0415,0,0.3661603033542633
D0047,T0416,0,0.3767318725585937
D0047,T0417,0,0.3689039051532745
D0047,T0418,0,0.3929700255393982
D0047,T0419,0,0.3840021193027496
D0047,T0420,0,0.3763345181941986
D0047,T0421,0,0.3614985942840576
D0047,T0422,0,0.3547938466072082
D0047,T0423,0,0.3923453092575073
D0047,T0424,0,0.375710129737854
D0047,T0425,0,0.375710129737854
D0047,T0426,0,0.3705713152885437
D0047,T0427,1,0.4019138813018799
D0047,T0428,1,0.3954252302646637
D0047,T0429,1,0.3731666207313537
D0047,T0430,0,0.4531994163990021
D0047,T0431,0,0.3476021885871887
D0047,T0432,0,0.3356065154075622
D0047,T0433,0,0.3379947543144226
D0047,T0434,0,0.3622191846370697
D0047,T0435,0,0.3627891540527344
D0047,T0436,0,0.3620123267173767
D0047,T0437,0,0.3760852515697479
D0047,T0438,0,0.3825942277908325
D0047,T0439,0,0.4373975396156311
D0047,T0440,0,0.3917492032051086
D0047,T0441,1,0.3622450828552246
D0058,T0000,0,0.3538661301136017
D0058,T0001,0,0.4043115079402923
D0058,T0002,0,0.4043115079402923
D0058,T0003,1,0.4043115079402923
D0058,T0004,0,0.4043115079402923
D0058,T0005,1,0.4043115079402923
D0058,T0006,0,0.4043115079402923
D0058,T0007,0,0.4043115377426147
D0058,T0008,0,0.4043115377426147
D0058,T0009,0,0.4043115377426147
D0058,T0010,0,0.4043115079402923
D0058,T0011,0,0.4043115079402923
D0058,T0012,1,0.4043115377426147
D0058,T0013,0,0.4043115377426147
D0058,T0014,0,0.4043115079402923
D0058,T0015,0,0.4043115377426147
D0058,T0016,0,0.3772806823253631
D0058,T0017,1,0.354049801826477
D0058,T0018,0,0.3524626493453979
D0058,T0019,0,0.3559751808643341
D0058,T0020,0,0.3632926046848297
D0058,T0021,0,0.3651368916034698
D0058,T0022,0,0.3460101783275604
D0058,T0023,0,0.3528986573219299
D0058,T0024,0,0.3574956953525543
D0058,T0025,0,0.3593877255916595
D0058,T0026,0,0.3604263067245483
D0058,T0027,1,0.3639442324638366
D0058,T0028,1,0.3825946450233459
D0058,T0029,0,0.3975242972373962
D0058,T0030,0,0.3510489463806152
D0058,T0031,1,0.4006627202033996
D0058,T0032,0,0.3635093569755554
D0058,T0033,0,0.379822313785553
D0058,T0034,0,0.368730753660202
D0058,T0035,0,0.3853071331977844
D0058,T0036,0,0.3999370038509369
D0058,T0037,1,0.3687122464179992
D0058,T0038,0,0.4096622467041015
D0058,T0039,0,0.3842962086200714
D0058,T0040,0,0.350574642419815
D0058,T0041,1,0.3657965064048767
D0058,T0042,0,0.3711578249931335
D0058,T0043,0,0.3738843202590942
D0058,T0044,0,0.3560428619384765
D0058,T0045,0,0.3560428619384765
D0058,T0046,0,0.371858149766922
D0058,T0047,0,0.3717105686664581
D0058,T0048,0,0.3756266236305237
D0058,T0049,1,0.3949573338031769
D0058,T0050,0,0.3679974675178528
D0058,T0051,0,0.3662305772304535
D0058,T0052,0,0.3655663132667541
D0058,T0053,0,0.3806430399417877
D0058,T0054,0,0.3727286756038666
D0058,T0055,0,0.3739018738269806
D0058,T0056,0,0.3792596459388733
D0058,T0057,0,0.3547357022762298
D0058,T0058,0,0.3659944534301758
D0058,T0059,1,0.3701139092445373
D0058,T0060,0,0.3774961531162262
D0058,T0061,0,0.3457746505737304
D0058,T0062,0,0.3474704027175903
D0058,T0063,0,0.3634185791015625
D0058,T0064,0,0.3361657559871673
D0058,T0065,0,0.3522423505783081
D0058,T0066,0,0.3527129888534546
D0058,T0067,0,0.3595531582832336
D0058,T0068,0,0.3595531582832336
D0058,T0069,0,0.3473972380161285
D0058,T0070,0,0.3518188297748565
D0058,T0071,0,0.3387241065502167
D0058,T0072,0,0.3513568341732025
D0058,T0073,0,0.3453870117664337
D0058,T0074,0,0.3461681306362152
D0058,T0075,0,0.3448102176189422
D0058,T0076,0,0.351950854063034
D0058,T0077,0,0.3756695687770843
D0058,T0078,0,0.3671948611736297
D0058,T0079,0,0.3497972786426544
D0058,T0080,1,0.3374454081058502
D0058,T0081,0,0.3392457962036133
D0058,T0082,0,0.3426204919815063
D0058,T0083,0,0.3386392593383789
D0058,T0084,0,0.4167103767395019
D0058,T0085,0,0.3646634221076965
D0058,T0086,0,0.3559951782226562
D0058,T0087,0,0.3570600152015686
D0058,T0088,0,0.354472815990448
D0058,T0089,0,0.3542425632476806
D0058,T0090,0,0.3565734922885895
D0058,T0091,0,0.3520471751689911
D0058,T0092,0,0.3517997860908508
D0058,T0093,0,0.3285471200942993
D0058,T0094,0,0.3270247876644134
D0058,T0095,0,0.3683341443538666
D0058,T0096,0,0.3725742697715759
D0058,T0097,0,0.3666517734527588
D0058,T0098,0,0.3826066255569458
D0058,T0099,1,0.3483525216579437
D0058,T0100,1,0.3528577983379364
D0058,T0101,1,0.3863654136657715
D0058,T0102,0,0.4541767239570617
D0058,T0103,0,0.4182146191596985
D0058,T0104,0,0.348772644996643
D0058,T0105,0,0.3504563868045807
D0058,T0106,0,0.3526321947574615
D0058,T0107,0,0.3958649635314941
D0058,T0108,0,0.3614000976085663
D0058,T0109,0,0.3498483896255493
D0058,T0110,0,0.3549656569957733
D0058,T0111,0,0.3486103415489197
D0058,T0112,0,0.3671935200691223
D0058,T0113,0,0.3671935200691223
D0058,T0114,0,0.3671935200691223
D0058,T0115,0,0.3671935200691223
D0058,T0116,0,0.3671935200691223
D0058,T0117,0,0.3671935200691223
D0058,T0118,0,0.3671935200691223
D0058,T0119,0,0.3671935200691223
D0058,T0120,1,0.3671935200691223
D0058,T0121,0,0.3671935200691223
D0058,T0122,0,0.3671935200691223
D0058,T0123,1,0.3671935200691223
D0058,T0124,0,0.3422138690948486
D0058,T0125,0,0.3750816583633423
D0058,T0126,0,0.3773929476737976
D0058,T0127,0,0.3817475736141205
D0058,T0128,0,0.3715526461601257
D0058,T0129,0,0.3696089684963226
D0058,T0130,0,0.385093629360199
D0058,T0131,0,0.3615925312042236
D0058,T0132,0,0.3841471672058105
D0058,T0133,0,0.3562422096729278
D0058,T0134,0,0.3805563449859619
D0058,T0135,0,0.3638564348220825
D0058,T0136,0,0.3699262142181396
D0058,T0137,0,0.3686954379081726
D0058,T0138,0,0.3815772831439972
D0058,T0139,0,0.37791708111763
D0058,T0140,0,0.370992362499237
D0058,T0141,0,0.3391684591770172
D0058,T0142,0,0.3405877351760864
D0058,T0143,0,0.3313728272914886
D0058,T0144,0,0.331003338098526
D0058,T0145,0,0.3307097554206848
D0058,T0146,0,0.3336513638496399
D0058,T0147,0,0.3635902106761932
D0058,T0148,1,0.3497339785099029
D0058,T0149,1,0.3537049293518066
D0058,T0150,1,0.356712281703949
D0058,T0151,0,0.3516787886619568
D0058,T0152,0,0.351136714220047
D0058,T0153,0,0.3559767603874206
D0058,T0154,0,0.3559767603874206
D0058,T0155,0,0.3493010699748993
D0058,T0156,0,0.3653437495231628
D0058,T0157,0,0.4075393080711365
D0058,T0158,1,0.4152616858482361
D0058,T0159,1,0.4152616858482361
D0058,T0160,1,0.4152616858482361
D0058,T0161,1,0.4152616858482361
D0058,T0162,1,0.4152616858482361
D0058,T0163,1,0.4152616858482361
D0058,T0164,0,0.4152616858482361
D0058,T0165,0,0.3948428332805633
D0058,T0166,1,0.3954420089721679
D0058,T0167,0,0.3697826564311981
D0058,T0168,1,0.4599393904209137
D0058,T0169,0,0.357075035572052
D0058,T0170,0,0.3724333345890045
D0058,T0171,0,0.3614727258682251
D0058,T0172,0,0.373991996049881
D0058,T0173,0,0.3469980955123901
D0058,T0174,0,0.3477969467639923
D0058,T0175,0,0.3873552978038788
D0058,T0176,0,0.3484880626201629
D0058,T0177,0,0.3471469581127167
D0058,T0178,0,0.3455382287502289
D0058,T0179,0,0.3535957634449005
D0058,T0180,0,0.3734422028064728
D0058,T0181,0,0.3754812479019165
D0058,T0182,0,0.3468681573867798
D0058,T0183,1,0.367512583732605
D0058,T0184,0,0.4037033021450043
D0058,T0185,0,0.3730254471302032
D0058,T0186,0,0.3525087535381317
D0058,T0187,1,0.3772193193435669
D0058,T0188,1,0.3745900988578796
D0058,T0189,0,0.4092544615268707
D0058,T0190,0,0.3906229734420776
D0058,T0191,0,0.3900047242641449
D0058,T0192,0,0.3661821484565735
D0058,T0193,0,0.4214079976081848
D0058,T0194,0,0.4214079976081848
D0058,T0195,1,0.4160802960395813
D0058,T0196,1,0.425886332988739
D0058,T0197,0,0.3431071043014526
D0058,T0198,0,0.3520976901054382
D0058,T0199,0,0.3435411155223846
D0058,T0200,0,0.4151454269886017
D0058,T0201,0,0.4151454269886017
D0058,T0202,0,0.4151454269886017
D0058,T0203,1,0.4151454269886017
D0058,T0204,0,0.4151454269886017
D0058,T0205,0,0.4151454269886017
D0058,T0206,0,0.4151454269886017
D0058,T0207,0,0.4151454269886017
D0058,T0208,0,0.3533806502819061
D0058,T0209,0,0.3547616004943847
D0058,T0210,0,0.3852822780609131
D0058,T0211,0,0.3715564012527466
D0058,T0212,0,0.3546497821807861
D0058,T0213,0,0.3620108366012573
D0058,T0214,0,0.4253619015216827
D0058,T0215,1,0.3604915738105774
D0058,T0216,1,0.3604915738105774
D0058,T0217,1,0.3566010594367981
D0058,T0218,0,0.3735162913799286
D0058,T0219,0,0.3531399667263031
D0058,T0220,0,0.3479028046131134
D0058,T0221,0,0.3578362464904785
D0058,T0222,0,0.3659636974334717
D0058,T0223,0,0.4147277474403381
D0058,T0224,0,0.3882721364498138
D0058,T0225,0,0.388372391462326
D0058,T0226,0,0.375130146741867
D0058,T0227,0,0.368053525686264
D0058,T0228,0,0.4175906479358673
D0058,T0229,0,0.3658314347267151
D0058,T0230,0,0.3469027876853943
D0058,T0231,0,0.3666256666183471
D0058,T0232,0,0.3688102960586548
D0058,T0233,0,0.3708260059356689
D0058,T0234,1,0.3668575882911682
D0058,T0235,1,0.3648409247398376
D0058,T0236,0,0.3746950328350067
D0058,T0237,0,0.397587239742279
D0058,T0238,0,0.395709216594696
D0058,T0239,0,0.4117583632469177
D0058,T0240,0,0.3814881145954132
D0058,T0241,0,0.4207170009613037
D0058,T0242,0,0.4065837860107422
D0058,T0243,0,0.3960172533988952
D0058,T0244,1,0.3730137646198272
D0058,T0245,0,0.3617057204246521
D0058,T0246,0,0.3617057204246521
D0058,T0247,0,0.3617057800292969
D0058,T0248,0,0.4212387502193451
D0058,T0249,0,0.3945967257022857
D0058,T0250,0,0.3624020516872406
D0058,T0251,0,0.3814415037631988
D0058,T0252,0,0.4060175716876983
D0058,T0253,0,0.3878564834594726
D0058,T0254,0,0.3638079166412353
D0058,T0255,0,0.3734573125839233
D0058,T0256,0,0.343170553445816
D0058,T0257,0,0.3470315039157867
D0058,T0258,0,0.3864423036575317
D0058,T0259,0,0.3682689964771271
D0058,T0260,0,0.3909265398979187
D0058,T0261,0,0.3767140507698059
D0058,T0262,0,0.3804828524589538
D0058,T0263,0,0.3728013038635254
D0058,T0264,0,0.3709338307380676
D0058,T0265,0,0.3634722232818603
D0058,T0266,0,0.3831806778907776
D0058,T0267,0,0.3854775428771972
D0058,T0268,0,0.3511573076248169
D0058,T0269,0,0.3540653884410858
D0058,T0270,0,0.3526080548763275
D0058,T0271,0,0.3512611985206604
D0058,T0272,0,0.3583737015724182
D0058,T0273,0,0.3504988551139831
D0058,T0274,0,0.342986911535263
D0058,T0275,0,0.3471920788288116
D0058,T0276,0,0.3639235496520996
D0058,T0277,0,0.3675269484519958
D0058,T0278,0,0.3545654714107513
D0058,T0279,0,0.3526307642459869
D0058,T0280,0,0.3347732722759247
D0058,T0281,0,0.3581074476242065
D0058,T0282,0,0.3475654721260071
D0058,T0283,0,0.3593660295009613
D0058,T0284,0,0.3553390800952911
D0058,T0285,0,0.3483017981052398
D0058,T0286,0,0.358510822057724
D0058,T0287,0,0.3568424582481384
D0058,T0288,0,0.4157078266143799
D0058,T0289,0,0.4164650440216064
D0058,T0290,1,0.4094851613044739
D0058,T0291,0,0.4160244166851043
D0058,T0292,0,0.407277911901474
D0058,T0293,0,0.4190983772277832
D0058,T0294,0,0.358059674501419
D0058,T0295,0,0.3496850132942199
D0058,T0296,0,0.3494580686092376
D0058,T0297,0,0.4111691117286682
D0058,T0298,0,0.4020352065563202
D0058,T0299,0,0.3451582789421081
D0058,T0300,0,0.3731691539287567
D0058,T0301,0,0.3467392325401306
D0058,T0302,0,0.3517793118953705
D0058,T0303,0,0.3499380946159363
D0058,T0304,1,0.4038071930408478
D0058,T0305,1,0.402987003326416
D0058,T0306,0,0.342928022146225
D0058,T0307,0,0.3510915637016296
D0058,T0308,0,0.3481745719909668
D0058,T0309,0,0.3481745719909668
D0058,T0310,0,0.3481745719909668
D0058,T0311,0,0.3481745719909668
D0058,T0312,0,0.3481745719909668
D0058,T0313,0,0.3481745719909668
D0058,T0314,0,0.3481746017932892
D0058,T0315,0,0.3481745719909668
D0058,T0316,0,0.3481745719909668
D0058,T0317,0,0.3481746017932892
D0058,T0318,0,0.3468799293041229
D0058,T0319,0,0.347682774066925
D0058,T0320,0,0.3456534743309021
D0058,T0321,0,0.34730926156044
D0058,T0322,0,0.3526682257652282
D0058,T0323,0,0.3525421321392059
D0058,T0324,0,0.3619703650474548
D0058,T0325,0,0.3643621504306793
D0058,T0326,0,0.3648366034030914
D0058,T0327,0,0.4263603687286377
D0058,T0328,0,0.3995551764965057
D0058,T0329,0,0.3644457459449768
D0058,T0330,0,0.3642923533916473
D0058,T0331,0,0.3424631655216217
D0058,T0332,0,0.380266934633255
D0058,T0333,0,0.3698433041572571
D0058,T0334,0,0.377727210521698
D0058,T0335,1,0.3437724709510803
D0058,T0336,0,0.3345844149589538
D0058,T0337,0,0.3468891382217407
D0058,T0338,1,0.4056644141674042
D0058,T0339,0,0.3827959597110748
D0058,T0340,0,0.3850700259208679
D0058,T0341,0,0.3808042109012604
D0058,T0342,0,0.358849436044693
D0058,T0343,0,0.4003808498382568
D0058,T0344,0,0.3532944619655609
D0058,T0345,0,0.3516572117805481
D0058,T0346,0,0.3522586226463318
D0058,T0347,0,0.3531548082828522
D0058,T0348,0,0.3576709628105163
D0058,T0349,0,0.3385379612445831
D0058,T0350,0,0.3807753920555115
D0058,T0351,0,0.3457688987255096
D0058,T0352,1,0.3807514905929565
D0058,T0353,0,0.3844509720802307
D0058,T0354,0,0.3551458716392517
D0058,T0355,0,0.426056832075119
D0058,T0356,0,0.4260568618774414
D0058,T0357,0,0.426056832075119
D0058,T0358,0,0.4260568618774414
D0058,T0359,0,0.3539698421955108
D0058,T0360,0,0.3459338843822479
D0058,T0361,0,0.3491997122764587
D0058,T0362,0,0.3683899641036987
D0058,T0363,0,0.3882453739643097
D0058,T0364,0,0.3611648380756378
D0058,T0365,0,0.3903283476829529
D0058,T0366,0,0.3530918061733246
D0058,T0367,0,0.3656654953956604
D0058,T0368,1,0.3694750368595123
D0058,T0369,0,0.3482499122619629
D0058,T0370,0,0.3482499122619629
D0058,T0371,0,0.3455913066864013
D0058,T0372,0,0.3455913066864013
D0058,T0373,0,0.348700076341629
D0058,T0374,0,0.348700076341629
D0058,T0375,1,0.3517668843269348
D0058,T0376,0,0.3487173914909363
D0058,T0377,0,0.3487173914909363
D0058,T0378,1,0.344604879617691
D0058,T0379,0,0.344604879617691
D0058,T0380,0,0.3462830185890198
D0058,T0381,1,0.3636578023433685
D0058,T0382,0,0.3713282346725464
D0058,T0383,0,0.3476605415344238
D0058,T0384,1,0.3858849704265594
D0058,T0385,1,0.3998409211635589
D0058,T0386,1,0.4158484935760498
D0058,T0387,1,0.3912593424320221
D0058,T0388,0,0.3760768175125122
D0058,T0389,0,0.3715333640575409
D0058,T0390,0,0.3813249468803406
D0058,T0391,0,0.3499900996685028
D0058,T0392,0,0.3554390668869018
D0058,T0393,0,0.3555381894111633
D0058,T0394,0,0.3772503733634949
D0058,T0395,1,0.3894836902618408
D0058,T0396,0,0.4292006492614746
D0058,T0397,0,0.3513586521148681
D0058,T0398,0,0.3541102409362793
D0058,T0399,0,0.3549481332302093
D0058,T0400,0,0.3993974328041076
D0058,T0401,1,0.3805147111415863
D0058,T0402,0,0.3812760412693023
D0058,T0403,0,0.378320038318634
D0058,T0404,0,0.3521729409694671
D0058,T0405,0,0.3604514598846435
D0058,T0406,0,0.3592211008071899
D0058,T0407,0,0.3527009189128876
D0058,T0408,0,0.3516143262386322
D0058,T0409,1,0.374102383852005
D0058,T0410,0,0.3791669011116028
D0058,T0411,0,0.3544544279575348
D0058,T0412,0,0.3523291051387787
D0058,T0413,0,0.4164908826351166
D0058,T0414,1,0.38411346077919
D0058,T0415,1,0.3690853416919708
D0058,T0416,0,0.3650048971176147
D0058,T0417,0,0.3652079105377197
D0058,T0418,0,0.3911549746990204
D0058,T0419,0,0.3769111931324005
D0058,T0420,0,0.3567825853824615
D0058,T0421,1,0.3634088337421417
D0058,T0422,0,0.3489640355110168
D0058,T0423,0,0.3662598729133606
D0058,T0424,0,0.3843490779399872
D0058,T0425,0,0.3843490779399872
D0058,T0426,0,0.3587028086185455
D0058,T0427,1,0.3961466550827026
D0058,T0428,1,0.3837083280086517
D0058,T0429,1,0.3738825023174286
D0058,T0430,0,0.4021985232830047
D0058,T0431,0,0.3467772901058197
D0058,T0432,0,0.3346338272094726
D0058,T0433,0,0.3369411826133728
D0058,T0434,1,0.3567056953907013
D0058,T0435,1,0.3539091348648071
D0058,T0436,0,0.3448291420936584
D0058,T0437,1,0.3695932328701019
D0058,T0438,0,0.3742741346359253
D0058,T0439,0,0.4450078010559082
D0058,T0440,0,0.3734872341156006
D0058,T0441,0,0.3464492559432983
D0061,T0000,0,0.3457017540931701
D0061,T0001,0,0.3999762833118438
D0061,T0002,0,0.3999762833118438
D0061,T0003,0,0.3999762833118438
D0061,T0004,0,0.3999762237071991
D0061,T0005,0,0.3999762237071991
D0061,T0006,0,0.3999762833118438
D0061,T0007,0,0.3999762237071991
D0061,T0008,0,0.3999762237071991
D0061,T0009,0,0.3999762237071991
D0061,T0010,0,0.3999762833118438
D0061,T0011,0,0.3999762833118438
D0061,T0012,0,0.3999762833118438
D0061,T0013,0,0.3999762237071991
D0061,T0014,0,0.3999762833118438
D0061,T0015,0,0.3999762833118438
D0061,T0016,0,0.3969008922576904
D0061,T0017,0,0.3525190353393554
D0061,T0018,0,0.3488856256008148
D0061,T0019,0,0.3497489392757416
D0061,T0020,0,0.3598785102367401
D0061,T0021,0,0.3619225919246673
D0061,T0022,0,0.3376209437847137
D0061,T0023,0,0.346107006072998
D0061,T0024,0,0.3531106412410736
D0061,T0025,0,0.3545598983764648
D0061,T0026,0,0.3563168048858642
D0061,T0027,0,0.3620016574859619
D0061,T0028,0,0.3718858063220978
D0061,T0029,0,0.3862281441688537
D0061,T0030,0,0.3391932547092438
D0061,T0031,0,0.3963519036769867
D0061,T0032,0,0.3513933420181274
D0061,T0033,0,0.3651080131530761
D0061,T0034,0,0.3942553699016571
D0061,T0035,0,0.4076276123523712
D0061,T0036,0,0.430847018957138
D0061,T0037,0,0.3676193356513977
D0061,T0038,0,0.4237644076347351
D0061,T0039,0,0.3700669407844543
D0061,T0040,0,0.3523886203765869
D0061,T0041,0,0.3735063374042511
D0061,T0042,0,0.3674268722534179
D0061,T0043,0,0.3797655701637268
D0061,T0044,0,0.3565815091133117
D0061,T0045,0,0.3565815389156341
D0061,T0046,0,0.3725916743278503
D0061,T0047,0,0.360887199640274
D0061,T0048,0,0.3655358850955963
D0061,T0049,0,0.4001592397689819
D0061,T0050,0,0.3605527281761169
D0061,T0051,0,0.3600817620754242
D0061,T0052,0,0.3588340878486633
D0061,T0053,0,0.3724690675735473
D0061,T0054,0,0.3708574473857879
D0061,T0055,0,0.3706836402416229
D0061,T0056,0,0.3724446594715118
D0061,T0057,0,0.3594511449337005
D0061,T0058,0,0.3498000800609588
D0061,T0059,0,0.3505200445652008
D0061,T0060,0,0.3860205411911011
D0061,T0061,0,0.3447805643081665
D0061,T0062,0,0.3454961776733398
D0061,T0063,0,0.3917151391506195
D0061,T0064,0,0.3554566502571106
D0061,T0065,0,0.3609905242919922
D0061,T0066,0,0.3554542064666748
D0061,T0067,0,0.3679567873477936
D0061,T0068,0,0.3679567873477936
D0061,T0069,0,0.361569881439209
D0061,T0070,0,0.3782310783863067
D0061,T0071,0,0.3555614054203033
D0061,T0072,0,0.3629550337791443
D0061,T0073,0,0.3719875514507293
D0061,T0074,0,0.3719921708106994
D0061,T0075,0,0.3784771859645843
D0061,T0076,0,0.3765295147895813
D0061,T0077,0,0.3833920061588287
D0061,T0078,0,0.3660666048526764
D0061,T0079,0,0.3494619131088257
D0061,T0080,0,0.3426591157913208
D0061,T0081,0,0.3415342271327972
D0061,T0082,0,0.3436232507228851
D0061,T0083,0,0.3430242538452148
D0061,T0084,1,0.4277152419090271
D0061,T0085,0,0.3635993897914886
D0061,T0086,0,0.3502774834632873
D0061,T0087,0,0.3501626253128052
D0061,T0088,0,0.3484477698802948
D0061,T0089,0,0.3485147953033447
D0061,T0090,0,0.353315144777298
D0061,T0091,0,0.350022554397583
D0061,T0092,0,0.3499132692813873
D0061,T0093,0,0.3354254961013794
D0061,T0094,0,0.3331403136253357
D0061,T0095,0,0.3648993074893951
D0061,T0096,0,0.3719281256198883
D0061,T0097,0,0.3703851103782654
D0061,T0098,0,0.3876968622207641
D0061,T0099,0,0.3446930348873138
D0061,T0100,0,0.3514537513256073
D0061,T0101,0,0.3824600577354431
D0061,T0102,0,0.4602683484554291
D0061,T0103,0,0.4418862760066986
D0061,T0104,0,0.3415008187294006
D0061,T0105,0,0.3464446365833282
D0061,T0106,0,0.3463243842124939
D0061,T0107,0,0.4176943898200989
D0061,T0108,0,0.3868915736675262
D0061,T0109,0,0.3406630158424377
D0061,T0110,0,0.3453390896320343
D0061,T0111,0,0.3400155007839203
D0061,T0112,0,0.3803533613681793
D0061,T0113,0,0.3803533613681793
D0061,T0114,0,0.3803534209728241
D0061,T0115,0,0.3803534209728241
D0061,T0116,0,0.3803534209728241
D0061,T0117,0,0.3803534209728241
D0061,T0118,0,0.3803534209728241
D0061,T0119,0,0.3803534209728241
D0061,T0120,0,0.3803534209728241
D0061,T0121,0,0.3803533613681793
D0061,T0122,0,0.3803534209728241
D0061,T0123,0,0.3803533613681793
D0061,T0124,0,0.3331318199634552
D0061,T0125,0,0.3527196943759918
D0061,T0126,0,0.3483072519302368
D0061,T0127,0,0.3462525010108948
D0061,T0128,0,0.3520944118499756
D0061,T0129,0,0.3461924791336059
D0061,T0130,0,0.3471374809741974
D0061,T0131,0,0.3541596829891205
D0061,T0132,0,0.3509136736392975
D0061,T0133,0,0.3382928371429443
D0061,T0134,0,0.3513430058956146
D0061,T0135,0,0.3394879102706909
D0061,T0136,0,0.3461924791336059
D0061,T0137,0,0.3486134111881256
D0061,T0138,0,0.3698669672012329
D0061,T0139,0,0.3684478998184204
D0061,T0140,0,0.3710003793239593
D0061,T0141,0,0.3397831320762634
D0061,T0142,0,0.3423784077167511
D0061,T0143,0,0.339976042509079
D0061,T0144,0,0.3428092896938324
D0061,T0145,0,0.3492569923400879
D0061,T0146,0,0.3443077206611633
D0061,T0147,0,0.3602833449840545
D0061,T0148,0,0.3461507260799408
D0061,T0149,0,0.3483932614326477
D0061,T0150,0,0.3465912640094757
D0061,T0151,0,0.3436373472213745
D0061,T0152,0,0.3438654839992523
D0061,T0153,0,0.3544780910015106
D0061,T0154,0,0.3544780910015106
D0061,T0155,0,0.3446012735366821
D0061,T0156,0,0.3682138323783874
D0061,T0157,0,0.425776332616806
D0061,T0158,1,0.4475371539592743
D0061,T0159,0,0.4475371539592743
D0061,T0160,0,0.4475371539592743
D0061,T0161,1,0.4475371539592743
D0061,T0162,1,0.447537213563919
D0061,T0163,1,0.4475371539592743
D0061,T0164,0,0.4475371539592743
D0061,T0165,0,0.4103973805904388
D0061,T0166,0,0.4018839001655578
D0061,T0167,0,0.3688963949680328
D0061,T0168,0,0.5114898681640625
D0061,T0169,0,0.344304472208023
D0061,T0170,0,0.369130790233612
D0061,T0171,0,0.3655612170696258
D0061,T0172,0,0.3848144114017486
D0061,T0173,0,0.383061796426773
D0061,T0174,0,0.3838899731636047
D0061,T0175,0,0.3711764812469482
D0061,T0176,0,0.356785237789154
D0061,T0177,0,0.3542862236499786
D0061,T0178,0,0.3557168543338775
D0061,T0179,0,0.3783239126205444
D0061,T0180,0,0.3845964968204498
D0061,T0181,0,0.3766640722751617
D0061,T0182,0,0.3710781633853912
D0061,T0183,0,0.3656350970268249
D0061,T0184,0,0.3849835693836212
D0061,T0185,0,0.3687381148338318
D0061,T0186,0,0.3541951477527618
D0061,T0187,0,0.382250428199768
D0061,T0188,0,0.3831767141819
D0061,T0189,0,0.3807401955127716
D0061,T0190,0,0.3779692053794861
D0061,T0191,0,0.3718533813953399
D0061,T0192,0,0.3691420257091522
D0061,T0193,0,0.39581960439682
D0061,T0194,0,0.3958196341991424
D0061,T0195,0,0.3965176343917846
D0061,T0196,0,0.4050608575344085
D0061,T0197,0,0.339562326669693
D0061,T0198,0,0.3479102253913879
D0061,T0199,0,0.3405454456806183
D0061,T0200,1,0.433346152305603
D0061,T0201,1,0.4333461821079254
D0061,T0202,0,0.4333460927009582
D0061,T0203,1,0.433346152305603
D0061,T0204,1,0.4333461821079254
D0061,T0205,1,0.4333460927009582
D0061,T0206,0,0.433346152305603
D0061,T0207,1,0.433346152305603
D0061,T0208,0,0.352188766002655
D0061,T0209,0,0.3483752012252807
D0061,T0210,0,0.3682160675525665
D0061,T0211,0,0.3606979548931122
D0061,T0212,0,0.3507832288742065
D0061,T0213,0,0.3583518266677856
D0061,T0214,0,0.5129057168960571
D0061,T0215,0,0.3457587659358978
D0061,T0216,0,0.3457587957382202
D0061,T0217,0,0.346696138381958
D0061,T0218,0,0.375399649143219
D0061,T0219,0,0.348928153514862
D0061,T0220,0,0.3713339269161224
D0061,T0221,0,0.3609198629856109
D0061,T0222,0,0.3561907708644867
D0061,T0223,0,0.4258356094360351
D0061,T0224,0,0.3806466460227966
D0061,T0225,0,0.3764454424381256
D0061,T0226,0,0.3977828919887543
D0061,T0227,0,0.399858295917511
D0061,T0228,0,0.4477063119411468
D0061,T0229,0,0.4048981964588165
D0061,T0230,0,0.341565728187561
D0061,T0231,0,0.3654632866382599
D0061,T0232,0,0.3607850968837738
D0061,T0233,0,0.363086074590683
D0061,T0234,0,0.3607125580310821
D0061,T0235,0,0.3582080900669098
D0061,T0236,0,0.3582292199134826
D0061,T0237,0,0.4220890402793884
D0061,T0238,0,0.4208470582962036
D0061,T0239,0,0.3973096013069153
D0061,T0240,0,0.3886062800884247
D0061,T0241,0,0.4434082210063934
D0061,T0242,0,0.4129972159862518
D0061,T0243,0,0.3874732255935669
D0061,T0244,0,0.3731999695301056
D0061,T0245,0,0.3708101511001587
D0061,T0246,0,0.3708101511001587
D0061,T0247,0,0.3708101511001587
D0061,T0248,0,0.4579156339168548
D0061,T0249,0,0.383291631937027
D0061,T0250,0,0.3732237815856933
D0061,T0251,0,0.3984477519989013
D0061,T0252,0,0.4244067370891571
D0061,T0253,0,0.3679110109806061
D0061,T0254,0,0.3538515865802765
D0061,T0255,0,0.3609768450260162
D0061,T0256,0,0.3428802490234375
D0061,T0257,0,0.3495655655860901
D0061,T0258,0,0.4019137024879455
D0061,T0259,0,0.3663229644298553
D0061,T0260,0,0.4102118611335754
D0061,T0261,0,0.3869613409042358
D0061,T0262,0,0.3959357738494873
D0061,T0263,0,0.3657746613025665
D0061,T0264,0,0.3869878053665161
D0061,T0265,0,0.3620334565639496
D0061,T0266,0,0.4066713452339172
D0061,T0267,0,0.4010626971721649
D0061,T0268,0,0.3456100523471832
D0061,T0269,0,0.348908007144928
D0061,T0270,0,0.3490248918533325
D0061,T0271,0,0.3452996611595154
D0061,T0272,0,0.3505242466926574
D0061,T0273,0,0.3431442081928253
D0061,T0274,0,0.3393455743789673
D0061,T0275,0,0.3388462662696838
D0061,T0276,0,0.3536901175975799
D0061,T0277,0,0.3517281413078308
D0061,T0278,0,0.3415013253688812
D0061,T0279,0,0.3399316072463989
D0061,T0280,0,0.3303720653057098
D0061,T0281,0,0.3513510227203369
D0061,T0282,0,0.3562856316566467
D0061,T0283,0,0.3493182957172394
D0061,T0284,0,0.3726565837860107
D0061,T0285,0,0.3610000312328338
D0061,T0286,0,0.3687891662120819
D0061,T0287,0,0.3660591244697571
D0061,T0288,0,0.4199686646461487
D0061,T0289,0,0.4258022010326385
D0061,T0290,0,0.4234949350357055
D0061,T0291,0,0.3938383162021637
D0061,T0292,0,0.3912177383899688
D0061,T0293,0,0.399078369140625
D0061,T0294,0,0.3805129826068878
D0061,T0295,0,0.3780595958232879
D0061,T0296,0,0.3778024613857269
D0061,T0297,1,0.4323640465736389
D0061,T0298,1,0.417419821023941
D0061,T0299,0,0.3445461094379425
D0061,T0300,0,0.3836272954940796
D0061,T0301,0,0.3543660640716553
D0061,T0302,0,0.3792311549186706
D0061,T0303,0,0.3828525841236114
D0061,T0304,0,0.3875530958175659
D0061,T0305,0,0.3815222084522247
D0061,T0306,0,0.3408043086528778
D0061,T0307,0,0.3458166420459747
D0061,T0308,0,0.3446682691574096
D0061,T0309,0,0.3446682691574096
D0061,T0310,0,0.3446682691574096
D0061,T0311,0,0.3446682691574096
D0061,T0312,0,0.3446682691574096
D0061,T0313,0,0.3446682691574096
D0061,T0314,0,0.3446682691574096
D0061,T0315,0,0.3446682691574096
D0061,T0316,0,0.3446682691574096
D0061,T0317,0,0.3446682691574096
D0061,T0318,0,0.3425963819026947
D0061,T0319,0,0.3409974277019501
D0061,T0320,0,0.3422430157661438
D0061,T0321,0,0.3392031490802765
D0061,T0322,0,0.3437217175960541
D0061,T0323,0,0.3457472324371338
D0061,T0324,0,0.3554643392562866
D0061,T0325,0,0.3640072345733642
D0061,T0326,0,0.3672989308834076
D0061,T0327,0,0.4170774519443512
D0061,T0328,0,0.4008898138999939
D0061,T0329,0,0.3644483685493469
D0061,T0330,0,0.3636935651302337
D0061,T0331,0,0.3295897543430328
D0061,T0332,0,0.3760585784912109
D0061,T0333,0,0.3673763275146484
D0061,T0334,0,0.3746757209300995
D0061,T0335,0,0.3357314169406891
D0061,T0336,0,0.3339991569519043
D0061,T0337,0,0.3491533696651459
D0061,T0338,0,0.439618319272995
D0061,T0339,0,0.3772307932376861
D0061,T0340,0,0.3835004568099975
D0061,T0341,0,0.3773892521858215
D0061,T0342,0,0.3583894968032837
D0061,T0343,0,0.3899531662464142
D0061,T0344,0,0.3518790900707245
D0061,T0345,0,0.3502554893493652
D0061,T0346,0,0.3508820831775665
D0061,T0347,0,0.3482034206390381
D0061,T0348,0,0.3551047444343567
D0061,T0349,0,0.3299204111099243
D0061,T0350,0,0.3701053857803345
D0061,T0351,0,0.3512717485427856
D0061,T0352,0,0.3848382234573364
D0061,T0353,0,0.3760553002357483
D0061,T0354,0,0.357793927192688
D0061,T0355,0,0.4285489022731781
D0061,T0356,0,0.4285489022731781
D0061,T0357,0,0.4285489022731781
D0061,T0358,0,0.4285489022731781
D0061,T0359,0,0.3500621318817138
D0061,T0360,0,0.3392031192779541
D0061,T0361,0,0.3411075472831726
D0061,T0362,0,0.3708651065826416
D0061,T0363,0,0.3849777281284332
D0061,T0364,0,0.3513361513614654
D0061,T0365,0,0.3796378970146179
D0061,T0366,0,0.3500809073448181
D0061,T0367,0,0.354986310005188
D0061,T0368,0,0.3723632991313934
D0061,T0369,0,0.3478967249393463
D0061,T0370,0,0.3478967249393463
D0061,T0371,0,0.3357071876525879
D0061,T0372,0,0.3357071876525879
D0061,T0373,0,0.3450182378292084
D0061,T0374,0,0.3450182378292084
D0061,T0375,0,0.3491064608097076
D0061,T0376,0,0.3462465405464172
D0061,T0377,0,0.3462464809417724
D0061,T0378,0,0.3410286605358124
D0061,T0379,0,0.3410286605358124
D0061,T0380,0,0.3411199152469635
D0061,T0381,0,0.3683173954486847
D0061,T0382,0,0.3537469506263733
D0061,T0383,0,0.3427245318889618
D0061,T0384,0,0.3793058395385742
D0061,T0385,0,0.3998233675956726
D0061,T0386,0,0.4956550002098083
D0061,T0387,0,0.3662948608398437
D0061,T0388,0,0.3712328374385834
D0061,T0389,0,0.3661077320575714
D0061,T0390,0,0.3840351104736328
D0061,T0391,0,0.3451802134513855
D0061,T0392,0,0.3491282165050506
D0061,T0393,0,0.3504712581634521
D0061,T0394,0,0.3819085657596588
D0061,T0395,0,0.3831075131893158
D0061,T0396,0,0.456232875585556
D0061,T0397,0,0.3412861227989197
D0061,T0398,0,0.3459918200969696
D0061,T0399,0,0.3614119291305542
D0061,T0400,0,0.3925215601921081
D0061,T0401,0,0.3768657445907593
D0061,T0402,0,0.3691916763782501
D0061,T0403,0,0.3712790310382843
D0061,T0404,0,0.3503361940383911
D0061,T0405,0,0.3640837669372558
D0061,T0406,0,0.3484711945056915
D0061,T0407,0,0.3484309315681457
D0061,T0408,0,0.3429815173149109
D0061,T0409,0,0.3805018663406372
D0061,T0410,0,0.388065367937088
D0061,T0411,0,0.3466088473796844
D0061,T0412,0,0.3485788702964782
D0061,T0413,0,0.4446727931499481
D0061,T0414,0,0.3819458484649658
D0061,T0415,0,0.3730909526348114
D0061,T0416,0,0.3630414605140686
D0061,T0417,0,0.3664686977863312
D0061,T0418,0,0.4014369547367096
D0061,T0419,0,0.3879321813583374
D0061,T0420,0,0.3595252335071563
D0061,T0421,0,0.3525654077529907
D0061,T0422,0,0.356212705373764
D0061,T0423,0,0.3709664642810821
D0061,T0424,0,0.3626641035079956
D0061,T0425,0,0.3626641035079956
D0061,T0426,0,0.3537763953208923
D0061,T0427,0,0.3800975680351257
D0061,T0428,0,0.3722751140594482
D0061,T0429,0,0.363324761390686
D0061,T0430,0,0.4229791164398193
D0061,T0431,0,0.3371744155883789
D0061,T0432,0,0.322767823934555
D0061,T0433,0,0.3236027956008911
D0061,T0434,0,0.350454568862915
D0061,T0435,0,0.3489151298999786
D0061,T0436,0,0.3435232937335968
D0061,T0437,0,0.3754767775535583
D0061,T0438,0,0.3848815858364105
D0061,T0439,0,0.4787315428256988
D0061,T0440,0,0.3822035491466522
D0061,T0441,0,0.3552432656288147
D0065,T0000,0,0.3315454721450805
D0065,T0001,1,0.3899554014205932
D0065,T0002,0,0.3899554014205932
D0065,T0003,0,0.3899554014205932
D0065,T0004,0,0.3899554014205932
D0065,T0005,0,0.3899554014205932
D0065,T0006,1,0.3899554014205932
D0065,T0007,1,0.3899554014205932
D0065,T0008,1,0.3899554014205932
D0065,T0009,1,0.3899553418159485
D0065,T0010,1,0.3899554014205932
D0065,T0011,0,0.3899554014205932
D0065,T0012,1,0.3899554014205932
D0065,T0013,1,0.3899554014205932
D0065,T0014,0,0.3899554014205932
D0065,T0015,1,0.3899553418159485
D0065,T0016,0,0.3899919986724853
D0065,T0017,0,0.337348997592926
D0065,T0018,0,0.3374227583408355
D0065,T0019,0,0.3385912477970123
D0065,T0020,0,0.34926837682724
D0065,T0021,0,0.3510508239269256
D0065,T0022,0,0.3336983621120453
D0065,T0023,0,0.3398017287254333
D0065,T0024,0,0.3405223190784454
D0065,T0025,0,0.3412939310073852
D0065,T0026,0,0.3436160981655121
D0065,T0027,0,0.3508254289627075
D0065,T0028,0,0.3629947006702423
D0065,T0029,0,0.3770036995410919
D0065,T0030,0,0.332641988992691
D0065,T0031,0,0.3694338202476501
D0065,T0032,0,0.3491421639919281
D0065,T0033,0,0.3564736843109131
D0065,T0034,0,0.3842329680919647
D0065,T0035,0,0.4108640551567077
D0065,T0036,0,0.4426946341991424
D0065,T0037,0,0.349546730518341
D0065,T0038,0,0.390247642993927
D0065,T0039,0,0.3659536242485046
D0065,T0040,0,0.341630756855011
D0065,T0041,0,0.3592250645160675
D0065,T0042,0,0.3598558306694031
D0065,T0043,0,0.3702436685562134
D0065,T0044,0,0.3525824546813965
D0065,T0045,0,0.3525824546813965
D0065,T0046,0,0.3620431423187256
D0065,T0047,0,0.3420555889606476
D0065,T0048,0,0.347745805978775
D0065,T0049,0,0.3869052827358246
D0065,T0050,0,0.3501955270767212
D0065,T0051,0,0.3485050797462463
D0065,T0052,0,0.3430659174919128
D0065,T0053,0,0.3605640232563019
D0065,T0054,0,0.3583184778690338
D0065,T0055,0,0.3556229770183563
D0065,T0056,0,0.3602975010871887
D0065,T0057,0,0.3596321940422058
D0065,T0058,0,0.342430055141449
D0065,T0059,0,0.3422909677028656
D0065,T0060,0,0.3694429993629455
D0065,T0061,0,0.3278231024742126
D0065,T0062,0,0.3280344903469085
D0065,T0063,0,0.3606021106243133
D0065,T0064,0,0.3326518833637237
D0065,T0065,0,0.3362669944763183
D0065,T0066,0,0.3317106068134308
D0065,T0067,0,0.3436855375766754
D0065,T0068,0,0.3436854779720306
D0065,T0069,0,0.3353346884250641
D0065,T0070,0,0.3454666137695312
D0065,T0071,0,0.3369046151638031
D0065,T0072,0,0.3390375971794128
D0065,T0073,0,0.3445072472095489
D0065,T0074,0,0.3425644934177398
D0065,T0075,0,0.3406852781772613
D0065,T0076,0,0.3508948087692261
D0065,T0077,0,0.3594527840614319
D0065,T0078,0,0.3493248224258423
D0065,T0079,0,0.3363199532032013
D0065,T0080,0,0.3251083791255951
D0065,T0081,0,0.3270958960056305
D0065,T0082,0,0.3323903083801269
D0065,T0083,0,0.3257821500301361
D0065,T0084,0,0.4104597270488739
D0065,T0085,0,0.3449907302856445
D0065,T0086,0,0.3328265249729156
D0065,T0087,0,0.3337019085884094
D0065,T0088,0,0.3323641717433929
D0065,T0089,0,0.3323914706707001
D0065,T0090,0,0.3377537131309509
D0065,T0091,0,0.3356453776359558
D0065,T0092,0,0.3349699378013611
D0065,T0093,0,0.3181333839893341
D0065,T0094,0,0.3172831535339355
D0065,T0095,0,0.3527006506919861
D0065,T0096,0,0.3581990003585815
D0065,T0097,0,0.3463950753211975
D0065,T0098,0,0.3617648184299469
D0065,T0099,0,0.3331675827503204
D0065,T0100,0,0.3381297290325165
D0065,T0101,0,0.3607755899429321
D0065,T0102,1,0.4571963250637054
D0065,T0103,0,0.4425876438617706
D0065,T0104,0,0.3311022222042084
D0065,T0105,0,0.3335344195365906
D0065,T0106,0,0.33341845870018
D0065,T0107,0,0.375581681728363
D0065,T0108,0,0.3742241561412811
D0065,T0109,0,0.3362815678119659
D0065,T0110,0,0.3364593684673309
D0065,T0111,0,0.3370745778083801
D0065,T0112,1,0.369493156671524
D0065,T0113,1,0.3694930970668793
D0065,T0114,1,0.3694930970668793
D0065,T0115,1,0.369493156671524
D0065,T0116,1,0.369493156671524
D0065,T0117,1,0.3694930970668793
D0065,T0118,1,0.3694930970668793
D0065,T0119,1,0.369493156671524
D0065,T0120,0,0.3694930970668793
D0065,T0121,1,0.369493156671524
D0065,T0122,1,0.3694930970668793
D0065,T0123,0,0.369493156671524
D0065,T0124,0,0.3231564462184906
D0065,T0125,0,0.3376864492893219
D0065,T0126,0,0.3352135419845581
D0065,T0127,0,0.3308376967906952
D0065,T0128,0,0.3353178203105926
D0065,T0129,0,0.3322123289108276
D0065,T0130,0,0.334037184715271
D0065,T0131,0,0.336205393075943
D0065,T0132,0,0.3385051190853119
D0065,T0133,0,0.3242233097553253
D0065,T0134,0,0.3366689085960388
D0065,T0135,0,0.3244915306568146
D0065,T0136,0,0.3307006359100342
D0065,T0137,0,0.3328436613082886
D0065,T0138,0,0.3586815297603607
D0065,T0139,0,0.3624466061592102
D0065,T0140,0,0.3626323044300079
D0065,T0141,0,0.3244491815567016
D0065,T0142,0,0.3263183236122131
D0065,T0143,0,0.3234565854072571
D0065,T0144,0,0.3236744403839111
D0065,T0145,0,0.3307134509086609
D0065,T0146,0,0.329181432723999
D0065,T0147,0,0.3417871594429016
D0065,T0148,0,0.3463925719261169
D0065,T0149,0,0.3374276459217071
D0065,T0150,0,0.3399006128311157
D0065,T0151,0,0.3402526974678039
D0065,T0152,0,0.3387536406517029
D0065,T0153,0,0.3445698618888855
D0065,T0154,0,0.3445698618888855
D0065,T0155,0,0.3412602245807647
D0065,T0156,0,0.36013063788414
D0065,T0157,0,0.4109693765640259
D0065,T0158,0,0.3936395347118377
D0065,T0159,0,0.3936395347118377
D0065,T0160,0,0.3936395347118377
D0065,T0161,0,0.3936395347118377
D0065,T0162,0,0.3936395347118377
D0065,T0163,0,0.3936395347118377
D0065,T0164,0,0.3936395347118377
D0065,T0165,0,0.3949670791625976
D0065,T0166,0,0.394957423210144
D0065,T0167,0,0.3714249730110168
D0065,T0168,0,0.5586186647415161
D0065,T0169,0,0.3386375606060028
D0065,T0170,0,0.3563580214977264
D0065,T0171,0,0.3484171330928802
D0065,T0172,0,0.3592378795146942
D0065,T0173,0,0.3460968434810638
D0065,T0174,0,0.3482937514781952
D0065,T0175,0,0.3659906983375549
D0065,T0176,0,0.3535378575325012
D0065,T0177,0,0.350958913564682
D0065,T0178,0,0.3520123064517975
D0065,T0179,0,0.3542485237121582
D0065,T0180,0,0.3775778114795685
D0065,T0181,0,0.3566462397575378
D0065,T0182,0,0.3427142202854156
D0065,T0183,0,0.3475257456302643
D0065,T0184,0,0.3792376816272735
D0065,T0185,0,0.3529324531555176
D0065,T0186,0,0.3387333154678345
D0065,T0187,0,0.3627367615699768
D0065,T0188,0,0.3667379021644592
D0065,T0189,0,0.3636979162693023
D0065,T0190,0,0.3589069843292236
D0065,T0191,0,0.3551382422447204
D0065,T0192,0,0.3590926826000213
D0065,T0193,0,0.3780534267425537
D0065,T0194,0,0.3780534267425537
D0065,T0195,0,0.3767854571342468
D0065,T0196,0,0.3858131766319275
D0065,T0197,0,0.3283375203609466
D0065,T0198,0,0.3389196395874023
D0065,T0199,0,0.3295730948448181
D0065,T0200,0,0.4153684973716736
D0065,T0201,0,0.4153684973716736
D0065,T0202,0,0.4153684973716736
D0065,T0203,0,0.4153684973716736
D0065,T0204,0,0.4153684973716736
D0065,T0205,0,0.4153684973716736
D0065,T0206,0,0.4153684973716736
D0065,T0207,0,0.4153684973716736
D0065,T0208,0,0.3335072696208954
D0065,T0209,0,0.3286299705505371
D0065,T0210,1,0.3703229129314422
D0065,T0211,0,0.3661733567714691
D0065,T0212,0,0.3556020855903625
D0065,T0213,0,0.3434531688690185
D0065,T0214,0,0.4780988097190857
D0065,T0215,0,0.3340013921260834
D0065,T0216,0,0.3340014219284057
D0065,T0217,0,0.3421881794929504
D0065,T0218,0,0.3683380782604217
D0065,T0219,0,0.3463598191738128
D0065,T0220,0,0.3416336476802826
D0065,T0221,0,0.3450988829135895
D0065,T0222,0,0.3440985083580017
D0065,T0223,0,0.4028545022010803
D0065,T0224,0,0.3599423766136169
D0065,T0225,0,0.3610721826553345
D0065,T0226,0,0.390065848827362
D0065,T0227,0,0.3894961476325989
D0065,T0228,0,0.4289306998252868
D0065,T0229,0,0.3945156335830688
D0065,T0230,0,0.3305211365222931
D0065,T0231,0,0.3578534722328186
D0065,T0232,0,0.3444313406944275
D0065,T0233,0,0.3445738554000854
D0065,T0234,0,0.3441608548164367
D0065,T0235,0,0.3419115245342254
D0065,T0236,0,0.3422265350818634
D0065,T0237,0,0.4047187268733978
D0065,T0238,0,0.4024558663368225
D0065,T0239,0,0.3835362792015075
D0065,T0240,0,0.3657116293907165
D0065,T0241,0,0.4220269620418548
D0065,T0242,0,0.3810994327068329
D0065,T0243,0,0.3650831580162048
D0065,T0244,0,0.3503697216510772
D0065,T0245,0,0.3585017621517181
D0065,T0246,0,0.3585017621517181
D0065,T0247,0,0.3585017621517181
D0065,T0248,0,0.4357006847858429
D0065,T0249,0,0.3737636208534241
D0065,T0250,0,0.3555153310298919
D0065,T0251,0,0.3700220584869385
D0065,T0252,0,0.3880011439323425
D0065,T0253,0,0.3621139824390411
D0065,T0254,0,0.3498825132846832
D0065,T0255,0,0.3520928025245666
D0065,T0256,0,0.3327935338020324
D0065,T0257,0,0.336877703666687
D0065,T0258,0,0.3662303686141968
D0065,T0259,0,0.3549816310405731
D0065,T0260,0,0.3718841075897217
D0065,T0261,0,0.3617034554481506
D0065,T0262,0,0.3693518936634063
D0065,T0263,0,0.35214963555336
D0065,T0264,0,0.3639100193977356
D0065,T0265,0,0.3478538990020752
D0065,T0266,0,0.3744533061981201
D0065,T0267,0,0.3664670288562774
D0065,T0268,0,0.3323613107204437
D0065,T0269,0,0.3351706862449646
D0065,T0270,0,0.3335546851158142
D0065,T0271,0,0.3328696489334106
D0065,T0272,0,0.3484342694282532
D0065,T0273,0,0.3392975032329559
D0065,T0274,0,0.3399268686771393
D0065,T0275,0,0.3371039628982544
D0065,T0276,0,0.3616022169589996
D0065,T0277,0,0.3568900525569916
D0065,T0278,0,0.3357594311237335
D0065,T0279,0,0.3354976177215576
D0065,T0280,0,0.3220713436603546
D0065,T0281,0,0.3401242792606354
D0065,T0282,0,0.3354777693748474
D0065,T0283,0,0.3445881605148315
D0065,T0284,0,0.3562516570091247
D0065,T0285,0,0.3438024520874023
D0065,T0286,0,0.3496639132499695
D0065,T0287,0,0.3516217470169067
D0065,T0288,0,0.3930389285087585
D0065,T0289,0,0.3958829045295715
D0065,T0290,0,0.4030412137508392
D0065,T0291,0,0.3754633367061615
D0065,T0292,0,0.3707335293292999
D0065,T0293,0,0.375964343547821
D0065,T0294,0,0.3491137027740478
D0065,T0295,0,0.3433078527450561
D0065,T0296,0,0.3414992988109588
D0065,T0297,0,0.4118489921092987
D0065,T0298,0,0.4012408256530761
D0065,T0299,0,0.3342454135417938
D0065,T0300,0,0.3580071926116943
D0065,T0301,0,0.3330756723880768
D0065,T0302,0,0.3475907444953918
D0065,T0303,0,0.3471136391162872
D0065,T0304,0,0.3725763857364654
D0065,T0305,0,0.3634734451770782
D0065,T0306,0,0.3332823514938354
D0065,T0307,0,0.3428954482078552
D0065,T0308,0,0.3389640748500824
D0065,T0309,0,0.3389640748500824
D0065,T0310,0,0.3389640748500824
D0065,T0311,0,0.3389640748500824
D0065,T0312,0,0.3389640748500824
D0065,T0313,0,0.3389640748500824
D0065,T0314,0,0.3389640748500824
D0065,T0315,0,0.3389640748500824
D0065,T0316,0,0.3389640748500824
D0065,T0317,0,0.3389640748500824
D0065,T0318,0,0.3390845358371734
D0065,T0319,0,0.3364748060703277
D0065,T0320,0,0.3391909301280975
D0065,T0321,0,0.3309319615364074
D0065,T0322,0,0.3300288915634155
D0065,T0323,0,0.3331354558467865
D0065,T0324,0,0.3382573425769806
D0065,T0325,0,0.3520039021968841
D0065,T0326,0,0.3514197170734405
D0065,T0327,0,0.4089354276657104
D0065,T0328,0,0.3902826905250549
D0065,T0329,0,0.3518637716770172
D0065,T0330,0,0.3506599962711334
D0065,T0331,0,0.3217761218547821
D0065,T0332,0,0.3609764575958252
D0065,T0333,0,0.3560004234313965
D0065,T0334,0,0.3671645224094391
D0065,T0335,0,0.3308065831661224
D0065,T0336,0,0.3236740231513977
D0065,T0337,0,0.3318946659564972
D0065,T0338,0,0.4103036820888519
D0065,T0339,0,0.3588128387928009
D0065,T0340,0,0.3641247451305389
D0065,T0341,0,0.3587481081485748
D0065,T0342,0,0.3426429033279419
D0065,T0343,0,0.3714118003845215
D0065,T0344,0,0.3347022235393524
D0065,T0345,0,0.3331498801708221
D0065,T0346,0,0.3339094519615173
D0065,T0347,0,0.3354677855968475
D0065,T0348,0,0.3491624891757965
D0065,T0349,0,0.3209189176559448
D0065,T0350,0,0.3623904883861542
D0065,T0351,0,0.3368794322013855
D0065,T0352,0,0.4045847952365875
D0065,T0353,0,0.3552134931087494
D0065,T0354,0,0.3500205874443054
D0065,T0355,0,0.3996612429618835
D0065,T0356,1,0.3996612429618835
D0065,T0357,0,0.3996612429618835
D0065,T0358,0,0.3996612429618835
D0065,T0359,0,0.3365693092346191
D0065,T0360,0,0.3308362960815429
D0065,T0361,0,0.3287889063358307
D0065,T0362,0,0.3579486906528473
D0065,T0363,1,0.3745545744895935
D0065,T0364,0,0.3479830622673034
D0065,T0365,0,0.3611524999141693
D0065,T0366,0,0.3374315500259399
D0065,T0367,0,0.3430299460887909
D0065,T0368,0,0.3577216863632202
D0065,T0369,0,0.3308429419994354
D0065,T0370,0,0.3308429419994354
D0065,T0371,0,0.324927270412445
D0065,T0372,0,0.324927270412445
D0065,T0373,0,0.3286119103431701
D0065,T0374,0,0.3286118805408478
D0065,T0375,0,0.3318997025489807
D0065,T0376,0,0.3293453752994537
D0065,T0377,0,0.3293453454971313
D0065,T0378,0,0.3240573406219482
D0065,T0379,0,0.3240573704242706
D0065,T0380,0,0.3308985829353332
D0065,T0381,0,0.3488302826881408
D0065,T0382,0,0.3425448834896087
D0065,T0383,0,0.3354425728321075
D0065,T0384,0,0.356021910905838
D0065,T0385,0,0.3725704848766327
D0065,T0386,0,0.4672426879405975
D0065,T0387,0,0.3459661900997162
D0065,T0388,0,0.3518163859844208
D0065,T0389,0,0.3655939102172851
D0065,T0390,0,0.3662290573120117
D0065,T0391,0,0.3346432447433471
D0065,T0392,0,0.3430304527282715
D0065,T0393,0,0.3436659574508667
D0065,T0394,0,0.3584459125995636
D0065,T0395,0,0.3610238134860992
D0065,T0396,0,0.4348445534706116
D0065,T0397,0,0.3330018222332001
D0065,T0398,0,0.3369024395942688
D0065,T0399,0,0.3503376245498657
D0065,T0400,0,0.3748731911182403
D0065,T0401,0,0.3566731214523315
D0065,T0402,0,0.3552672266960144
D0065,T0403,0,0.354020357131958
D0065,T0404,0,0.338925302028656
D0065,T0405,0,0.3549117147922516
D0065,T0406,0,0.3492170870304107
D0065,T0407,0,0.3369168937206268
D0065,T0408,0,0.3348343074321747
D0065,T0409,0,0.3715385496616363
D0065,T0410,0,0.3728131055831909
D0065,T0411,0,0.3364611566066742
D0065,T0412,0,0.3385777175426483
D0065,T0413,0,0.4222280085086822
D0065,T0414,0,0.366816908121109
D0065,T0415,0,0.3559828698635101
D0065,T0416,0,0.3463033735752105
D0065,T0417,0,0.3456334471702575
D0065,T0418,0,0.3729121387004852
D0065,T0419,0,0.3589972853660583
D0065,T0420,0,0.3486846089363098
D0065,T0421,0,0.3397555947303772
D0065,T0422,0,0.3369775116443634
D0065,T0423,0,0.3600975573062897
D0065,T0424,0,0.353051483631134
D0065,T0425,0,0.353051483631134
D0065,T0426,0,0.3435898721218109
D0065,T0427,0,0.3585798740386963
D0065,T0428,0,0.3521414399147033
D0065,T0429,0,0.3529978990554809
D0065,T0430,0,0.4084729850292206
D0065,T0431,0,0.3289108276367187
D0065,T0432,0,0.3137895762920379
D0065,T0433,0,0.3157352209091186
D0065,T0434,0,0.3379403352737427
D0065,T0435,0,0.3377100825309753
D0065,T0436,0,0.3300324082374573
D0065,T0437,0,0.3665466606616974
D0065,T0438,0,0.3604878783226013
D0065,T0439,0,0.4250668585300445
D0065,T0440,0,0.3607972860336303
D0065,T0441,0,0.3476015925407409
