{
  "model_info": {
    "epoch": 19,
    "best_metric": 0.6327288434593856,
    "esm2_dim": 640,
    "params": 2442083
  },
  "global_stats": {
    "residue_attention_mean": 0.004351376555860043,
    "residue_attention_std": 0.04624345526099205,
    "residue_attention_median": 0.000272190198302269,
    "residue_attention_top1pct": 0.05719282995909382,
    "residue_attention_top5pct": 0.003616639366373424,
    "n_samples": 1506,
    "attention_sparsity": 0.992318922989442
  },
  "case_studies": [
    {
      "drug_name": "5328940",
      "target_name": "ABL1(E255K)",
      "drug_id": "D0010",
      "target_id": "T0001",
      "affinity_nM": 0.047,
      "prediction_prob": 0.988015353679657,
      "n_hotspots": 2,
      "top_10_residues": [
        [
          "V104",
          1.0
        ],
        [
          "A648",
          0.5025863647460938
        ],
        [
          "S199",
          0.41692954301834106
        ],
        [
          "P649",
          0.2809910178184509
        ],
        [
          "P936",
          0.2371557503938675
        ],
        [
          "N707",
          0.19219711422920227
        ],
        [
          "P651",
          0.1799374669790268
        ],
        [
          "L799",
          0.1664445549249649
        ],
        [
          "K796",
          0.1407129466533661
        ],
        [
          "P934",
          0.07895620912313461
        ]
      ],
      "functional_groups": {
        "Aromatic Ring": 0.3109830319881439,
        "Amino": 0.6155399084091187,
        "Halogen": 0.649691104888916,
        "Ether": 0.3451891541481018,
        "Heterocycle N": 0.1674310564994812
      }
    },
    {
      "drug_name": "3062316",
      "target_name": "ABL1(F317I)",
      "drug_id": "D0017",
      "target_id": "T0002",
      "affinity_nM": 0.1,
      "prediction_prob": 0.9907914400100708,
      "n_hotspots": 1,
      "top_10_residues": [
        [
          "V104",
          1.0
        ],
        [
          "A648",
          0.4408968389034271
        ],
        [
          "S199",
          0.431899756193161
        ],
        [
          "P649",
          0.272819459438324
        ],
        [
          "P936",
          0.21758989989757538
        ],
        [
          "N707",
          0.1882324367761612
        ],
        [
          "L799",
          0.15290923416614532
        ],
        [
          "P651",
          0.14969675242900848
        ],
        [
          "K796",
          0.13164293766021729
        ],
        [
          "P934",
          0.08160427212715149
        ]
      ],
      "functional_groups": {
        "Aromatic Ring": 0.2643487751483917,
        "Hydroxyl": 0.6395331025123596,
        "Amino": 0.8008821606636047,
        "Amide": 0.8592739105224609,
        "Halogen": 0.7159419059753418,
        "Heterocycle N": 0.24906468391418457,
        "Carbonyl": 0.7986676692962646
      }
    },
    {
      "drug_name": "3062316",
      "target_name": "ABL1(F317I)p",
      "drug_id": "D0017",
      "target_id": "T0003",
      "affinity_nM": 0.041,
      "prediction_prob": 0.9907914400100708,
      "n_hotspots": 1,
      "top_10_residues": [
        [
          "V104",
          1.0
        ],
        [
          "A648",
          0.4408968389034271
        ],
        [
          "S199",
          0.431899756193161
        ],
        [
          "P649",
          0.27281948924064636
        ],
        [
          "P936",
          0.217589870095253
        ],
        [
          "N707",
          0.1882324516773224
        ],
        [
          "L799",
          0.15290924906730652
        ],
        [
          "P651",
          0.14969675242900848
        ],
        [
          "K796",
          0.13164293766021729
        ],
        [
          "P934",
          0.08160427957773209
        ]
      ],
      "functional_groups": {
        "Aromatic Ring": 0.2643488347530365,
        "Hydroxyl": 0.6395331621170044,
        "Amino": 0.8008820414543152,
        "Amide": 0.8592739105224609,
        "Halogen": 0.7159419059753418,
        "Heterocycle N": 0.24906468391418457,
        "Carbonyl": 0.7986676692962646
      }
    },
    {
      "drug_name": "156414",
      "target_name": "EGFR",
      "drug_id": "D0014",
      "target_id": "T0112",
      "affinity_nM": 0.19,
      "prediction_prob": 0.995402455329895,
      "n_hotspots": 4,
      "top_10_residues": [
        [
          "S525",
          1.0
        ],
        [
          "S246",
          0.9849389791488647
        ],
        [
          "V250",
          0.7280950546264648
        ],
        [
          "Q218",
          0.6668700575828552
        ],
        [
          "G288",
          0.4953320622444153
        ],
        [
          "Q408",
          0.2837621867656708
        ],
        [
          "A439",
          0.2591591775417328
        ],
        [
          "I106",
          0.25760865211486816
        ],
        [
          "A419",
          0.22197671234607697
        ],
        [
          "G242",
          0.204107403755188
        ]
      ],
      "functional_groups": {
        "Aromatic Ring": 0.0,
        "Amino": 0.08955194801092148,
        "Amide": 0.38922443985939026,
        "Halogen": 0.13448819518089294,
        "Ether": 0.13556817173957825,
        "Heterocycle N": 0.0,
        "Carbonyl": 0.43106570839881897
      }
    },
    {
      "drug_name": "10184653",
      "target_name": "EGFR(E746A750del)",
      "drug_id": "D0004",
      "target_id": "T0113",
      "affinity_nM": 0.11,
      "prediction_prob": 0.020466379821300507,
      "n_hotspots": 3,
      "top_10_residues": [
        [
          "S525",
          1.0
        ],
        [
          "S246",
          0.9305045008659363
        ],
        [
          "V250",
          0.6387038826942444
        ],
        [
          "G288",
          0.44752317667007446
        ],
        [
          "Q218",
          0.3744635581970215
        ],
        [
          "Q408",
          0.24684257805347443
        ],
        [
          "A439",
          0.2239307016134262
        ],
        [
          "A419",
          0.20999976992607117
        ],
        [
          "V60",
          0.18570154905319214
        ],
        [
          "I106",
          0.18345363438129425
        ]
      ],
      "functional_groups": {
        "Aromatic Ring": 0.009693148545920849,
        "Amino": 0.12679524719715118,
        "Amide": 0.5453693270683289,
        "Halogen": 0.0,
        "Ether": 0.0,
        "Heterocycle N": 0.0,
        "Carbonyl": 0.5
      }
    },
    {
      "drug_name": "10184653",
      "target_name": "EGFR(G719C)",
      "drug_id": "D0004",
      "target_id": "T0114",
      "affinity_nM": 0.1,
      "prediction_prob": 0.020466379821300507,
      "n_hotspots": 3,
      "top_10_residues": [
        [
          "S525",
          1.0
        ],
        [
          "S246",
          0.9305046200752258
        ],
        [
          "V250",
          0.6387039422988892
        ],
        [
          "G288",
          0.4475232660770416
        ],
        [
          "Q218",
          0.37446358799934387
        ],
        [
          "Q408",
          0.24684259295463562
        ],
        [
          "A439",
          0.22393076121807098
        ],
        [
          "A419",
          0.20999978482723236
        ],
        [
          "V60",
          0.18570157885551453
        ],
        [
          "I106",
          0.18345364928245544
        ]
      ],
      "functional_groups": {
        "Aromatic Ring": 0.009693159721791744,
        "Amino": 0.12679523229599,
        "Amide": 0.5453693270683289,
        "Halogen": 0.0,
        "Ether": 0.0,
        "Heterocycle N": 0.0,
        "Carbonyl": 0.5
      }
    },
    {
      "drug_name": "11717001",
      "target_name": "BRAF",
      "drug_id": "D0023",
      "target_id": "T0044",
      "affinity_nM": 0.19,
      "prediction_prob": 0.09866680204868317,
      "n_hotspots": 1,